/*
 Navicat Premium Data Transfer

 Source Server         : 腾讯云轻量服务器
 Source Server Type    : MySQL
 Source Server Version : 80026 (8.0.26)
 Source Host           : 81.70.194.45:3306
 Source Schema         : smartmiao

 Target Server Type    : MySQL
 Target Server Version : 80026 (8.0.26)
 File Encoding         : 65001

 Date: 14/12/2022 21:02:35
*/

SET NAMES utf8mb4;
SET FOREIGN_KEY_CHECKS = 0;

-- ----------------------------
-- Table structure for account_book
-- ----------------------------
DROP TABLE IF EXISTS `account_book`;
CREATE TABLE `account_book` (
  `id` char(36) CHARACTER SET utf8mb4 COLLATE utf8mb4_bin NOT NULL,
  `name` varchar(255) DEFAULT NULL COMMENT '名称',
  `balance` decimal(19,2) DEFAULT '0.00' COMMENT '余额',
  `remark` text COMMENT '备注',
  `created_at` datetime NOT NULL,
  `updated_at` datetime NOT NULL,
  `deleted_at` datetime DEFAULT NULL,
  `is_default` tinyint(1) DEFAULT '0' COMMENT '是否是默认',
  `user_id` char(36) CHARACTER SET utf8mb4 COLLATE utf8mb4_bin DEFAULT NULL COMMENT '用户Id',
  PRIMARY KEY (`id`)
) ENGINE=InnoDB DEFAULT CHARSET=utf8mb4 COLLATE=utf8mb4_0900_ai_ci COMMENT='账本表';

-- ----------------------------
-- Records of account_book
-- ----------------------------
BEGIN;
INSERT INTO `account_book` (`id`, `name`, `balance`, `remark`, `created_at`, `updated_at`, `deleted_at`, `is_default`, `user_id`) VALUES ('120bd3b3-6aa5-4912-898f-8638f96a3b57', '我的账本', 6657.00, '', '2022-11-11 11:38:54', '2022-12-01 13:41:59', NULL, 1, '1');
INSERT INTO `account_book` (`id`, `name`, `balance`, `remark`, `created_at`, `updated_at`, `deleted_at`, `is_default`, `user_id`) VALUES ('24e83124-c851-49f5-9c98-350bd38d6355', '老婆的账本', 8281.00, '', '2022-03-21 21:05:30', '2022-09-26 16:29:33', NULL, 0, '');
INSERT INTO `account_book` (`id`, `name`, `balance`, `remark`, `created_at`, `updated_at`, `deleted_at`, `is_default`, `user_id`) VALUES ('43e6e3fd-cbaa-410b-9621-14eae4132a07', '8888', 62878.00, '', '2022-05-17 16:26:36', '2022-06-22 08:12:49', '2022-06-22 08:12:49', 0, '');
INSERT INTO `account_book` (`id`, `name`, `balance`, `remark`, `created_at`, `updated_at`, `deleted_at`, `is_default`, `user_id`) VALUES ('555548a1-8767-4637-b9ac-d333d1d399ce', 'asdf', 0.00, '', '2022-08-19 15:44:39', '2022-08-19 15:44:39', NULL, 1, '');
INSERT INTO `account_book` (`id`, `name`, `balance`, `remark`, `created_at`, `updated_at`, `deleted_at`, `is_default`, `user_id`) VALUES ('556ae0c6-ea02-4886-939d-6f3dd47f0d64', 'aaaa', 123163.00, '', '2022-06-22 08:12:56', '2022-07-11 10:37:13', '2022-07-11 10:37:13', 1, '');
INSERT INTO `account_book` (`id`, `name`, `balance`, `remark`, `created_at`, `updated_at`, `deleted_at`, `is_default`, `user_id`) VALUES ('5d15ebe2-202e-495c-95ab-31ac5359e016', '赵云的账本', 100.00, '', '2022-05-11 14:01:41', '2022-08-12 16:39:45', NULL, 0, '');
INSERT INTO `account_book` (`id`, `name`, `balance`, `remark`, `created_at`, `updated_at`, `deleted_at`, `is_default`, `user_id`) VALUES ('769a2d0e-5289-4310-a1d4-a9b38bb18fcd', '麦琪的账本', 0.00, '', '2022-03-21 21:05:37', '2022-08-09 22:19:01', NULL, 0, '');
INSERT INTO `account_book` (`id`, `name`, `balance`, `remark`, `created_at`, `updated_at`, `deleted_at`, `is_default`, `user_id`) VALUES ('77e0c925-5b00-4d05-a309-bb88e4f7f32c', '张三的账本', 1000.00, '', '2022-03-24 10:15:12', '2022-06-04 20:49:17', NULL, 0, '');
INSERT INTO `account_book` (`id`, `name`, `balance`, `remark`, `created_at`, `updated_at`, `deleted_at`, `is_default`, `user_id`) VALUES ('7aeb230b-5af6-438d-8678-c7350ece5265', '我的账本', 15978.98, 'asdsads', '2022-03-21 21:05:22', '2022-08-12 16:39:44', NULL, 0, '');
INSERT INTO `account_book` (`id`, `name`, `balance`, `remark`, `created_at`, `updated_at`, `deleted_at`, `is_default`, `user_id`) VALUES ('8cb3d4e9-542f-4f5b-85a3-efae65718fc4', '1', 0.00, '1', '2022-07-11 13:02:42', '2022-07-11 13:02:51', '2022-07-11 13:02:51', 1, '');
INSERT INTO `account_book` (`id`, `name`, `balance`, `remark`, `created_at`, `updated_at`, `deleted_at`, `is_default`, `user_id`) VALUES ('a08074cf-4c68-43c6-9d44-c212ed139e8c', '我的账本', 0.00, '', '2022-11-11 11:30:36', '2022-11-11 11:32:49', '2022-11-11 11:32:49', 0, '1');
INSERT INTO `account_book` (`id`, `name`, `balance`, `remark`, `created_at`, `updated_at`, `deleted_at`, `is_default`, `user_id`) VALUES ('a568e8ca-927f-4402-a085-80ff797768f0', 'aa', 909.00, '手动发送到发', '2022-08-10 20:57:41', '2022-08-10 21:25:13', '2022-08-10 21:25:13', 0, '');
INSERT INTO `account_book` (`id`, `name`, `balance`, `remark`, `created_at`, `updated_at`, `deleted_at`, `is_default`, `user_id`) VALUES ('afa99108-60a1-4735-939f-9367d14205ca', '09088', 0.00, '', '2022-08-10 20:58:39', '2022-08-10 21:26:32', '2022-08-10 21:26:32', 0, '');
INSERT INTO `account_book` (`id`, `name`, `balance`, `remark`, `created_at`, `updated_at`, `deleted_at`, `is_default`, `user_id`) VALUES ('bb47f57c-5a8e-4a8a-9bcd-5a142910bd46', '000', 0.00, '', '2022-05-17 16:26:27', '2022-06-04 20:49:17', '2022-06-04 20:49:17', 0, '');
INSERT INTO `account_book` (`id`, `name`, `balance`, `remark`, `created_at`, `updated_at`, `deleted_at`, `is_default`, `user_id`) VALUES ('bb60f21d-2eaa-4fc4-b975-2ab714c41950', '我的账本', 999.00, '', '2022-10-11 09:56:21', '2022-11-11 11:38:36', '2022-11-11 11:38:36', 1, '1');
INSERT INTO `account_book` (`id`, `name`, `balance`, `remark`, `created_at`, `updated_at`, `deleted_at`, `is_default`, `user_id`) VALUES ('cc64d5fb-b0b8-49c3-b752-60df5d3b44ad', '33', 0.00, '', '2022-08-10 20:59:41', '2022-08-10 21:26:39', '2022-08-10 21:26:39', 0, '');
INSERT INTO `account_book` (`id`, `name`, `balance`, `remark`, `created_at`, `updated_at`, `deleted_at`, `is_default`, `user_id`) VALUES ('cea50cbb-1ae5-4c33-8c1b-5660d8f2c635', '1的账本', 1.00, '', '2022-05-15 11:09:51', '2022-06-04 20:49:17', '2022-06-04 20:49:17', 0, '');
INSERT INTO `account_book` (`id`, `name`, `balance`, `remark`, `created_at`, `updated_at`, `deleted_at`, `is_default`, `user_id`) VALUES ('dea19716-2e45-4acf-afa5-0c2c37fc5a1a', '11', 0.00, '', '2022-04-28 15:43:21', '2022-04-28 15:43:24', '2022-04-28 15:43:24', 0, '');
COMMIT;

-- ----------------------------
-- Table structure for account_in_out
-- ----------------------------
DROP TABLE IF EXISTS `account_in_out`;
CREATE TABLE `account_in_out` (
  `id` char(36) CHARACTER SET utf8mb4 COLLATE utf8mb4_bin NOT NULL,
  `account_book_id` char(36) CHARACTER SET utf8mb4 COLLATE utf8mb4_bin DEFAULT NULL COMMENT '账本Id',
  `account_in_out_category_id` char(36) CHARACTER SET utf8mb4 COLLATE utf8mb4_bin DEFAULT NULL COMMENT '收支分类Id',
  `type` enum('in','out') DEFAULT 'out' COMMENT '收/支：out:支 in：收',
  `amount` decimal(19,2) DEFAULT NULL COMMENT '金额',
  `remark` text COMMENT '备注',
  `created_at` datetime NOT NULL,
  `updated_at` datetime NOT NULL,
  `deleted_at` datetime DEFAULT NULL,
  `in_out_date` datetime DEFAULT NULL COMMENT '收支日期',
  PRIMARY KEY (`id`)
) ENGINE=InnoDB DEFAULT CHARSET=utf8mb4 COLLATE=utf8mb4_0900_ai_ci COMMENT='收支明细表';

-- ----------------------------
-- Records of account_in_out
-- ----------------------------
BEGIN;
INSERT INTO `account_in_out` (`id`, `account_book_id`, `account_in_out_category_id`, `type`, `amount`, `remark`, `created_at`, `updated_at`, `deleted_at`, `in_out_date`) VALUES ('0bd07813-3bed-491f-8b17-6736301f19ea', 'bb60f21d-2eaa-4fc4-b975-2ab714c41950', '1', 'in', 988.00, 'lkjlkj', '2022-10-11 10:25:22', '2022-11-11 11:38:22', '2022-11-11 11:38:22', '2022-10-11 10:20:59');
INSERT INTO `account_in_out` (`id`, `account_book_id`, `account_in_out_category_id`, `type`, `amount`, `remark`, `created_at`, `updated_at`, `deleted_at`, `in_out_date`) VALUES ('17ac7f32-dffa-4719-8d17-4c44d72aa6b1', '24e83124-c851-49f5-9c98-350bd38d6355', '1', 'out', 0.00, '', '2022-09-26 16:29:33', '2022-09-26 16:29:33', NULL, '2022-09-26 16:29:31');
INSERT INTO `account_in_out` (`id`, `account_book_id`, `account_in_out_category_id`, `type`, `amount`, `remark`, `created_at`, `updated_at`, `deleted_at`, `in_out_date`) VALUES ('1b87a778-3b53-4432-a0b4-6ad31739933e', 'bb60f21d-2eaa-4fc4-b975-2ab714c41950', '10', 'out', 65.00, '', '2022-10-11 10:27:32', '2022-11-11 11:38:22', '2022-11-11 11:38:22', '2022-10-11 10:27:22');
INSERT INTO `account_in_out` (`id`, `account_book_id`, `account_in_out_category_id`, `type`, `amount`, `remark`, `created_at`, `updated_at`, `deleted_at`, `in_out_date`) VALUES ('2a750e49-dc51-405f-a44b-b7feb82802ee', '120bd3b3-6aa5-4912-898f-8638f96a3b57', '11', 'out', 2100.00, '汽车保险', '2022-11-11 11:42:19', '2022-11-11 11:42:19', NULL, '2022-10-11 11:41:57');
INSERT INTO `account_in_out` (`id`, `account_book_id`, `account_in_out_category_id`, `type`, `amount`, `remark`, `created_at`, `updated_at`, `deleted_at`, `in_out_date`) VALUES ('2c04cc61-9e26-48b6-9415-b8f29a38f782', '120bd3b3-6aa5-4912-898f-8638f96a3b57', '10', 'out', 12.00, '打车回家', '2022-11-11 11:40:56', '2022-11-11 11:40:56', NULL, '2022-11-11 11:40:39');
INSERT INTO `account_in_out` (`id`, `account_book_id`, `account_in_out_category_id`, `type`, `amount`, `remark`, `created_at`, `updated_at`, `deleted_at`, `in_out_date`) VALUES ('2ff945c9-c342-4295-a49e-87eaaf0fbf38', '7aeb230b-5af6-438d-8678-c7350ece5265', '22', 'out', 1458.00, '老婆社保', '2022-08-09 21:27:05', '2022-08-09 21:28:07', NULL, '2022-07-09 21:26:22');
INSERT INTO `account_in_out` (`id`, `account_book_id`, `account_in_out_category_id`, `type`, `amount`, `remark`, `created_at`, `updated_at`, `deleted_at`, `in_out_date`) VALUES ('3938f02d-7076-434e-b203-f1b6f480ad87', '120bd3b3-6aa5-4912-898f-8638f96a3b57', '12', 'out', 8.00, '', '2022-12-01 13:41:59', '2022-12-01 13:41:59', NULL, '2022-12-01 13:41:43');
INSERT INTO `account_in_out` (`id`, `account_book_id`, `account_in_out_category_id`, `type`, `amount`, `remark`, `created_at`, `updated_at`, `deleted_at`, `in_out_date`) VALUES ('4f3b7fea-228c-4f68-80c8-d4f2c033a454', '7aeb230b-5af6-438d-8678-c7350ece5265', '25', 'in', 7000.00, '发工资', '2022-08-09 21:08:30', '2022-08-09 21:08:30', NULL, '2022-08-09 21:08:05');
INSERT INTO `account_in_out` (`id`, `account_book_id`, `account_in_out_category_id`, `type`, `amount`, `remark`, `created_at`, `updated_at`, `deleted_at`, `in_out_date`) VALUES ('628fe55d-b169-4aaf-b553-5e2730574da7', '7aeb230b-5af6-438d-8678-c7350ece5265', '1', 'out', 34.00, '3', '2022-08-09 21:07:38', '2022-08-09 21:07:38', NULL, '2022-08-09 21:07:25');
INSERT INTO `account_in_out` (`id`, `account_book_id`, `account_in_out_category_id`, `type`, `amount`, `remark`, `created_at`, `updated_at`, `deleted_at`, `in_out_date`) VALUES ('656d4fce-6c0f-4949-8ca2-7290de7fdc01', '7aeb230b-5af6-438d-8678-c7350ece5265', '1', 'out', 12.00, '早饭', '2022-08-09 21:08:05', '2022-08-09 21:08:05', NULL, '2022-06-09 21:07:51');
INSERT INTO `account_in_out` (`id`, `account_book_id`, `account_in_out_category_id`, `type`, `amount`, `remark`, `created_at`, `updated_at`, `deleted_at`, `in_out_date`) VALUES ('656d4fce-6c0f-4949-8ca2-7290de7fdc02', '7aeb230b-5af6-438d-8678-c7350ece5265', '1', 'out', 12.00, '早饭', '2022-08-09 21:08:05', '2022-08-09 21:08:05', NULL, '2022-06-09 21:07:51');
INSERT INTO `account_in_out` (`id`, `account_book_id`, `account_in_out_category_id`, `type`, `amount`, `remark`, `created_at`, `updated_at`, `deleted_at`, `in_out_date`) VALUES ('656d4fce-6c0f-4949-8ca2-7290de7fdc03', '7aeb230b-5af6-438d-8678-c7350ece5265', '1', 'out', 12.00, '早饭', '2022-08-09 21:08:05', '2022-08-09 21:08:05', NULL, '2022-06-09 21:07:51');
INSERT INTO `account_in_out` (`id`, `account_book_id`, `account_in_out_category_id`, `type`, `amount`, `remark`, `created_at`, `updated_at`, `deleted_at`, `in_out_date`) VALUES ('656d4fce-6c0f-4949-8ca2-7290de7fdc04', '7aeb230b-5af6-438d-8678-c7350ece5265', '1', 'out', 12.00, '早饭', '2022-08-09 21:08:05', '2022-08-09 21:08:05', NULL, '2022-06-09 21:07:51');
INSERT INTO `account_in_out` (`id`, `account_book_id`, `account_in_out_category_id`, `type`, `amount`, `remark`, `created_at`, `updated_at`, `deleted_at`, `in_out_date`) VALUES ('656d4fce-6c0f-4949-8ca2-7290de7fdc05', '7aeb230b-5af6-438d-8678-c7350ece5265', '1', 'out', 12.00, '早饭', '2022-08-09 21:08:05', '2022-08-09 21:08:05', NULL, '2022-06-09 21:07:51');
INSERT INTO `account_in_out` (`id`, `account_book_id`, `account_in_out_category_id`, `type`, `amount`, `remark`, `created_at`, `updated_at`, `deleted_at`, `in_out_date`) VALUES ('656d4fce-6c0f-4949-8ca2-7290de7fdc06', '7aeb230b-5af6-438d-8678-c7350ece5265', '1', 'out', 12.00, '早饭', '2022-08-09 21:08:05', '2022-08-09 21:08:05', NULL, '2022-06-09 21:07:51');
INSERT INTO `account_in_out` (`id`, `account_book_id`, `account_in_out_category_id`, `type`, `amount`, `remark`, `created_at`, `updated_at`, `deleted_at`, `in_out_date`) VALUES ('656d4fce-6c0f-4949-8ca2-7290de7fdc07', '7aeb230b-5af6-438d-8678-c7350ece5265', '1', 'out', 12.00, '早饭', '2022-08-09 21:08:05', '2022-08-09 21:08:05', NULL, '2022-06-09 21:07:51');
INSERT INTO `account_in_out` (`id`, `account_book_id`, `account_in_out_category_id`, `type`, `amount`, `remark`, `created_at`, `updated_at`, `deleted_at`, `in_out_date`) VALUES ('656d4fce-6c0f-4949-8ca2-7290de7fdc08', '7aeb230b-5af6-438d-8678-c7350ece5265', '1', 'out', 12.00, '早饭', '2022-08-09 21:08:05', '2022-08-09 21:08:05', NULL, '2022-06-09 21:07:51');
INSERT INTO `account_in_out` (`id`, `account_book_id`, `account_in_out_category_id`, `type`, `amount`, `remark`, `created_at`, `updated_at`, `deleted_at`, `in_out_date`) VALUES ('656d4fce-6c0f-4949-8ca2-7290de7fdc09', '7aeb230b-5af6-438d-8678-c7350ece5265', '1', 'out', 12.00, '早饭', '2022-08-09 21:08:05', '2022-08-09 21:08:05', NULL, '2022-06-09 21:07:51');
INSERT INTO `account_in_out` (`id`, `account_book_id`, `account_in_out_category_id`, `type`, `amount`, `remark`, `created_at`, `updated_at`, `deleted_at`, `in_out_date`) VALUES ('656d4fce-6c0f-4949-8ca2-7290de7fdc0d', '7aeb230b-5af6-438d-8678-c7350ece5265', '1', 'out', 12.00, '早饭', '2022-08-09 21:08:05', '2022-08-09 21:08:05', NULL, '2022-08-09 21:07:51');
INSERT INTO `account_in_out` (`id`, `account_book_id`, `account_in_out_category_id`, `type`, `amount`, `remark`, `created_at`, `updated_at`, `deleted_at`, `in_out_date`) VALUES ('656d4fce-6c0f-4949-8ca2-7290de7fdc10', '7aeb230b-5af6-438d-8678-c7350ece5265', '1', 'out', 12.00, '早饭', '2022-08-09 21:08:05', '2022-08-09 21:08:05', NULL, '2022-06-09 21:07:51');
INSERT INTO `account_in_out` (`id`, `account_book_id`, `account_in_out_category_id`, `type`, `amount`, `remark`, `created_at`, `updated_at`, `deleted_at`, `in_out_date`) VALUES ('656d4fce-6c0f-4949-8ca2-7290de7fdc11', '7aeb230b-5af6-438d-8678-c7350ece5265', '1', 'out', 12.00, '早饭', '2022-08-09 21:08:05', '2022-08-09 21:08:05', NULL, '2022-06-09 21:07:51');
INSERT INTO `account_in_out` (`id`, `account_book_id`, `account_in_out_category_id`, `type`, `amount`, `remark`, `created_at`, `updated_at`, `deleted_at`, `in_out_date`) VALUES ('656d4fce-6c0f-4949-8ca2-7290de7fdc12', '7aeb230b-5af6-438d-8678-c7350ece5265', '1', 'out', 12.00, '早饭', '2022-08-09 21:08:05', '2022-08-09 21:08:05', NULL, '2022-06-09 21:07:51');
INSERT INTO `account_in_out` (`id`, `account_book_id`, `account_in_out_category_id`, `type`, `amount`, `remark`, `created_at`, `updated_at`, `deleted_at`, `in_out_date`) VALUES ('656d4fce-6c0f-4949-8ca2-7290de7fdc13', '7aeb230b-5af6-438d-8678-c7350ece5265', '1', 'out', 12.00, '早饭', '2022-08-09 21:08:05', '2022-08-09 21:08:05', NULL, '2022-06-09 21:07:51');
INSERT INTO `account_in_out` (`id`, `account_book_id`, `account_in_out_category_id`, `type`, `amount`, `remark`, `created_at`, `updated_at`, `deleted_at`, `in_out_date`) VALUES ('656d4fce-6c0f-4949-8ca2-7290de7fdc14', '7aeb230b-5af6-438d-8678-c7350ece5265', '1', 'out', 12.00, '早饭', '2022-08-09 21:08:05', '2022-08-09 21:08:05', NULL, '2022-06-09 21:07:51');
INSERT INTO `account_in_out` (`id`, `account_book_id`, `account_in_out_category_id`, `type`, `amount`, `remark`, `created_at`, `updated_at`, `deleted_at`, `in_out_date`) VALUES ('656d4fce-6c0f-4949-8ca2-7290de7fdc15', '7aeb230b-5af6-438d-8678-c7350ece5265', '1', 'out', 12.00, '早饭', '2022-08-09 21:08:05', '2022-08-09 21:08:05', NULL, '2022-06-09 21:07:51');
INSERT INTO `account_in_out` (`id`, `account_book_id`, `account_in_out_category_id`, `type`, `amount`, `remark`, `created_at`, `updated_at`, `deleted_at`, `in_out_date`) VALUES ('656d4fce-6c0f-4949-8ca2-7290de7fdc16', '7aeb230b-5af6-438d-8678-c7350ece5265', '1', 'out', 12.00, '早饭', '2022-08-09 21:08:05', '2022-08-09 21:08:05', NULL, '2022-06-09 21:07:51');
INSERT INTO `account_in_out` (`id`, `account_book_id`, `account_in_out_category_id`, `type`, `amount`, `remark`, `created_at`, `updated_at`, `deleted_at`, `in_out_date`) VALUES ('656d4fce-6c0f-4949-8ca2-7290de7fdc17', '7aeb230b-5af6-438d-8678-c7350ece5265', '1', 'out', 12.00, '早饭', '2022-08-09 21:08:05', '2022-08-09 21:08:05', NULL, '2022-06-09 21:07:51');
INSERT INTO `account_in_out` (`id`, `account_book_id`, `account_in_out_category_id`, `type`, `amount`, `remark`, `created_at`, `updated_at`, `deleted_at`, `in_out_date`) VALUES ('656d4fce-6c0f-4949-8ca2-7290de7fdc18', '7aeb230b-5af6-438d-8678-c7350ece5265', '1', 'out', 12.00, '早饭', '2022-08-09 21:08:05', '2022-08-09 21:08:05', NULL, '2022-06-09 21:07:51');
INSERT INTO `account_in_out` (`id`, `account_book_id`, `account_in_out_category_id`, `type`, `amount`, `remark`, `created_at`, `updated_at`, `deleted_at`, `in_out_date`) VALUES ('656d4fce-6c0f-4949-8ca2-7290de7fdc19', '7aeb230b-5af6-438d-8678-c7350ece5265', '1', 'out', 12.00, '早饭', '2022-08-09 21:08:05', '2022-08-09 21:08:05', NULL, '2022-06-09 21:07:51');
INSERT INTO `account_in_out` (`id`, `account_book_id`, `account_in_out_category_id`, `type`, `amount`, `remark`, `created_at`, `updated_at`, `deleted_at`, `in_out_date`) VALUES ('656d4fce-6c0f-4949-8ca2-7290de7fdc20', '7aeb230b-5af6-438d-8678-c7350ece5265', '1', 'out', 12.00, '早饭', '2022-08-09 21:08:05', '2022-08-09 21:08:05', NULL, '2022-06-09 21:07:51');
INSERT INTO `account_in_out` (`id`, `account_book_id`, `account_in_out_category_id`, `type`, `amount`, `remark`, `created_at`, `updated_at`, `deleted_at`, `in_out_date`) VALUES ('656d4fce-6c0f-4949-8ca2-7290de7fdc21', '7aeb230b-5af6-438d-8678-c7350ece5265', '1', 'out', 12.00, '早饭', '2022-08-09 21:08:05', '2022-08-09 21:08:05', NULL, '2022-06-09 21:07:51');
INSERT INTO `account_in_out` (`id`, `account_book_id`, `account_in_out_category_id`, `type`, `amount`, `remark`, `created_at`, `updated_at`, `deleted_at`, `in_out_date`) VALUES ('656d4fce-6c0f-4949-8ca2-7290de7fdc22', '7aeb230b-5af6-438d-8678-c7350ece5265', '1', 'out', 12.00, '早饭', '2022-08-09 21:08:05', '2022-08-09 21:08:05', NULL, '2022-06-09 21:07:51');
INSERT INTO `account_in_out` (`id`, `account_book_id`, `account_in_out_category_id`, `type`, `amount`, `remark`, `created_at`, `updated_at`, `deleted_at`, `in_out_date`) VALUES ('656d4fce-6c0f-4949-8ca2-7290de7fdc23', '7aeb230b-5af6-438d-8678-c7350ece5265', '1', 'out', 12.00, '早饭', '2022-08-09 21:08:05', '2022-08-09 21:08:05', NULL, '2022-06-09 21:07:51');
INSERT INTO `account_in_out` (`id`, `account_book_id`, `account_in_out_category_id`, `type`, `amount`, `remark`, `created_at`, `updated_at`, `deleted_at`, `in_out_date`) VALUES ('656d4fce-6c0f-4949-8ca2-7290de7fdc24', '7aeb230b-5af6-438d-8678-c7350ece5265', '1', 'out', 12.00, '早饭', '2022-08-09 21:08:05', '2022-08-09 21:08:05', NULL, '2022-06-09 21:07:51');
INSERT INTO `account_in_out` (`id`, `account_book_id`, `account_in_out_category_id`, `type`, `amount`, `remark`, `created_at`, `updated_at`, `deleted_at`, `in_out_date`) VALUES ('656d4fce-6c0f-4949-8ca2-7290de7fdc25', '7aeb230b-5af6-438d-8678-c7350ece5265', '1', 'out', 12.00, '早饭', '2022-08-09 21:08:05', '2022-08-09 21:08:05', NULL, '2022-06-09 21:07:51');
INSERT INTO `account_in_out` (`id`, `account_book_id`, `account_in_out_category_id`, `type`, `amount`, `remark`, `created_at`, `updated_at`, `deleted_at`, `in_out_date`) VALUES ('656d4fce-6c0f-4949-8ca2-7290de7fdc26', '7aeb230b-5af6-438d-8678-c7350ece5265', '1', 'out', 12.00, '早饭', '2022-08-09 21:08:05', '2022-08-09 21:08:05', NULL, '2022-06-09 21:07:51');
INSERT INTO `account_in_out` (`id`, `account_book_id`, `account_in_out_category_id`, `type`, `amount`, `remark`, `created_at`, `updated_at`, `deleted_at`, `in_out_date`) VALUES ('65f37058-a362-4736-af14-5880e2e9c682', '7aeb230b-5af6-438d-8678-c7350ece5265', '10', 'out', 56.00, '肉肉肉', '2022-08-09 21:07:51', '2022-08-09 21:07:51', NULL, '2022-08-09 21:07:39');
INSERT INTO `account_in_out` (`id`, `account_book_id`, `account_in_out_category_id`, `type`, `amount`, `remark`, `created_at`, `updated_at`, `deleted_at`, `in_out_date`) VALUES ('7654b631-3ae8-47b5-8c0a-3ff7668ca79f', '7aeb230b-5af6-438d-8678-c7350ece5265', '12', 'out', 1950.00, '房贷', '2022-08-09 21:26:05', '2022-08-09 21:26:05', NULL, '2022-07-20 21:25:23');
INSERT INTO `account_in_out` (`id`, `account_book_id`, `account_in_out_category_id`, `type`, `amount`, `remark`, `created_at`, `updated_at`, `deleted_at`, `in_out_date`) VALUES ('8ebd7df6-2379-4824-b147-ce0ef17a5600', '7aeb230b-5af6-438d-8678-c7350ece5265', '22', 'out', 1750.00, '阳光汽车保险', '2022-08-09 21:08:53', '2022-08-09 21:08:53', NULL, '2022-08-09 21:08:31');
INSERT INTO `account_in_out` (`id`, `account_book_id`, `account_in_out_category_id`, `type`, `amount`, `remark`, `created_at`, `updated_at`, `deleted_at`, `in_out_date`) VALUES ('a1693a0d-621b-48cc-919d-93572d05b9d5', '24e83124-c851-49f5-9c98-350bd38d6355', '1', 'out', 20.00, '', '2022-08-10 13:07:34', '2022-08-10 13:07:34', NULL, NULL);
INSERT INTO `account_in_out` (`id`, `account_book_id`, `account_in_out_category_id`, `type`, `amount`, `remark`, `created_at`, `updated_at`, `deleted_at`, `in_out_date`) VALUES ('a420c465-694f-4c4b-a1af-536b063d9040', '7aeb230b-5af6-438d-8678-c7350ece5265', '10', 'out', 35.00, '摩托加油', '2022-08-09 21:56:28', '2022-08-09 21:56:28', NULL, '2022-08-09 21:56:02');
INSERT INTO `account_in_out` (`id`, `account_book_id`, `account_in_out_category_id`, `type`, `amount`, `remark`, `created_at`, `updated_at`, `deleted_at`, `in_out_date`) VALUES ('b4d01c0a-bb13-40f1-aaff-3371a7a944a7', '120bd3b3-6aa5-4912-898f-8638f96a3b57', '1', 'out', 22.00, '晚饭', '2022-11-11 11:40:39', '2022-11-11 11:40:39', NULL, '2022-11-11 11:40:21');
INSERT INTO `account_in_out` (`id`, `account_book_id`, `account_in_out_category_id`, `type`, `amount`, `remark`, `created_at`, `updated_at`, `deleted_at`, `in_out_date`) VALUES ('b9252660-3ce9-436d-8ddd-9af666b45bac', '120bd3b3-6aa5-4912-898f-8638f96a3b57', '1', 'out', 20.00, '午饭', '2022-11-11 11:40:20', '2022-11-11 11:40:20', NULL, '2022-11-11 11:40:10');
INSERT INTO `account_in_out` (`id`, `account_book_id`, `account_in_out_category_id`, `type`, `amount`, `remark`, `created_at`, `updated_at`, `deleted_at`, `in_out_date`) VALUES ('c56b4f82-77b3-41d6-96f5-522a37a81b49', '7aeb230b-5af6-438d-8678-c7350ece5265', '1', 'out', 19.00, '中百买菜', '2022-08-09 21:57:07', '2022-08-09 21:57:07', NULL, '2022-08-09 21:56:28');
INSERT INTO `account_in_out` (`id`, `account_book_id`, `account_in_out_category_id`, `type`, `amount`, `remark`, `created_at`, `updated_at`, `deleted_at`, `in_out_date`) VALUES ('c5c2e5b8-109f-4a3f-8f16-710f26ee8b67', '120bd3b3-6aa5-4912-898f-8638f96a3b57', '25', 'in', 8000.00, '工资', '2022-11-11 11:39:24', '2022-11-11 11:41:11', NULL, '2022-11-11 11:38:57');
INSERT INTO `account_in_out` (`id`, `account_book_id`, `account_in_out_category_id`, `type`, `amount`, `remark`, `created_at`, `updated_at`, `deleted_at`, `in_out_date`) VALUES ('c872fa7f-c69a-436d-8df3-5a04f6c79036', '120bd3b3-6aa5-4912-898f-8638f96a3b57', '12', 'out', 180.00, '物业费', '2022-11-11 11:42:40', '2022-11-11 11:42:40', NULL, '2022-10-11 11:42:19');
INSERT INTO `account_in_out` (`id`, `account_book_id`, `account_in_out_category_id`, `type`, `amount`, `remark`, `created_at`, `updated_at`, `deleted_at`, `in_out_date`) VALUES ('cd6965db-155f-4857-ac0d-a92af56064ac', '7aeb230b-5af6-438d-8678-c7350ece5265', '3', 'out', 5.21, '京东长筷子', '2022-08-09 21:57:37', '2022-08-09 22:18:06', NULL, '2022-08-09 21:57:08');
INSERT INTO `account_in_out` (`id`, `account_book_id`, `account_in_out_category_id`, `type`, `amount`, `remark`, `created_at`, `updated_at`, `deleted_at`, `in_out_date`) VALUES ('ec3484a8-84c3-4393-8cf2-8084467165b5', '7aeb230b-5af6-438d-8678-c7350ece5265', '25', 'in', 6700.00, '工资', '2022-08-09 21:27:26', '2022-08-09 21:27:49', NULL, '2022-07-13 21:27:06');
COMMIT;

-- ----------------------------
-- Table structure for account_in_out_category
-- ----------------------------
DROP TABLE IF EXISTS `account_in_out_category`;
CREATE TABLE `account_in_out_category` (
  `id` char(36) CHARACTER SET utf8mb4 COLLATE utf8mb4_bin NOT NULL,
  `name` varchar(255) DEFAULT NULL COMMENT '名称',
  `created_at` datetime NOT NULL,
  `updated_at` datetime NOT NULL,
  `deleted_at` datetime DEFAULT NULL,
  `icon` varchar(255) DEFAULT NULL COMMENT '对应图标',
  PRIMARY KEY (`id`)
) ENGINE=InnoDB DEFAULT CHARSET=utf8mb4 COLLATE=utf8mb4_0900_ai_ci COMMENT='收支分类表';

-- ----------------------------
-- Records of account_in_out_category
-- ----------------------------
BEGIN;
INSERT INTO `account_in_out_category` (`id`, `name`, `created_at`, `updated_at`, `deleted_at`, `icon`) VALUES ('1', '餐饮美食', '2022-01-17 22:52:38', '2022-01-17 22:52:38', NULL, 'food');
INSERT INTO `account_in_out_category` (`id`, `name`, `created_at`, `updated_at`, `deleted_at`, `icon`) VALUES ('10', '交通出行', '2022-01-17 22:52:38', '2022-01-17 22:52:38', NULL, 'bus');
INSERT INTO `account_in_out_category` (`id`, `name`, `created_at`, `updated_at`, `deleted_at`, `icon`) VALUES ('11', '爱车养车', '2022-01-17 22:52:38', '2022-01-17 22:52:38', NULL, 'car');
INSERT INTO `account_in_out_category` (`id`, `name`, `created_at`, `updated_at`, `deleted_at`, `icon`) VALUES ('12', '住房物业', '2022-01-17 22:52:38', '2022-01-17 22:52:38', NULL, 'home');
INSERT INTO `account_in_out_category` (`id`, `name`, `created_at`, `updated_at`, `deleted_at`, `icon`) VALUES ('13', '酒店旅游', '2022-01-17 22:52:38', '2022-01-17 22:52:38', NULL, 'suitcase');
INSERT INTO `account_in_out_category` (`id`, `name`, `created_at`, `updated_at`, `deleted_at`, `icon`) VALUES ('14', '文化休闲', '2022-01-17 22:52:38', '2022-01-17 22:52:38', NULL, 'movie');
INSERT INTO `account_in_out_category` (`id`, `name`, `created_at`, `updated_at`, `deleted_at`, `icon`) VALUES ('15', '教育培训', '2022-01-17 22:52:38', '2022-01-17 22:52:38', NULL, 'read');
INSERT INTO `account_in_out_category` (`id`, `name`, `created_at`, `updated_at`, `deleted_at`, `icon`) VALUES ('16', '医疗健康', '2022-01-17 22:52:38', '2022-01-17 22:52:38', NULL, 'medicine-box');
INSERT INTO `account_in_out_category` (`id`, `name`, `created_at`, `updated_at`, `deleted_at`, `icon`) VALUES ('17', '生活服务', '2022-01-17 22:52:38', '2022-01-17 22:52:38', NULL, 'life');
INSERT INTO `account_in_out_category` (`id`, `name`, `created_at`, `updated_at`, `deleted_at`, `icon`) VALUES ('18', '公共服务', '2022-01-17 22:52:38', '2022-01-17 22:52:38', NULL, 'heartinhand');
INSERT INTO `account_in_out_category` (`id`, `name`, `created_at`, `updated_at`, `deleted_at`, `icon`) VALUES ('19', '商业服务', '2022-01-17 22:52:38', '2022-01-17 22:52:38', NULL, 'business');
INSERT INTO `account_in_out_category` (`id`, `name`, `created_at`, `updated_at`, `deleted_at`, `icon`) VALUES ('2', '服饰装扮', '2022-01-17 22:52:38', '2022-01-17 22:52:38', NULL, 'skin');
INSERT INTO `account_in_out_category` (`id`, `name`, `created_at`, `updated_at`, `deleted_at`, `icon`) VALUES ('20', '公益捐赠', '2022-01-17 22:52:38', '2022-01-17 22:52:38', NULL, 'love');
INSERT INTO `account_in_out_category` (`id`, `name`, `created_at`, `updated_at`, `deleted_at`, `icon`) VALUES ('21', '投资理财', '2022-01-17 22:52:38', '2022-01-17 22:52:38', NULL, 'YUAN');
INSERT INTO `account_in_out_category` (`id`, `name`, `created_at`, `updated_at`, `deleted_at`, `icon`) VALUES ('22', '保险', '2022-01-17 22:52:38', '2022-01-17 22:52:38', NULL, 'insurance');
INSERT INTO `account_in_out_category` (`id`, `name`, `created_at`, `updated_at`, `deleted_at`, `icon`) VALUES ('23', '信用借还', '2022-01-17 22:52:38', '2022-01-17 22:52:38', NULL, 'credit-card');
INSERT INTO `account_in_out_category` (`id`, `name`, `created_at`, `updated_at`, `deleted_at`, `icon`) VALUES ('24', '充值缴费', '2022-01-17 22:52:38', '2022-01-17 22:52:38', NULL, 'recharge');
INSERT INTO `account_in_out_category` (`id`, `name`, `created_at`, `updated_at`, `deleted_at`, `icon`) VALUES ('25', '收入', '2022-01-17 22:52:38', '2022-01-17 22:52:38', NULL, 'money-collect');
INSERT INTO `account_in_out_category` (`id`, `name`, `created_at`, `updated_at`, `deleted_at`, `icon`) VALUES ('26', '转账红包', '2022-01-17 22:52:38', '2022-01-17 22:52:38', NULL, 'red-envelope');
INSERT INTO `account_in_out_category` (`id`, `name`, `created_at`, `updated_at`, `deleted_at`, `icon`) VALUES ('27', '退款', '2022-01-17 22:52:38', '2022-01-17 22:52:38', NULL, 'refund');
INSERT INTO `account_in_out_category` (`id`, `name`, `created_at`, `updated_at`, `deleted_at`, `icon`) VALUES ('28', '其他', '2022-01-17 22:52:38', '2022-01-17 22:52:38', NULL, 'appstore');
INSERT INTO `account_in_out_category` (`id`, `name`, `created_at`, `updated_at`, `deleted_at`, `icon`) VALUES ('3', '日用百货', '2022-01-17 22:52:38', '2022-06-14 20:00:52', NULL, 'accountaccess');
INSERT INTO `account_in_out_category` (`id`, `name`, `created_at`, `updated_at`, `deleted_at`, `icon`) VALUES ('4', '家居家装', '2022-01-17 22:52:38', '2022-01-17 22:52:38', NULL, 'sofa');
INSERT INTO `account_in_out_category` (`id`, `name`, `created_at`, `updated_at`, `deleted_at`, `icon`) VALUES ('5', '数码电器', '2022-01-17 22:52:38', '2022-01-17 22:52:38', NULL, 'camera');
INSERT INTO `account_in_out_category` (`id`, `name`, `created_at`, `updated_at`, `deleted_at`, `icon`) VALUES ('6', '运动户外', '2022-01-17 22:52:38', '2022-01-17 22:52:38', NULL, 'sports');
INSERT INTO `account_in_out_category` (`id`, `name`, `created_at`, `updated_at`, `deleted_at`, `icon`) VALUES ('7', '美容美发', '2022-01-17 22:52:38', '2022-01-17 22:52:38', NULL, 'lipstick');
INSERT INTO `account_in_out_category` (`id`, `name`, `created_at`, `updated_at`, `deleted_at`, `icon`) VALUES ('8', '母婴亲子', '2022-01-17 22:52:38', '2022-01-17 22:52:38', NULL, 'babybottle');
INSERT INTO `account_in_out_category` (`id`, `name`, `created_at`, `updated_at`, `deleted_at`, `icon`) VALUES ('9', '宠物', '2022-01-17 22:52:38', '2022-01-17 22:52:38', NULL, 'dog');
COMMIT;

-- ----------------------------
-- Table structure for bag
-- ----------------------------
DROP TABLE IF EXISTS `bag`;
CREATE TABLE `bag` (
  `id` char(36) CHARACTER SET utf8mb4 COLLATE utf8mb4_bin NOT NULL,
  `type` varchar(255) DEFAULT NULL COMMENT '类型',
  `content` json DEFAULT NULL COMMENT '内容',
  `created_at` datetime NOT NULL,
  `updated_at` datetime NOT NULL,
  `deleted_at` datetime DEFAULT NULL,
  `user_id` char(36) CHARACTER SET utf8mb4 COLLATE utf8mb4_bin DEFAULT NULL COMMENT '用户Id',
  PRIMARY KEY (`id`)
) ENGINE=InnoDB DEFAULT CHARSET=utf8mb4 COLLATE=utf8mb4_0900_ai_ci COMMENT='卡证照表';

-- ----------------------------
-- Records of bag
-- ----------------------------
BEGIN;
INSERT INTO `bag` (`id`, `type`, `content`, `created_at`, `updated_at`, `deleted_at`, `user_id`) VALUES ('07e45266-6a3a-4e84-9284-9b0717a96b3e', 'vehicleLicense', '{\"VIN\": \"123424\", \"vin\": \"123\", \"name\": \"张国栋\", \"model\": \"丰田威驰FS\", \"plateNo\": \"鲁G809CP\", \"engineNo\": \"123123\", \"issueDate\": \"2022-01-18\", \"testRecord\": \"到期2025年\", \"vehicleType\": \"小型客车\", \"registerDate\": \"2022-01-12\", \"vehicleLicensePhoto1\": \"/public/upload/others/2022/01/03/1641178898859339.jpg\", \"vehicleLicensePhoto2\": \"/public/upload/others/2022/01/03/1641178901082183.jpg\"}', '2022-01-03 11:01:42', '2022-01-03 11:04:58', NULL, NULL);
INSERT INTO `bag` (`id`, `type`, `content`, `created_at`, `updated_at`, `deleted_at`, `user_id`) VALUES ('2b6365db-edb3-4a26-8521-f75a3905fa18', 'identityCard', '{\"dob\": \"2022-10-04\", \"sex\": \"1\", \"name\": \"iu\", \"address\": \"lkl\", \"nationality\": \"汉族\", \"validPeriod\": [\"2022-11-01\", \"2022-11-04\"], \"identityNumber\": \"370784199206224510\", \"identityCardBack\": \"/public/upload/others/2022/10/11/166545693497975.jpg\", \"issuingAuthority\": \"lkjl\", \"identityCardFront\": \"/public/upload/others/2022/10/11/1665456913653446.jpg\"}', '2022-10-11 10:55:35', '2022-10-11 10:55:35', NULL, '1');
INSERT INTO `bag` (`id`, `type`, `content`, `created_at`, `updated_at`, `deleted_at`, `user_id`) VALUES ('2ceef458-d2a9-44e7-be75-35e324241c52', 'marriageRegistration', '{\"name\": \"张国栋\", \"issuingAuthority\": \"安丘\", \"registrationDate\": \"2022-01-18\", \"marriageRegistrationPhoto1\": \"/public/upload/others/2022/01/04/1641281197759118.jpg\"}', '2022-01-04 15:26:39', '2022-01-04 15:26:39', NULL, NULL);
INSERT INTO `bag` (`id`, `type`, `content`, `created_at`, `updated_at`, `deleted_at`, `user_id`) VALUES ('53de6814-becf-4c0a-98ba-08f32eabfa7a', 'drivingLicense', '{\"sex\": \"1\", \"name\": \"张国栋\", \"class\": \"D\", \"address\": \"12121212\", \"dateOfBirth\": \"2021-12-15\", \"nationality\": \"中国\", \"validPeriod\": [\"2022-01-02\", \"2022-01-05\"], \"identityNumber\": \"370784199206224510\", \"issuingAuthority\": \"131313\", \"drivingLicensePhoto1\": \"/public/upload/others/2021/12/23/1640234557461327.jpg\", \"drivingLicensePhoto2\": \"/public/upload/others/2021/12/23/1640234560230941.jpg\"}', '2021-12-23 12:42:42', '2021-12-23 12:51:56', '2021-12-23 12:51:56', NULL);
INSERT INTO `bag` (`id`, `type`, `content`, `created_at`, `updated_at`, `deleted_at`, `user_id`) VALUES ('66f3a90e-3a88-4eac-b634-918d2e233ae5', 'businessLicense', '{\"name\": \"营业执照1\", \"businessTerm\": [\"2022-01-20\", \"2029-06-08\"], \"businessLicensePhoto1\": \"/public/upload/others/2022/01/10/164178452121862.jpg\", \"unifiedSocialCreditCode\": \"23444444444444444444444\"}', '2022-01-10 11:16:00', '2022-01-10 11:16:00', NULL, NULL);
INSERT INTO `bag` (`id`, `type`, `content`, `created_at`, `updated_at`, `deleted_at`, `user_id`) VALUES ('77cb0a13-18b4-44b1-8c80-a1d3d999da6c', 'drivingLicense', '{\"sex\": \"1\", \"name\": \"12\", \"class\": \"12\", \"address\": \"1212\", \"dateOfBirth\": \"2021-12-15\", \"nationality\": \"中国\", \"validPeriod\": [\"2022-01-18\", \"2022-01-21\"], \"identityNumber\": \"12\", \"issuingAuthority\": \"12\", \"drivingLicensePhoto1\": \"/public/upload/others/2021/12/23/1640235105315460.jpg\", \"drivingLicensePhoto2\": \"/public/upload/others/2021/12/23/1640235108409630.jpg\"}', '2021-12-23 12:51:50', '2021-12-23 12:52:01', '2021-12-23 12:52:01', NULL);
INSERT INTO `bag` (`id`, `type`, `content`, `created_at`, `updated_at`, `deleted_at`, `user_id`) VALUES ('97a8235e-9a69-478f-aa61-30e7ad33fa3a', 'ownershipCertificate', '{\"name\": \"恒大名都35号楼1\", \"registrationDate\": \"2022-01-12\", \"ownershipCertificatePhoto1\": \"/public/upload/others/2022/01/04/1641286880764540.jpg\"}', '2022-01-04 17:01:22', '2022-01-04 17:01:59', NULL, NULL);
INSERT INTO `bag` (`id`, `type`, `content`, `created_at`, `updated_at`, `deleted_at`, `user_id`) VALUES ('ae66385f-f9c5-4967-a3db-c8277319e19d', 'birthCertificate', '{\"name\": \"1\", \"birthTime\": \"2022-02-02 00:00:00\", \"birthCertificatePhoto1\": \"/public/upload/others/2022/02/22/164549049673572.jpg\"}', '2022-02-22 08:41:38', '2022-02-22 08:41:38', NULL, NULL);
INSERT INTO `bag` (`id`, `type`, `content`, `created_at`, `updated_at`, `deleted_at`, `user_id`) VALUES ('b3f07b5d-ef88-4119-ba1d-e4e34cf91f31', 'identityCard', '{\"dob\": \"2021-12-08\", \"sex\": \"1\", \"name\": \"111\", \"address\": \"12312121313131\", \"validity\": [\"2021-12-09\", \"2022-01-05\"], \"nationality\": \"汉族\", \"identityNumber\": \"1213131313131313\", \"identityCardBack\": \"/public/upload/others/2021/12/22/1640185359176995.jpg\", \"issuingAuthority\": \"131313\", \"identityCardFront\": \"/public/upload/others/2021/12/22/1640185362137369.jpg\"}', '2021-12-22 23:02:58', '2021-12-22 23:04:59', '2021-12-22 23:04:59', NULL);
INSERT INTO `bag` (`id`, `type`, `content`, `created_at`, `updated_at`, `deleted_at`, `user_id`) VALUES ('b499e838-7e51-4d01-8b90-dc501a24f410', 'drivingLicense', '{\"sex\": \"1\", \"name\": \"张国栋\", \"class\": \"C1D\", \"address\": \"1212\", \"dateOfBirth\": \"2021-12-22\", \"nationality\": \"中国\", \"validPeriod\": [\"2022-02-23\", \"2022-02-26\"], \"identityNumber\": \"112\", \"issuingAuthority\": \"1\", \"drivingLicensePhoto1\": \"/public/upload/others/2021/12/23/1640235151266449.jpg\", \"drivingLicensePhoto2\": \"/public/upload/others/2021/12/23/1640235153800937.jpg\"}', '2021-12-23 12:52:35', '2021-12-23 12:52:35', NULL, NULL);
INSERT INTO `bag` (`id`, `type`, `content`, `created_at`, `updated_at`, `deleted_at`, `user_id`) VALUES ('be341482-3bd4-4a76-be97-1202ce298698', 'householdRegister', '{\"name\": \"娘家户口本\", \"householdNo\": \"333\", \"typeOfHousehold\": \"家庭户口\", \"householdRegisterPhoto1\": \"/public/upload/others/2022/01/10/1641786001802343.jpg\", \"householdRegisterPhotoList\": [{\"raw\": {\"uid\": 1641971923992}, \"uid\": 1641971923992, \"url\": \"/public/upload/others/2022/01/12/1641971924044692.jpg\", \"name\": \"27052900.jpg\", \"size\": 3918, \"status\": \"success\", \"response\": {\"data\": {\"code\": 200, \"data\": {\"url\": \"/public/upload/others/2022/01/12/1641971924044692.jpg\"}, \"message\": \"success\"}, \"config\": {\"url\": \"api/upload\", \"data\": {}, \"method\": \"post\", \"baseUrl\": \"http://localhost:7001\", \"headers\": {\"accept\": \"application/json, text/plain, */*\", \"authorization\": \"eyJhbGciOiJIUzI1NiIsInR5cCI6IkpXVCJ9.eyJ1c2VyIjp7InVzZXJuYW1lIjoiYWRtaW4iLCJpZCI6IjEifSwiaWF0IjoxNjQxOTcxNjcyLCJleHAiOjE2NDE5NzIyNzJ9.U63WbcVT_zDjP6JXdbP7JHkzRTu2AAp8C1x1l6ixCFY\"}, \"timeout\": 0, \"transitional\": {\"forcedJsonParsing\": true, \"silentJsonParsing\": true, \"clarifyTimeoutError\": false}, \"maxBodyLength\": -1, \"xsrfCookieName\": \"XSRF-TOKEN\", \"xsrfHeaderName\": \"X-XSRF-TOKEN\", \"maxContentLength\": -1, \"transformRequest\": [null], \"transformResponse\": [null]}, \"status\": 200, \"headers\": {\"contentType\": \"application/json; charset=utf-8\", \"contentLength\": \"103\"}, \"request\": {}, \"statusText\": \"OK\"}, \"percentage\": 100}, {\"raw\": {\"uid\": 1641971932215}, \"uid\": 1641971932215, \"url\": \"/public/upload/others/2022/01/12/1641971932303864.jpg\", \"name\": \"微信图片_20210723092733.jpg\", \"size\": 86012, \"status\": \"success\", \"response\": {\"data\": {\"code\": 200, \"data\": {\"url\": \"/public/upload/others/2022/01/12/1641971932303864.jpg\"}, \"message\": \"success\"}, \"config\": {\"url\": \"api/upload\", \"data\": {}, \"method\": \"post\", \"baseUrl\": \"http://localhost:7001\", \"headers\": {\"accept\": \"application/json, text/plain, */*\", \"authorization\": \"eyJhbGciOiJIUzI1NiIsInR5cCI6IkpXVCJ9.eyJ1c2VyIjp7InVzZXJuYW1lIjoiYWRtaW4iLCJpZCI6IjEifSwiaWF0IjoxNjQxOTcxNjcyLCJleHAiOjE2NDE5NzIyNzJ9.U63WbcVT_zDjP6JXdbP7JHkzRTu2AAp8C1x1l6ixCFY\"}, \"timeout\": 0, \"transitional\": {\"forcedJsonParsing\": true, \"silentJsonParsing\": true, \"clarifyTimeoutError\": false}, \"maxBodyLength\": -1, \"xsrfCookieName\": \"XSRF-TOKEN\", \"xsrfHeaderName\": \"X-XSRF-TOKEN\", \"maxContentLength\": -1, \"transformRequest\": [null], \"transformResponse\": [null]}, \"status\": 200, \"headers\": {\"contentType\": \"application/json; charset=utf-8\", \"contentLength\": \"103\"}, \"request\": {}, \"statusText\": \"OK\"}, \"percentage\": 100}, {\"raw\": {\"uid\": 1641972767255}, \"uid\": 1641972767255, \"url\": \"/public/upload/others/2022/01/12/164197276731194.jpg\", \"name\": \"27052900.jpg\", \"size\": 3918, \"status\": \"success\", \"response\": {\"data\": {\"code\": 200, \"data\": {\"url\": \"/public/upload/others/2022/01/12/164197276731194.jpg\"}, \"message\": \"success\"}, \"config\": {\"url\": \"api/upload\", \"data\": {}, \"method\": \"post\", \"baseURL\": \"http://localhost:7001\", \"headers\": {\"Accept\": \"application/json, text/plain, */*\", \"Authorization\": \"eyJhbGciOiJIUzI1NiIsInR5cCI6IkpXVCJ9.eyJ1c2VyIjp7InVzZXJuYW1lIjoiYWRtaW4iLCJpZCI6IjEifSwiaWF0IjoxNjQxOTcyNzY0LCJleHAiOjE2NDE5NzMzNjR9.7cqLkj7E4g1dKLZC4b6wTwbTKxcHFPSEftJcG3loi5Q\"}, \"timeout\": 0, \"transitional\": {\"forcedJSONParsing\": true, \"silentJSONParsing\": true, \"clarifyTimeoutError\": false}, \"maxBodyLength\": -1, \"xsrfCookieName\": \"XSRF-TOKEN\", \"xsrfHeaderName\": \"X-XSRF-TOKEN\", \"maxContentLength\": -1, \"transformRequest\": [null], \"transformResponse\": [null]}, \"status\": 200, \"headers\": {\"content-type\": \"application/json; charset=utf-8\", \"content-length\": \"102\"}, \"request\": {}, \"statusText\": \"OK\"}, \"percentage\": 100}, {\"raw\": {\"uid\": 1641972771232}, \"uid\": 1641972771232, \"url\": \"/public/upload/others/2022/01/12/1641972771267486.jpg\", \"name\": \"微信图片_20210723092733.jpg\", \"size\": 86012, \"status\": \"success\", \"response\": {\"data\": {\"code\": 200, \"data\": {\"url\": \"/public/upload/others/2022/01/12/1641972771267486.jpg\"}, \"message\": \"success\"}, \"config\": {\"url\": \"api/upload\", \"data\": {}, \"method\": \"post\", \"baseURL\": \"http://localhost:7001\", \"headers\": {\"Accept\": \"application/json, text/plain, */*\", \"Authorization\": \"eyJhbGciOiJIUzI1NiIsInR5cCI6IkpXVCJ9.eyJ1c2VyIjp7InVzZXJuYW1lIjoiYWRtaW4iLCJpZCI6IjEifSwiaWF0IjoxNjQxOTcyNzY0LCJleHAiOjE2NDE5NzMzNjR9.7cqLkj7E4g1dKLZC4b6wTwbTKxcHFPSEftJcG3loi5Q\"}, \"timeout\": 0, \"transitional\": {\"forcedJSONParsing\": true, \"silentJSONParsing\": true, \"clarifyTimeoutError\": false}, \"maxBodyLength\": -1, \"xsrfCookieName\": \"XSRF-TOKEN\", \"xsrfHeaderName\": \"X-XSRF-TOKEN\", \"maxContentLength\": -1, \"transformRequest\": [null], \"transformResponse\": [null]}, \"status\": 200, \"headers\": {\"content-type\": \"application/json; charset=utf-8\", \"content-length\": \"103\"}, \"request\": {}, \"statusText\": \"OK\"}, \"percentage\": 100}, {\"raw\": {\"uid\": 1641972775853}, \"uid\": 1641972775853, \"url\": \"/public/upload/others/2022/01/12/1641972775894672.jpg\", \"name\": \"IMG_0591.JPG\", \"size\": 136255, \"status\": \"success\", \"response\": {\"data\": {\"code\": 200, \"data\": {\"url\": \"/public/upload/others/2022/01/12/1641972775894672.jpg\"}, \"message\": \"success\"}, \"config\": {\"url\": \"api/upload\", \"data\": {}, \"method\": \"post\", \"baseURL\": \"http://localhost:7001\", \"headers\": {\"Accept\": \"application/json, text/plain, */*\", \"Authorization\": \"eyJhbGciOiJIUzI1NiIsInR5cCI6IkpXVCJ9.eyJ1c2VyIjp7InVzZXJuYW1lIjoiYWRtaW4iLCJpZCI6IjEifSwiaWF0IjoxNjQxOTcyNzY0LCJleHAiOjE2NDE5NzMzNjR9.7cqLkj7E4g1dKLZC4b6wTwbTKxcHFPSEftJcG3loi5Q\"}, \"timeout\": 0, \"transitional\": {\"forcedJSONParsing\": true, \"silentJSONParsing\": true, \"clarifyTimeoutError\": false}, \"maxBodyLength\": -1, \"xsrfCookieName\": \"XSRF-TOKEN\", \"xsrfHeaderName\": \"X-XSRF-TOKEN\", \"maxContentLength\": -1, \"transformRequest\": [null], \"transformResponse\": [null]}, \"status\": 200, \"headers\": {\"content-type\": \"application/json; charset=utf-8\", \"content-length\": \"103\"}, \"request\": {}, \"statusText\": \"OK\"}, \"percentage\": 100}, {\"raw\": {\"uid\": 1641972779533}, \"uid\": 1641972779533, \"url\": \"/public/upload/others/2022/01/12/1641972779577398.png\", \"name\": \"miaomiao.png\", \"size\": 19378, \"status\": \"success\", \"response\": {\"data\": {\"code\": 200, \"data\": {\"url\": \"/public/upload/others/2022/01/12/1641972779577398.png\"}, \"message\": \"success\"}, \"config\": {\"url\": \"api/upload\", \"data\": {}, \"method\": \"post\", \"baseURL\": \"http://localhost:7001\", \"headers\": {\"Accept\": \"application/json, text/plain, */*\", \"Authorization\": \"eyJhbGciOiJIUzI1NiIsInR5cCI6IkpXVCJ9.eyJ1c2VyIjp7InVzZXJuYW1lIjoiYWRtaW4iLCJpZCI6IjEifSwiaWF0IjoxNjQxOTcyNzY0LCJleHAiOjE2NDE5NzMzNjR9.7cqLkj7E4g1dKLZC4b6wTwbTKxcHFPSEftJcG3loi5Q\"}, \"timeout\": 0, \"transitional\": {\"forcedJSONParsing\": true, \"silentJSONParsing\": true, \"clarifyTimeoutError\": false}, \"maxBodyLength\": -1, \"xsrfCookieName\": \"XSRF-TOKEN\", \"xsrfHeaderName\": \"X-XSRF-TOKEN\", \"maxContentLength\": -1, \"transformRequest\": [null], \"transformResponse\": [null]}, \"status\": 200, \"headers\": {\"content-type\": \"application/json; charset=utf-8\", \"content-length\": \"103\"}, \"request\": {}, \"statusText\": \"OK\"}, \"percentage\": 100}]}', '2022-01-10 11:40:04', '2022-01-12 15:33:02', NULL, NULL);
INSERT INTO `bag` (`id`, `type`, `content`, `created_at`, `updated_at`, `deleted_at`, `user_id`) VALUES ('c3a0350a-2439-4821-a33f-0b63a4c01cec', 'IDCard', '{\"ID\": \"12\", \"dob\": \"2021-12-14 00:00:00\", \"sex\": \"1\", \"name\": \"12\", \"address\": \"12\", \"validity\": [\"2022-01-09\", \"2022-01-11\"], \"IDCardBack\": \"/public/upload/others/2021/12/22/1640184074963765.jpg\", \"IDCardFront\": \"/public/upload/others/2021/12/22/1640184072511926.jpg\", \"nationality\": \"汉族\", \"issuingAuthority\": \"12\"}', '2021-12-22 22:42:56', '2021-12-22 23:04:51', '2021-12-22 23:04:51', NULL);
INSERT INTO `bag` (`id`, `type`, `content`, `created_at`, `updated_at`, `deleted_at`, `user_id`) VALUES ('cc92753b-52e7-461f-b421-df0a8a8e0d9a', 'identityCard', '{\"dob\": \"2021-12-15\", \"sex\": \"1\", \"name\": \"张国栋\", \"address\": \"安丘市景芝镇院上村安丘市景芝镇院上村\", \"validity\": [\"2021-12-17\", \"2022-01-11\"], \"nationality\": \"汉族\", \"validPeriod\": [\"2021-12-16\", \"2021-12-17\"], \"identityNumber\": \"370784199206224510\", \"identityCardBack\": \"/public/upload/others/2021/12/22/1640185522268897.jpg\", \"issuingAuthority\": \"安丘市景芝镇派出所派出所派出所\", \"identityCardFront\": \"/public/upload/others/2022/06/29/165649193379220.png\"}', '2021-12-22 23:05:24', '2022-08-24 10:47:08', NULL, NULL);
INSERT INTO `bag` (`id`, `type`, `content`, `created_at`, `updated_at`, `deleted_at`, `user_id`) VALUES ('db6b4c0a-ea79-439e-b894-50d924f276c9', 'identityCard', '{\"dob\": \"1975-06-19\", \"sex\": \"1\", \"name\": \"测试\", \"address\": \"湖北武汉\", \"nationality\": \"汉族\", \"validPeriod\": [\"2022-04-28\", \"2022-05-31\"], \"identityNumber\": \"420116197506191416\", \"identityCardBack\": \"/public/upload/others/2022/05/09/1652087290766174.png\", \"issuingAuthority\": \"这个\", \"identityCardFront\": \"/public/upload/others/2022/05/09/1652087288703903.png\"}', '2022-05-09 17:08:14', '2022-05-31 19:15:52', '2022-05-31 19:15:52', NULL);
INSERT INTO `bag` (`id`, `type`, `content`, `created_at`, `updated_at`, `deleted_at`, `user_id`) VALUES ('defadb8c-9c1f-4584-8ac5-48a1a8aeb874', 'birthCertificate', '{\"name\": \"张麦琪\", \"birthTime\": \"2022-01-07 02:04:05\", \"birthCertificatePhoto1\": \"/public/upload/others/2022/01/07/1641540129924390.jpg\"}', '2022-01-07 15:22:11', '2022-01-07 15:22:11', NULL, NULL);
COMMIT;

-- ----------------------------
-- Table structure for notification
-- ----------------------------
DROP TABLE IF EXISTS `notification`;
CREATE TABLE `notification` (
  `id` char(36) CHARACTER SET utf8mb4 COLLATE utf8mb4_bin NOT NULL,
  `title` varchar(255) DEFAULT NULL COMMENT '标题',
  `content` text COMMENT '内容',
  `type` enum('1','2') DEFAULT '1' COMMENT '发送类型：1单用户 2全体用户',
  `recipient_id` char(36) CHARACTER SET utf8mb4 COLLATE utf8mb4_bin DEFAULT NULL COMMENT '接受通知的用户Id',
  `manager_id` char(36) CHARACTER SET utf8mb4 COLLATE utf8mb4_bin DEFAULT NULL COMMENT '发布通知的管理员Id',
  `remark` varchar(255) DEFAULT NULL COMMENT '备注',
  `created_at` datetime NOT NULL,
  `updated_at` datetime NOT NULL,
  `deleted_at` datetime DEFAULT NULL,
  PRIMARY KEY (`id`)
) ENGINE=InnoDB DEFAULT CHARSET=utf8mb4 COLLATE=utf8mb4_0900_ai_ci COMMENT='消息通知表';

-- ----------------------------
-- Records of notification
-- ----------------------------
BEGIN;
INSERT INTO `notification` (`id`, `title`, `content`, `type`, `recipient_id`, `manager_id`, `remark`, `created_at`, `updated_at`, `deleted_at`) VALUES ('27d35bf6-0a92-4d50-87b5-2774ee0a1383', '999', '99', '1', '85dd811f-d50b-4083-8981-ae11b4694d32', '1', '999', '2021-12-13 17:18:42', '2022-02-26 05:29:40', NULL);
INSERT INTO `notification` (`id`, `title`, `content`, `type`, `recipient_id`, `manager_id`, `remark`, `created_at`, `updated_at`, `deleted_at`) VALUES ('281457d5-45e7-44e6-a6b4-b8ad3a5735a2', '1', '1', '2', '1', '1', '1', '2021-12-12 17:17:10', '2021-12-12 17:19:47', NULL);
INSERT INTO `notification` (`id`, `title`, `content`, `type`, `recipient_id`, `manager_id`, `remark`, `created_at`, `updated_at`, `deleted_at`) VALUES ('3d7f60b3-bfe6-442c-b240-bedb602e9913', '2222', '222', '2', NULL, '1', '222', '2022-03-24 10:16:56', '2022-03-24 10:16:56', NULL);
INSERT INTO `notification` (`id`, `title`, `content`, `type`, `recipient_id`, `manager_id`, `remark`, `created_at`, `updated_at`, `deleted_at`) VALUES ('5d102c26-9460-4515-94e0-61b065af9125', '12', '2', '1', '1', '1', '2', '2021-12-12 17:20:07', '2022-02-26 05:29:40', NULL);
INSERT INTO `notification` (`id`, `title`, `content`, `type`, `recipient_id`, `manager_id`, `remark`, `created_at`, `updated_at`, `deleted_at`) VALUES ('74eb5754-1b32-4f51-b101-939c5179f97a', '333', '', '2', NULL, '1', '', '2021-12-14 17:31:15', '2022-02-26 05:29:40', NULL);
INSERT INTO `notification` (`id`, `title`, `content`, `type`, `recipient_id`, `manager_id`, `remark`, `created_at`, `updated_at`, `deleted_at`) VALUES ('ccd7fba5-de9b-4550-bf45-7040b53aa610', '1', '12', '1', '8e582792-7b56-4d43-83c3-a020941f3208', '1', '133', '2021-12-13 17:11:44', '2022-02-26 05:29:40', NULL);
INSERT INTO `notification` (`id`, `title`, `content`, `type`, `recipient_id`, `manager_id`, `remark`, `created_at`, `updated_at`, `deleted_at`) VALUES ('e0dd0ae1-0344-47a3-926d-458a904efcc6', '1', '12', '1', '85dd811f-d50b-4083-8981-ae11b4694d32', '1', '133', '2021-12-13 17:11:44', '2022-02-26 05:29:40', NULL);
INSERT INTO `notification` (`id`, `title`, `content`, `type`, `recipient_id`, `manager_id`, `remark`, `created_at`, `updated_at`, `deleted_at`) VALUES ('e98d3040-f696-45de-9cec-cd0ad94ee812', '1', '12', '1', '1', '1', '133', '2021-12-13 17:11:44', '2022-02-26 05:29:40', NULL);
INSERT INTO `notification` (`id`, `title`, `content`, `type`, `recipient_id`, `manager_id`, `remark`, `created_at`, `updated_at`, `deleted_at`) VALUES ('f32cf6c6-2d12-4e29-a066-f798da6af51a', '999', '99', '1', '8e582792-7b56-4d43-83c3-a020941f3208', '1', '999', '2021-12-13 17:18:42', '2022-02-26 05:29:40', NULL);
INSERT INTO `notification` (`id`, `title`, `content`, `type`, `recipient_id`, `manager_id`, `remark`, `created_at`, `updated_at`, `deleted_at`) VALUES ('fda1a14a-7d96-4b52-85ea-31209464417f', '12312', '3123', '2', NULL, '1', '123123', '2022-08-07 21:44:56', '2022-08-07 21:44:56', NULL);
COMMIT;

-- ----------------------------
-- Table structure for notification_user
-- ----------------------------
DROP TABLE IF EXISTS `notification_user`;
CREATE TABLE `notification_user` (
  `id` char(36) CHARACTER SET utf8mb4 COLLATE utf8mb4_bin NOT NULL,
  `notification_id` char(36) CHARACTER SET utf8mb4 COLLATE utf8mb4_bin DEFAULT NULL COMMENT '系统通知Id',
  `recipient_id` char(36) CHARACTER SET utf8mb4 COLLATE utf8mb4_bin DEFAULT NULL COMMENT '接受通知的用户Id',
  `is_read` tinyint(1) DEFAULT '0' COMMENT '是否已读',
  `created_at` datetime NOT NULL,
  `updated_at` datetime NOT NULL,
  `deleted_at` datetime DEFAULT NULL,
  PRIMARY KEY (`id`)
) ENGINE=InnoDB DEFAULT CHARSET=utf8mb4 COLLATE=utf8mb4_0900_ai_ci COMMENT='系统通知用户表';

-- ----------------------------
-- Records of notification_user
-- ----------------------------
BEGIN;
INSERT INTO `notification_user` (`id`, `notification_id`, `recipient_id`, `is_read`, `created_at`, `updated_at`, `deleted_at`) VALUES ('042fca4e-fbba-4a16-9a65-2b3cbae832be', '3d7f60b3-bfe6-442c-b240-bedb602e9913', '0ec76a3c-14f9-444b-977b-3a3466fe363c', 0, '2022-03-24 10:20:21', '2022-03-24 10:20:21', NULL);
INSERT INTO `notification_user` (`id`, `notification_id`, `recipient_id`, `is_read`, `created_at`, `updated_at`, `deleted_at`) VALUES ('1b42fbe4-39fd-4fad-9b2b-6604ce5b48cf', '5d102c26-9460-4515-94e0-61b065af9125', '1', 1, '2021-12-14 17:27:11', '2022-02-18 11:32:05', '2022-02-26 05:29:40');
INSERT INTO `notification_user` (`id`, `notification_id`, `recipient_id`, `is_read`, `created_at`, `updated_at`, `deleted_at`) VALUES ('2f1c0e1c-baf5-4dee-9e09-2a69a6a1466c', '3d7f60b3-bfe6-442c-b240-bedb602e9913', '1', 1, '2022-03-24 10:18:08', '2022-05-06 20:26:32', NULL);
INSERT INTO `notification_user` (`id`, `notification_id`, `recipient_id`, `is_read`, `created_at`, `updated_at`, `deleted_at`) VALUES ('33a56cbc-354c-4ebd-b635-e98b0b5fc253', '3d7f60b3-bfe6-442c-b240-bedb602e9913', '6aff90c3-3615-426d-b2be-beb1cd617dfb', 0, '2022-07-10 21:17:32', '2022-07-10 21:17:32', NULL);
INSERT INTO `notification_user` (`id`, `notification_id`, `recipient_id`, `is_read`, `created_at`, `updated_at`, `deleted_at`) VALUES ('5cc176e8-dbb4-4574-b5f8-74884129733a', '5d102c26-9460-4515-94e0-61b065af9125', '1', 1, '2022-03-21 21:02:47', '2022-05-07 15:49:15', NULL);
INSERT INTO `notification_user` (`id`, `notification_id`, `recipient_id`, `is_read`, `created_at`, `updated_at`, `deleted_at`) VALUES ('60e16543-7ac4-4a64-8ecd-708ca910d3c3', '74eb5754-1b32-4f51-b101-939c5179f97a', '0ec76a3c-14f9-444b-977b-3a3466fe363c', 0, '2022-03-24 10:20:21', '2022-03-24 10:20:21', NULL);
INSERT INTO `notification_user` (`id`, `notification_id`, `recipient_id`, `is_read`, `created_at`, `updated_at`, `deleted_at`) VALUES ('739c3c3b-a3e1-4cbd-9137-2995eacb4a76', '74eb5754-1b32-4f51-b101-939c5179f97a', '1', 1, '2021-12-14 17:31:18', '2022-01-18 04:32:35', '2022-02-26 05:29:40');
INSERT INTO `notification_user` (`id`, `notification_id`, `recipient_id`, `is_read`, `created_at`, `updated_at`, `deleted_at`) VALUES ('8983353d-be0f-4811-b8f9-36a2220d27cf', 'fda1a14a-7d96-4b52-85ea-31209464417f', '1', 1, '2022-08-08 11:40:03', '2022-08-09 21:10:04', NULL);
INSERT INTO `notification_user` (`id`, `notification_id`, `recipient_id`, `is_read`, `created_at`, `updated_at`, `deleted_at`) VALUES ('a65ba97d-cab6-4c68-9292-7c8d85d142c2', '281457d5-45e7-44e6-a6b4-b8ad3a5735a2', '1', 1, '2022-03-21 21:02:47', '2022-05-11 11:23:42', NULL);
INSERT INTO `notification_user` (`id`, `notification_id`, `recipient_id`, `is_read`, `created_at`, `updated_at`, `deleted_at`) VALUES ('b0174a27-5ac9-4083-a8d6-122b576fa29c', '281457d5-45e7-44e6-a6b4-b8ad3a5735a2', '0ec76a3c-14f9-444b-977b-3a3466fe363c', 0, '2022-03-24 10:20:21', '2022-03-24 10:20:21', NULL);
INSERT INTO `notification_user` (`id`, `notification_id`, `recipient_id`, `is_read`, `created_at`, `updated_at`, `deleted_at`) VALUES ('b678c718-e940-462b-94b6-22636e4573c3', '74eb5754-1b32-4f51-b101-939c5179f97a', '1', 1, '2022-03-21 21:02:47', '2022-05-15 19:49:57', NULL);
INSERT INTO `notification_user` (`id`, `notification_id`, `recipient_id`, `is_read`, `created_at`, `updated_at`, `deleted_at`) VALUES ('b6cbfd29-5e6a-417d-bc76-13e05eeeb897', '74eb5754-1b32-4f51-b101-939c5179f97a', '6aff90c3-3615-426d-b2be-beb1cd617dfb', 0, '2022-07-10 21:17:32', '2022-07-10 21:17:32', NULL);
INSERT INTO `notification_user` (`id`, `notification_id`, `recipient_id`, `is_read`, `created_at`, `updated_at`, `deleted_at`) VALUES ('ba8f8c08-9d5e-46e9-81e1-bcb627d0275d', 'e98d3040-f696-45de-9cec-cd0ad94ee812', '1', 1, '2021-12-14 17:27:11', '2021-12-16 19:53:48', '2022-02-26 05:29:40');
INSERT INTO `notification_user` (`id`, `notification_id`, `recipient_id`, `is_read`, `created_at`, `updated_at`, `deleted_at`) VALUES ('c3756f52-93a4-4eee-9078-4c4f59d2a2e8', '281457d5-45e7-44e6-a6b4-b8ad3a5735a2', '6aff90c3-3615-426d-b2be-beb1cd617dfb', 0, '2022-07-10 21:17:32', '2022-07-10 21:17:32', NULL);
INSERT INTO `notification_user` (`id`, `notification_id`, `recipient_id`, `is_read`, `created_at`, `updated_at`, `deleted_at`) VALUES ('ca63fa2b-a634-4ac1-89b7-ed50050c4fa2', '74eb5754-1b32-4f51-b101-939c5179f97a', 'b1040cd0-3ca8-4a35-80ae-ad8948499000', 0, '2022-02-22 15:10:32', '2022-02-22 15:10:32', '2022-02-26 05:29:40');
INSERT INTO `notification_user` (`id`, `notification_id`, `recipient_id`, `is_read`, `created_at`, `updated_at`, `deleted_at`) VALUES ('cae22abc-01d4-4178-b9ad-fa6022ec1def', 'e98d3040-f696-45de-9cec-cd0ad94ee812', '1', 1, '2022-03-21 21:02:47', '2022-05-14 10:43:34', NULL);
COMMIT;

-- ----------------------------
-- Table structure for system_element
-- ----------------------------
DROP TABLE IF EXISTS `system_element`;
CREATE TABLE `system_element` (
  `id` char(36) CHARACTER SET utf8mb4 COLLATE utf8mb4_bin NOT NULL,
  `name` varchar(255) DEFAULT NULL COMMENT '名称',
  `created_at` datetime NOT NULL,
  `updated_at` datetime NOT NULL,
  `deleted_at` datetime DEFAULT NULL,
  PRIMARY KEY (`id`)
) ENGINE=InnoDB DEFAULT CHARSET=utf8mb4 COLLATE=utf8mb4_0900_ai_ci COMMENT='系统-页面元素表';

-- ----------------------------
-- Records of system_element
-- ----------------------------
BEGIN;
COMMIT;

-- ----------------------------
-- Table structure for system_file
-- ----------------------------
DROP TABLE IF EXISTS `system_file`;
CREATE TABLE `system_file` (
  `id` char(36) CHARACTER SET utf8mb4 COLLATE utf8mb4_bin NOT NULL,
  `name` varchar(255) DEFAULT NULL COMMENT '名称',
  `created_at` datetime NOT NULL,
  `updated_at` datetime NOT NULL,
  `deleted_at` datetime DEFAULT NULL,
  PRIMARY KEY (`id`)
) ENGINE=InnoDB DEFAULT CHARSET=utf8mb4 COLLATE=utf8mb4_0900_ai_ci COMMENT='系统-文件表';

-- ----------------------------
-- Records of system_file
-- ----------------------------
BEGIN;
COMMIT;

-- ----------------------------
-- Table structure for system_login_log
-- ----------------------------
DROP TABLE IF EXISTS `system_login_log`;
CREATE TABLE `system_login_log` (
  `id` char(36) CHARACTER SET utf8mb4 COLLATE utf8mb4_bin NOT NULL,
  `username` varchar(255) DEFAULT NULL COMMENT '登录名',
  `ip` varchar(255) DEFAULT NULL COMMENT '登录IP',
  `ua` varchar(255) DEFAULT NULL COMMENT '用户代理',
  `created_at` datetime NOT NULL,
  `updated_at` datetime NOT NULL,
  `deleted_at` datetime DEFAULT NULL,
  PRIMARY KEY (`id`)
) ENGINE=InnoDB DEFAULT CHARSET=utf8mb4 COLLATE=utf8mb4_0900_ai_ci COMMENT='系统-登录日志表';

-- ----------------------------
-- Records of system_login_log
-- ----------------------------
BEGIN;
INSERT INTO `system_login_log` (`id`, `username`, `ip`, `ua`, `created_at`, `updated_at`, `deleted_at`) VALUES ('0092ef05-47ce-46d2-81be-8bdf8e6c939d', 'admin', '123.116.118.143', 'Mozilla/5.0 (Windows NT 10.0; Win64; x64) AppleWebKit/537.36 (KHTML, like Gecko) Chrome/103.0.0.0 Safari/537.36', '2022-07-13 17:54:30', '2022-07-13 17:54:30', NULL);
INSERT INTO `system_login_log` (`id`, `username`, `ip`, `ua`, `created_at`, `updated_at`, `deleted_at`) VALUES ('01bd5423-572f-497e-a5e4-d85a85137a58', 'admin', '60.180.197.196', 'Mozilla/5.0 (Windows NT 10.0; Win64; x64) AppleWebKit/537.36 (KHTML, like Gecko) LanMiaoDesktopOnline/1.0.0 Chrome/100.0.4896.75 Electron/18.0.3 Safari/537.36', '2022-05-31 09:49:34', '2022-05-31 09:49:34', NULL);
INSERT INTO `system_login_log` (`id`, `username`, `ip`, `ua`, `created_at`, `updated_at`, `deleted_at`) VALUES ('0226437f-3a78-40f7-9d90-3e27f3b671de', 'admin', '120.244.14.51', 'Mozilla/5.0 (Windows NT 10.0; Win64; x64) AppleWebKit/537.36 (KHTML, like Gecko) Chrome/101.0.4951.67 Safari/537.36', '2022-05-31 23:16:52', '2022-05-31 23:16:52', NULL);
INSERT INTO `system_login_log` (`id`, `username`, `ip`, `ua`, `created_at`, `updated_at`, `deleted_at`) VALUES ('02ba9c71-4635-4d4b-85a5-9803dc608293', 'admin', '192.168.0.117', 'Mozilla/5.0 (Linux; Android 11; Redmi K30 Pro Build/RKQ1.200826.002; wv) AppleWebKit/537.36 (KHTML, like Gecko) Version/4.0 Chrome/90.0.4430.210 Mobile Safari/537.36 uni-app Html5Plus/1.0 (Immersed/34.909092)', '2022-08-22 15:03:17', '2022-08-22 15:03:17', NULL);
INSERT INTO `system_login_log` (`id`, `username`, `ip`, `ua`, `created_at`, `updated_at`, `deleted_at`) VALUES ('02fc2e6f-e881-49e8-9ca3-f2d196c1c833', 'admin', '223.90.190.139', 'Mozilla/5.0 (Windows NT 10.0; Win64; x64) AppleWebKit/537.36 (KHTML, like Gecko) LanMiaoDesktopOnline/1.0.0 Chrome/100.0.4896.75 Electron/18.0.3 Safari/537.36', '2022-06-12 21:27:28', '2022-06-12 21:27:28', NULL);
INSERT INTO `system_login_log` (`id`, `username`, `ip`, `ua`, `created_at`, `updated_at`, `deleted_at`) VALUES ('03415cf6-d7cc-4534-ae94-c7b8bf6908d2', 'admin', '222.75.152.246', 'Mozilla/5.0 (Macintosh; Intel Mac OS X 10_15_7) AppleWebKit/537.36 (KHTML, like Gecko) Chrome/104.0.0.0 Safari/537.36', '2022-08-08 17:46:03', '2022-08-08 17:46:03', NULL);
INSERT INTO `system_login_log` (`id`, `username`, `ip`, `ua`, `created_at`, `updated_at`, `deleted_at`) VALUES ('064cc225-30dd-4fdf-8db3-53168cbf25a6', 'admin', '101.41.76.107', 'Mozilla/5.0 (Macintosh; Intel Mac OS X 10_15_7) AppleWebKit/537.36 (KHTML, like Gecko) LanMiaoDesktopOnline/1.0.0 Chrome/100.0.4896.75 Electron/18.0.3 Safari/537.36', '2022-06-08 10:33:12', '2022-06-08 10:33:12', NULL);
INSERT INTO `system_login_log` (`id`, `username`, `ip`, `ua`, `created_at`, `updated_at`, `deleted_at`) VALUES ('06ac3270-00a8-4f00-81b3-e68bba612c22', 'admin', '::1', 'Mozilla/5.0 (iPhone; CPU iPhone OS 13_2_3 like Mac OS X) AppleWebKit/605.1.15 (KHTML, like Gecko) Version/13.0.3 Mobile/15E148 Safari/604.1', '2022-05-13 15:20:40', '2022-05-13 15:20:40', NULL);
INSERT INTO `system_login_log` (`id`, `username`, `ip`, `ua`, `created_at`, `updated_at`, `deleted_at`) VALUES ('07a60703-90fe-4a59-9cd2-96bb2d48a830', 'admin', '123.191.134.83', 'Mozilla/5.0 (Macintosh; Intel Mac OS X 10_15_7) AppleWebKit/537.36 (KHTML, like Gecko) Chrome/107.0.0.0 Safari/537.36', '2022-11-29 21:11:10', '2022-11-29 21:11:10', NULL);
INSERT INTO `system_login_log` (`id`, `username`, `ip`, `ua`, `created_at`, `updated_at`, `deleted_at`) VALUES ('07bd9032-cbd3-429c-9a59-a624bf40b71d', 'admin', '45.78.20.191', 'Mozilla/5.0 (Windows NT 10.0; Win64; x64) AppleWebKit/537.36 (KHTML, like Gecko) Chrome/104.0.5112.81 Safari/537.36 Edg/104.0.1293.54', '2022-08-20 22:37:31', '2022-08-20 22:37:31', NULL);
INSERT INTO `system_login_log` (`id`, `username`, `ip`, `ua`, `created_at`, `updated_at`, `deleted_at`) VALUES ('07d867b6-7d4d-414e-8bae-f43ed1436e7c', 'admin', '192.168.0.120', 'Mozilla/5.0 (Linux; Android 12; Redmi K30 Pro Build/SKQ1.211006.001; wv) AppleWebKit/537.36 (KHTML, like Gecko) Version/4.0 Chrome/96.0.4664.104 Mobile Safari/537.36 uni-app Html5Plus/1.0 (Immersed/34.909092)', '2022-11-11 10:53:51', '2022-11-11 10:53:51', NULL);
INSERT INTO `system_login_log` (`id`, `username`, `ip`, `ua`, `created_at`, `updated_at`, `deleted_at`) VALUES ('087dc12a-e9cc-4d93-ae6e-c7832587b73a', 'admin', '139.162.87.5', 'Mozilla/5.0 (Windows NT 10.0; Win64; x64) AppleWebKit/537.36 (KHTML, like Gecko) Chrome/101.0.4951.64 Safari/537.36 Edg/101.0.1210.47', '2022-05-15 19:49:39', '2022-05-15 19:49:39', NULL);
INSERT INTO `system_login_log` (`id`, `username`, `ip`, `ua`, `created_at`, `updated_at`, `deleted_at`) VALUES ('0884052b-fabc-40bc-96eb-18125cd14ff0', 'admin', '212.107.29.15', 'Mozilla/5.0 (Windows NT 10.0; Win64; x64) AppleWebKit/537.36 (KHTML, like Gecko) Chrome/104.0.0.0 Safari/537.36', '2022-08-16 22:32:51', '2022-08-16 22:32:51', NULL);
INSERT INTO `system_login_log` (`id`, `username`, `ip`, `ua`, `created_at`, `updated_at`, `deleted_at`) VALUES ('08cf271c-1c8e-453f-aae4-ba7006d4b27c', 'admin', '::1', 'Mozilla/5.0 (iPhone; CPU iPhone OS 13_2_3 like Mac OS X) AppleWebKit/605.1.15 (KHTML, like Gecko) Version/13.0.3 Mobile/15E148 Safari/604.1', '2022-05-17 09:33:30', '2022-05-17 09:33:30', NULL);
INSERT INTO `system_login_log` (`id`, `username`, `ip`, `ua`, `created_at`, `updated_at`, `deleted_at`) VALUES ('08fb9499-e929-4851-994d-b4f93fbd7a4b', 'admin', '::1', 'Mozilla/5.0 (Macintosh; Intel Mac OS X 10_15_7) AppleWebKit/537.36 (KHTML, like Gecko) Chrome/104.0.0.0 Safari/537.36', '2022-08-15 17:02:54', '2022-08-15 17:02:54', NULL);
INSERT INTO `system_login_log` (`id`, `username`, `ip`, `ua`, `created_at`, `updated_at`, `deleted_at`) VALUES ('09f7e5df-f343-4660-9448-566bc8756eda', 'admin', '192.168.0.65', 'Mozilla/5.0 (iPhone; CPU iPhone OS 13_2_3 like Mac OS X) AppleWebKit/605.1.15 (KHTML, like Gecko) Version/13.0.3 Mobile/15E148 Safari/604.1', '2022-08-22 11:53:54', '2022-08-22 11:53:54', NULL);
INSERT INTO `system_login_log` (`id`, `username`, `ip`, `ua`, `created_at`, `updated_at`, `deleted_at`) VALUES ('0a34b27d-4595-4450-816b-abf16afe923d', 'admin', '123.147.246.209', 'Mozilla/5.0 (Windows NT 10.0; WOW64) AppleWebKit/537.36 (KHTML, like Gecko) Chrome/86.0.4240.198 Safari/537.36', '2022-06-29 16:36:27', '2022-06-29 16:36:27', NULL);
INSERT INTO `system_login_log` (`id`, `username`, `ip`, `ua`, `created_at`, `updated_at`, `deleted_at`) VALUES ('0aabb7ae-1e5e-4193-8a65-cd1b8cfd2f74', 'admin', '::1', 'Mozilla/5.0 (Macintosh; Intel Mac OS X 10_15_7) AppleWebKit/537.36 (KHTML, like Gecko) LanMiaoDesktopOnline/1.0.0 Chrome/100.0.4896.75 Electron/18.0.3 Safari/537.36', '2022-04-28 16:33:08', '2022-04-28 16:33:08', NULL);
INSERT INTO `system_login_log` (`id`, `username`, `ip`, `ua`, `created_at`, `updated_at`, `deleted_at`) VALUES ('0b10d4e4-4cec-4a6a-a892-6f7985a911be', 'admin', '192.168.0.117', 'Mozilla/5.0 (Linux; Android 11; Redmi K30 Pro Build/RKQ1.200826.002; wv) AppleWebKit/537.36 (KHTML, like Gecko) Version/4.0 Chrome/90.0.4430.210 Mobile Safari/537.36 uni-app Html5Plus/1.0 (Immersed/34.909092)', '2022-08-22 14:39:48', '2022-08-22 14:39:48', NULL);
INSERT INTO `system_login_log` (`id`, `username`, `ip`, `ua`, `created_at`, `updated_at`, `deleted_at`) VALUES ('0b20f785-7659-42ae-ade3-985993b1609c', 'admin', '113.93.236.251', 'Mozilla/5.0 (Macintosh; Intel Mac OS X 10_15_7) AppleWebKit/537.36 (KHTML, like Gecko) LanMiaoDesktopOnline/1.0.0 Chrome/100.0.4896.75 Electron/18.0.3 Safari/537.36', '2022-06-04 21:36:20', '2022-06-04 21:36:20', NULL);
INSERT INTO `system_login_log` (`id`, `username`, `ip`, `ua`, `created_at`, `updated_at`, `deleted_at`) VALUES ('0d443429-9059-4a1c-a75c-f318ff27fbe6', 'admin', '104.225.154.97', 'Mozilla/5.0 (Windows NT 10.0; Win64; x64) AppleWebKit/537.36 (KHTML, like Gecko) Chrome/101.0.4951.54 Safari/537.36', '2022-05-17 11:11:25', '2022-05-17 11:11:25', NULL);
INSERT INTO `system_login_log` (`id`, `username`, `ip`, `ua`, `created_at`, `updated_at`, `deleted_at`) VALUES ('0e017486-03c2-480e-b1e4-6a57f2a23cd1', 'admin', '113.25.116.24', 'Mozilla/5.0 (Windows NT 10.0; Win64; x64) AppleWebKit/537.36 (KHTML, like Gecko) Chrome/104.0.0.0 Safari/537.36', '2022-08-13 20:38:13', '2022-08-13 20:38:13', NULL);
INSERT INTO `system_login_log` (`id`, `username`, `ip`, `ua`, `created_at`, `updated_at`, `deleted_at`) VALUES ('0ef72364-5b63-4d8e-9e74-b23ace2f76d6', 'admin', '218.107.215.114', 'Mozilla/5.0 (Windows NT 10.0; Win64; x64; rv:103.0) Gecko/20100101 Firefox/103.0', '2022-08-10 13:11:21', '2022-08-10 13:11:21', NULL);
INSERT INTO `system_login_log` (`id`, `username`, `ip`, `ua`, `created_at`, `updated_at`, `deleted_at`) VALUES ('0ef7dbee-703a-4951-a999-7207c21223de', 'admin', '119.86.105.243', 'Mozilla/5.0 (Windows NT 10.0; Win64; x64) AppleWebKit/537.36 (KHTML, like Gecko) Chrome/101.0.4951.64 Safari/537.36 Edg/101.0.1210.47', '2022-05-15 11:08:58', '2022-05-15 11:08:58', NULL);
INSERT INTO `system_login_log` (`id`, `username`, `ip`, `ua`, `created_at`, `updated_at`, `deleted_at`) VALUES ('0f003f38-fb7e-4709-b676-c25abb3e6883', 'admin', '::1', 'Mozilla/5.0 (iPhone; CPU iPhone OS 13_2_3 like Mac OS X) AppleWebKit/605.1.15 (KHTML, like Gecko) Version/13.0.3 Mobile/15E148 Safari/604.1', '2022-05-13 15:20:04', '2022-05-13 15:20:04', NULL);
INSERT INTO `system_login_log` (`id`, `username`, `ip`, `ua`, `created_at`, `updated_at`, `deleted_at`) VALUES ('0f00bd06-7839-4b95-a107-50279f037b45', 'admin', '123.117.119.22', 'Mozilla/5.0 (Windows NT 10.0; Win64; x64) AppleWebKit/537.36 (KHTML, like Gecko) LanMiaoDesktopOnline/1.0.0 Chrome/100.0.4896.75 Electron/18.0.3 Safari/537.36', '2022-05-14 14:26:52', '2022-05-14 14:26:52', NULL);
INSERT INTO `system_login_log` (`id`, `username`, `ip`, `ua`, `created_at`, `updated_at`, `deleted_at`) VALUES ('0f5c8383-b0e9-4e17-b278-10a2bb6da88c', 'admin', '183.192.10.206', 'Mozilla/5.0 (Windows NT 10.0; Win64; x64) AppleWebKit/537.36 (KHTML, like Gecko) Chrome/100.0.4896.60 Safari/537.36 Edg/100.0.1185.29', '2022-04-06 14:25:32', '2022-04-06 14:25:32', NULL);
INSERT INTO `system_login_log` (`id`, `username`, `ip`, `ua`, `created_at`, `updated_at`, `deleted_at`) VALUES ('10fa3ab5-1d5d-4040-99e5-f571cd0a923c', 'admin', '218.107.215.114', 'Mozilla/5.0 (Windows NT 10.0; Win64; x64; rv:103.0) Gecko/20100101 Firefox/103.0', '2022-08-10 12:50:26', '2022-08-10 12:50:26', NULL);
INSERT INTO `system_login_log` (`id`, `username`, `ip`, `ua`, `created_at`, `updated_at`, `deleted_at`) VALUES ('13d5fb98-5424-48f3-a5a4-119a85084385', 'admin', '::1', 'Mozilla/5.0 (iPhone; CPU iPhone OS 13_2_3 like Mac OS X) AppleWebKit/605.1.15 (KHTML, like Gecko) Version/13.0.3 Mobile/15E148 Safari/604.1', '2022-05-11 15:22:49', '2022-05-11 15:22:49', NULL);
INSERT INTO `system_login_log` (`id`, `username`, `ip`, `ua`, `created_at`, `updated_at`, `deleted_at`) VALUES ('1479745b-3706-46f2-a7d8-37834cb725a1', 'admin', '219.147.3.102', 'Mozilla/5.0 (Windows NT 10.0; Win64; x64) AppleWebKit/537.36 (KHTML, like Gecko) Chrome/103.0.0.0 Safari/537.36', '2022-06-24 09:16:12', '2022-06-24 09:16:12', NULL);
INSERT INTO `system_login_log` (`id`, `username`, `ip`, `ua`, `created_at`, `updated_at`, `deleted_at`) VALUES ('1535a446-e803-4387-9455-39c3f05b268a', 'admin', '218.107.215.114', 'Mozilla/5.0 (Windows NT 10.0; Win64; x64) AppleWebKit/537.36 (KHTML, like Gecko) LanMiaoDesktopOnline/1.0.0 Chrome/100.0.4896.75 Electron/18.0.3 Safari/537.36', '2022-08-10 13:16:32', '2022-08-10 13:16:32', NULL);
INSERT INTO `system_login_log` (`id`, `username`, `ip`, `ua`, `created_at`, `updated_at`, `deleted_at`) VALUES ('1614e22d-26dd-47d8-b9dc-413dd78647f7', 'admin', '::1', 'Mozilla/5.0 (iPhone; CPU iPhone OS 13_2_3 like Mac OS X) AppleWebKit/605.1.15 (KHTML, like Gecko) Version/13.0.3 Mobile/15E148 Safari/604.1', '2022-05-13 17:06:47', '2022-05-13 17:06:47', NULL);
INSERT INTO `system_login_log` (`id`, `username`, `ip`, `ua`, `created_at`, `updated_at`, `deleted_at`) VALUES ('1619ff66-c494-477a-86fb-740d18bb0fb0', 'admin', '27.189.124.187', 'Mozilla/5.0 (Windows NT 10.0; WOW64) AppleWebKit/537.36 (KHTML, like Gecko) Chrome/100.0.4896.127 Safari/537.36', '2022-05-19 20:40:46', '2022-05-19 20:40:46', NULL);
INSERT INTO `system_login_log` (`id`, `username`, `ip`, `ua`, `created_at`, `updated_at`, `deleted_at`) VALUES ('16b3af18-7144-4a1c-a0cb-21e53b9c6344', 'admin', '192.168.0.117', 'Mozilla/5.0 (Linux; Android 11; Redmi K30 Pro Build/RKQ1.200826.002; wv) AppleWebKit/537.36 (KHTML, like Gecko) Version/4.0 Chrome/90.0.4430.210 Mobile Safari/537.36 uni-app Html5Plus/1.0 (Immersed/34.909092)', '2022-08-22 11:28:32', '2022-08-22 11:28:32', NULL);
INSERT INTO `system_login_log` (`id`, `username`, `ip`, `ua`, `created_at`, `updated_at`, `deleted_at`) VALUES ('16c4efcd-678c-499b-8be2-a65096b29220', 'admin', '114.95.255.247', 'Mozilla/5.0 (Windows NT 10.0; WOW64) AppleWebKit/537.36 (KHTML, like Gecko) Chrome/86.0.4240.198 Safari/537.36', '2022-06-22 18:50:31', '2022-06-22 18:50:31', NULL);
INSERT INTO `system_login_log` (`id`, `username`, `ip`, `ua`, `created_at`, `updated_at`, `deleted_at`) VALUES ('1722644b-f610-43bf-b025-7f3be35e0867', 'admin', '223.74.154.184', 'Mozilla/5.0 (Windows NT 10.0; Win64; x64) AppleWebKit/537.36 (KHTML, like Gecko) Chrome/100.0.4896.60 Safari/537.36', '2022-04-22 22:19:54', '2022-04-22 22:19:54', NULL);
INSERT INTO `system_login_log` (`id`, `username`, `ip`, `ua`, `created_at`, `updated_at`, `deleted_at`) VALUES ('174f97cb-c910-4fc8-be4d-d09cf8329690', 'admin', '192.168.0.65', 'Mozilla/5.0 (iPhone; CPU iPhone OS 13_2_3 like Mac OS X) AppleWebKit/605.1.15 (KHTML, like Gecko) Version/13.0.3 Mobile/15E148 Safari/604.1', '2022-08-22 14:40:48', '2022-08-22 14:40:48', NULL);
INSERT INTO `system_login_log` (`id`, `username`, `ip`, `ua`, `created_at`, `updated_at`, `deleted_at`) VALUES ('17625955-176a-47b3-a563-c71d5d06e7cd', 'admin', '222.75.152.205', 'Mozilla/5.0 (Macintosh; Intel Mac OS X 10_15_7) AppleWebKit/537.36 (KHTML, like Gecko) LanMiaoDesktopOnline/1.0.0 Chrome/100.0.4896.75 Electron/18.0.3 Safari/537.36', '2022-06-20 18:15:32', '2022-06-20 18:15:32', NULL);
INSERT INTO `system_login_log` (`id`, `username`, `ip`, `ua`, `created_at`, `updated_at`, `deleted_at`) VALUES ('1764a8f0-6eba-4ca5-a424-579e5602f612', 'admin', '192.168.0.117', 'Mozilla/5.0 (Linux; Android 11; Redmi K30 Pro Build/RKQ1.200826.002; wv) AppleWebKit/537.36 (KHTML, like Gecko) Version/4.0 Chrome/90.0.4430.210 Mobile Safari/537.36 uni-app Html5Plus/1.0 (Immersed/34.909092)', '2022-08-22 12:03:54', '2022-08-22 12:03:54', NULL);
INSERT INTO `system_login_log` (`id`, `username`, `ip`, `ua`, `created_at`, `updated_at`, `deleted_at`) VALUES ('1a77ff13-0b82-41be-b750-25e2affe5f7a', 'admin', '117.176.216.169', 'Mozilla/5.0 (Windows NT 10.0; Win64; x64) AppleWebKit/537.36 (KHTML, like Gecko) Chrome/103.0.0.0 Safari/537.36', '2022-07-13 08:02:49', '2022-07-13 08:02:49', NULL);
INSERT INTO `system_login_log` (`id`, `username`, `ip`, `ua`, `created_at`, `updated_at`, `deleted_at`) VALUES ('1af7367a-4e8f-43a4-8573-5f0e13d76c3d', 'admin', '165.154.243.81', 'Mozilla/5.0 (Macintosh; Intel Mac OS X 10_15_7) AppleWebKit/537.36 (KHTML, like Gecko) Chrome/101.0.4951.54 Safari/537.36', '2022-05-18 08:06:44', '2022-05-18 08:06:44', NULL);
INSERT INTO `system_login_log` (`id`, `username`, `ip`, `ua`, `created_at`, `updated_at`, `deleted_at`) VALUES ('1b37fab8-fedd-4ea3-8718-9128c6ca1b8c', 'admin', '::1', 'Mozilla/5.0 (Macintosh; Intel Mac OS X 10_15_7) AppleWebKit/537.36 (KHTML, like Gecko) Chrome/101.0.4951.54 Safari/537.36', '2022-05-12 15:01:36', '2022-05-12 15:01:36', NULL);
INSERT INTO `system_login_log` (`id`, `username`, `ip`, `ua`, `created_at`, `updated_at`, `deleted_at`) VALUES ('1b532fdd-23a4-48a3-a8f1-30558a4dab43', 'admin', '::1', 'Mozilla/5.0 (iPhone; CPU iPhone OS 13_2_3 like Mac OS X) AppleWebKit/605.1.15 (KHTML, like Gecko) Version/13.0.3 Mobile/15E148 Safari/604.1', '2022-05-13 15:50:58', '2022-05-13 15:50:58', NULL);
INSERT INTO `system_login_log` (`id`, `username`, `ip`, `ua`, `created_at`, `updated_at`, `deleted_at`) VALUES ('1b81f535-3c7f-4e3d-bec7-77a2d61268a8', 'admin', '::1', 'Mozilla/5.0 (Macintosh; Intel Mac OS X 10_15_7) AppleWebKit/537.36 (KHTML, like Gecko) Chrome/100.0.4896.127 Safari/537.36', '2022-04-28 16:31:45', '2022-04-28 16:31:45', NULL);
INSERT INTO `system_login_log` (`id`, `username`, `ip`, `ua`, `created_at`, `updated_at`, `deleted_at`) VALUES ('1bb46c07-ffc1-4a3f-966d-44c6be02a17b', 'admin', '::1', 'Mozilla/5.0 (Macintosh; Intel Mac OS X 10_15_7) AppleWebKit/537.36 (KHTML, like Gecko) Chrome/104.0.0.0 Safari/537.36', '2022-08-19 22:46:42', '2022-08-19 22:46:42', NULL);
INSERT INTO `system_login_log` (`id`, `username`, `ip`, `ua`, `created_at`, `updated_at`, `deleted_at`) VALUES ('1de3707d-48a7-4bfc-925c-c822578b63fb', 'admin', '58.39.148.93', 'Mozilla/5.0 (Windows NT 10.0; Win64; x64) AppleWebKit/537.36 (KHTML, like Gecko) Chrome/101.0.4951.67 Safari/537.36', '2022-05-22 15:02:54', '2022-05-22 15:02:54', NULL);
INSERT INTO `system_login_log` (`id`, `username`, `ip`, `ua`, `created_at`, `updated_at`, `deleted_at`) VALUES ('1e3d5dd6-c224-4c0e-b036-e694faadb834', 'admin', '219.156.39.89', 'Mozilla/5.0 (Windows NT 10.0; Win64; x64) AppleWebKit/537.36 (KHTML, like Gecko) Chrome/102.0.5005.124 Safari/537.36 Edg/102.0.1245.41', '2022-06-18 22:18:00', '2022-06-18 22:18:00', NULL);
INSERT INTO `system_login_log` (`id`, `username`, `ip`, `ua`, `created_at`, `updated_at`, `deleted_at`) VALUES ('1fec1a08-3d53-4546-9a05-94aa3b544088', 'admin', '::1', 'Mozilla/5.0 (Macintosh; Intel Mac OS X 10_15_7) AppleWebKit/537.36 (KHTML, like Gecko) Chrome/101.0.4951.54 Safari/537.36', '2022-05-13 15:29:08', '2022-05-13 15:29:08', NULL);
INSERT INTO `system_login_log` (`id`, `username`, `ip`, `ua`, `created_at`, `updated_at`, `deleted_at`) VALUES ('20446944-cc86-494c-be30-7f89c7db86f2', 'admin', '36.154.8.28', 'Mozilla/5.0 (Windows NT 10.0; Win64; x64) AppleWebKit/537.36 (KHTML, like Gecko) Chrome/107.0.0.0 Safari/537.36 Edg/107.0.1418.35', '2022-12-01 13:40:39', '2022-12-01 13:40:39', NULL);
INSERT INTO `system_login_log` (`id`, `username`, `ip`, `ua`, `created_at`, `updated_at`, `deleted_at`) VALUES ('207d040a-15ec-46b0-aaf9-6c1473ad1857', 'admin', '::1', 'Mozilla/5.0 (Macintosh; Intel Mac OS X 10_15_7) AppleWebKit/537.36 (KHTML, like Gecko) Chrome/101.0.4951.64 Safari/537.36', '2022-05-19 15:19:32', '2022-05-19 15:19:32', NULL);
INSERT INTO `system_login_log` (`id`, `username`, `ip`, `ua`, `created_at`, `updated_at`, `deleted_at`) VALUES ('20d85425-69d2-4b2c-91b7-38ae367194a1', 'admin', '::1', 'Mozilla/5.0 (Macintosh; Intel Mac OS X 10_15_7) AppleWebKit/537.36 (KHTML, like Gecko) Chrome/101.0.4951.54 Safari/537.36', '2022-05-17 08:55:20', '2022-05-17 08:55:20', NULL);
INSERT INTO `system_login_log` (`id`, `username`, `ip`, `ua`, `created_at`, `updated_at`, `deleted_at`) VALUES ('20f4cabe-10fc-4954-8bf6-5bf1d808049c', 'admin', '218.28.20.210', 'Mozilla/5.0 (Windows NT 10.0; Win64; x64) AppleWebKit/537.36 (KHTML, like Gecko) Chrome/103.0.5060.53 Safari/537.36 Edg/103.0.1264.37', '2022-06-30 09:22:53', '2022-06-30 09:22:53', NULL);
INSERT INTO `system_login_log` (`id`, `username`, `ip`, `ua`, `created_at`, `updated_at`, `deleted_at`) VALUES ('215cf86d-f89f-49b3-b0df-6291efd13014', 'admin', '192.168.0.117', 'Mozilla/5.0 (Linux; Android 11; Redmi K30 Pro Build/RKQ1.200826.002; wv) AppleWebKit/537.36 (KHTML, like Gecko) Version/4.0 Chrome/90.0.4430.210 Mobile Safari/537.36 uni-app Html5Plus/1.0 (Immersed/34.909092)', '2022-08-22 14:29:17', '2022-08-22 14:29:17', NULL);
INSERT INTO `system_login_log` (`id`, `username`, `ip`, `ua`, `created_at`, `updated_at`, `deleted_at`) VALUES ('22b93e83-4ec9-4f11-9b33-dd9a3a96c39b', 'admin', '185.253.0.116', 'Mozilla/5.0 (Windows NT 10.0; Win64; x64) AppleWebKit/537.36 (KHTML, like Gecko) Chrome/100.0.4896.127 Safari/537.36', '2022-04-26 09:21:20', '2022-04-26 09:21:20', NULL);
INSERT INTO `system_login_log` (`id`, `username`, `ip`, `ua`, `created_at`, `updated_at`, `deleted_at`) VALUES ('232b0fd3-c019-4e55-af41-cbc1d72cf6ad', 'admin', '27.192.243.91', 'Mozilla/5.0 (Macintosh; Intel Mac OS X 10_15_7) AppleWebKit/537.36 (KHTML, like Gecko) LanMiaoDesktopOnline/1.0.0 Chrome/100.0.4896.75 Electron/18.0.3 Safari/537.36', '2022-05-07 09:38:11', '2022-05-07 09:38:11', NULL);
INSERT INTO `system_login_log` (`id`, `username`, `ip`, `ua`, `created_at`, `updated_at`, `deleted_at`) VALUES ('23b1816a-478a-4d83-8d92-94048156818c', 'admin', '::1', 'Mozilla/5.0 (Macintosh; Intel Mac OS X 10_15_7) AppleWebKit/537.36 (KHTML, like Gecko) Chrome/101.0.4951.54 Safari/537.36', '2022-05-13 15:22:00', '2022-05-13 15:22:00', NULL);
INSERT INTO `system_login_log` (`id`, `username`, `ip`, `ua`, `created_at`, `updated_at`, `deleted_at`) VALUES ('246e651c-02c3-4ed2-b8ca-2d8226a9e4cf', 'admin', '120.208.21.121', 'Mozilla/5.0 (Windows NT 10.0; Win64; x64) AppleWebKit/537.36 (KHTML, like Gecko) LanMiaoDesktopOnline/1.0.0 Chrome/100.0.4896.75 Electron/18.0.3 Safari/537.36', '2022-06-06 00:13:59', '2022-06-06 00:13:59', NULL);
INSERT INTO `system_login_log` (`id`, `username`, `ip`, `ua`, `created_at`, `updated_at`, `deleted_at`) VALUES ('24754878-8e09-4de0-a394-520ac3f76d2d', 'admin', '192.168.0.65', 'Mozilla/5.0 (iPhone; CPU iPhone OS 13_2_3 like Mac OS X) AppleWebKit/605.1.15 (KHTML, like Gecko) Version/13.0.3 Mobile/15E148 Safari/604.1', '2022-08-22 14:40:34', '2022-08-22 14:40:34', NULL);
INSERT INTO `system_login_log` (`id`, `username`, `ip`, `ua`, `created_at`, `updated_at`, `deleted_at`) VALUES ('26f8746c-54ce-446f-9fcf-db5c14d38f8b', 'admin', '123.117.119.22', 'Mozilla/5.0 (Windows NT 10.0; Win64; x64) AppleWebKit/537.36 (KHTML, like Gecko) LanMiaoDesktopOnline/1.0.0 Chrome/100.0.4896.75 Electron/18.0.3 Safari/537.36', '2022-05-14 10:42:54', '2022-05-14 10:42:54', NULL);
INSERT INTO `system_login_log` (`id`, `username`, `ip`, `ua`, `created_at`, `updated_at`, `deleted_at`) VALUES ('271fa940-9712-42af-98ef-5fe35eec891e', 'admin', '::1', 'Mozilla/5.0 (Macintosh; Intel Mac OS X 10_15_7) AppleWebKit/537.36 (KHTML, like Gecko) Chrome/101.0.4951.54 Safari/537.36', '2022-05-13 16:08:35', '2022-05-13 16:08:35', NULL);
INSERT INTO `system_login_log` (`id`, `username`, `ip`, `ua`, `created_at`, `updated_at`, `deleted_at`) VALUES ('27285b45-cd90-4e07-903b-2e8e5a310830', 'admin', '119.191.73.62', 'Mozilla/5.0 (Macintosh; Intel Mac OS X 10_15_7) AppleWebKit/537.36 (KHTML, like Gecko) LanMiaoDesktopOnline/1.0.0 Chrome/100.0.4896.75 Electron/18.0.3 Safari/537.36', '2022-11-29 16:46:36', '2022-11-29 16:46:36', NULL);
INSERT INTO `system_login_log` (`id`, `username`, `ip`, `ua`, `created_at`, `updated_at`, `deleted_at`) VALUES ('27f8ab3a-0b24-4e20-b2fe-5430d03d4079', 'admin', '192.168.0.65', 'Mozilla/5.0 (iPhone; CPU iPhone OS 13_2_3 like Mac OS X) AppleWebKit/605.1.15 (KHTML, like Gecko) Version/13.0.3 Mobile/15E148 Safari/604.1', '2022-08-22 16:54:39', '2022-08-22 16:54:39', NULL);
INSERT INTO `system_login_log` (`id`, `username`, `ip`, `ua`, `created_at`, `updated_at`, `deleted_at`) VALUES ('286879f0-f9d3-4ea7-aa35-8e522e5bb8e5', 'admin', '112.244.98.101', 'Mozilla/5.0 (Macintosh; Intel Mac OS X 10_15_7) AppleWebKit/537.36 (KHTML, like Gecko) Chrome/100.0.4896.60 Safari/537.36', '2022-04-11 11:36:23', '2022-04-11 11:36:23', NULL);
INSERT INTO `system_login_log` (`id`, `username`, `ip`, `ua`, `created_at`, `updated_at`, `deleted_at`) VALUES ('29554420-0800-4af6-abea-52561b5e3679', 'admin', '120.219.35.87', 'Mozilla/5.0 (Windows NT 10.0; Win64; x64) AppleWebKit/537.36 (KHTML, like Gecko) Chrome/102.0.5005.124 Safari/537.36 Edg/102.0.1245.44', '2022-06-19 19:45:54', '2022-06-19 19:45:54', NULL);
INSERT INTO `system_login_log` (`id`, `username`, `ip`, `ua`, `created_at`, `updated_at`, `deleted_at`) VALUES ('29f7bdae-6ebb-494a-a6df-d335a9850062', 'admin', '27.192.243.91', 'Mozilla/5.0 (Macintosh; Intel Mac OS X 10_15_7) AppleWebKit/537.36 (KHTML, like Gecko) Chrome/103.0.0.0 Safari/537.36', '2022-07-16 09:50:04', '2022-07-16 09:50:04', NULL);
INSERT INTO `system_login_log` (`id`, `username`, `ip`, `ua`, `created_at`, `updated_at`, `deleted_at`) VALUES ('2a604f2f-387f-4c4f-b2b5-2ac5f8af2078', 'admin', '210.162.143.230', 'Mozilla/5.0 (Windows NT 10.0; Win64; x64) AppleWebKit/537.36 (KHTML, like Gecko) Chrome/101.0.4951.67 Safari/537.36', '2022-05-27 11:26:18', '2022-05-27 11:26:18', NULL);
INSERT INTO `system_login_log` (`id`, `username`, `ip`, `ua`, `created_at`, `updated_at`, `deleted_at`) VALUES ('2b867ba1-3659-4092-a0da-0df1880c009f', 'admin', '223.90.190.156', 'Mozilla/5.0 (Windows NT 10.0; Win64; x64) AppleWebKit/537.36 (KHTML, like Gecko) LanMiaoDesktopOnline/1.0.0 Chrome/100.0.4896.75 Electron/18.0.3 Safari/537.36', '2022-06-12 11:40:35', '2022-06-12 11:40:35', NULL);
INSERT INTO `system_login_log` (`id`, `username`, `ip`, `ua`, `created_at`, `updated_at`, `deleted_at`) VALUES ('2bae11ab-c2d3-4417-b925-fd41f2e3710f', 'admin', '27.192.243.91', 'Mozilla/5.0 (Macintosh; Intel Mac OS X 10_15_7) AppleWebKit/537.36 (KHTML, like Gecko) Chrome/103.0.0.0 Safari/537.36', '2022-07-25 09:07:33', '2022-07-25 09:07:33', NULL);
INSERT INTO `system_login_log` (`id`, `username`, `ip`, `ua`, `created_at`, `updated_at`, `deleted_at`) VALUES ('2d46785f-4102-417d-8d25-ef44c252781b', 'admin', '123.232.218.101', 'Mozilla/5.0 (Windows NT 10.0; Win64; x64) AppleWebKit/537.36 (KHTML, like Gecko) Chrome/98.0.4758.82 Safari/537.36', '2022-03-24 10:18:08', '2022-03-24 10:18:08', NULL);
INSERT INTO `system_login_log` (`id`, `username`, `ip`, `ua`, `created_at`, `updated_at`, `deleted_at`) VALUES ('2f2353db-49b5-4c74-9137-881f63c0423a', 'admin', '183.192.14.191', 'Mozilla/5.0 (Windows NT 10.0; Win64; x64) AppleWebKit/537.36 (KHTML, like Gecko) Chrome/101.0.4951.54 Safari/537.36 Edg/101.0.1210.39', '2022-05-11 15:47:06', '2022-05-11 15:47:06', NULL);
INSERT INTO `system_login_log` (`id`, `username`, `ip`, `ua`, `created_at`, `updated_at`, `deleted_at`) VALUES ('30350bb4-f972-40c5-b525-70e8d100bc1d', 'admin', '::1', 'Mozilla/5.0 (Macintosh; Intel Mac OS X 10_15_7) AppleWebKit/537.36 (KHTML, like Gecko) Chrome/101.0.4951.54 Safari/537.36', '2022-05-13 15:41:15', '2022-05-13 15:41:15', NULL);
INSERT INTO `system_login_log` (`id`, `username`, `ip`, `ua`, `created_at`, `updated_at`, `deleted_at`) VALUES ('303f0210-352f-4c79-9986-507d94f62166', 'admin', '1.80.169.37', 'Mozilla/5.0 (Windows NT 10.0; Win64; x64) AppleWebKit/537.36 (KHTML, like Gecko) Chrome/108.0.0.0 Safari/537.36', '2022-12-06 14:47:45', '2022-12-06 14:47:45', NULL);
INSERT INTO `system_login_log` (`id`, `username`, `ip`, `ua`, `created_at`, `updated_at`, `deleted_at`) VALUES ('32089a1f-00ff-4f89-a814-d344b7f3cb88', 'admin', '121.8.157.231', 'Mozilla/5.0 (Windows NT 10.0; Win64; x64) AppleWebKit/537.36 (KHTML, like Gecko) Chrome/99.0.4844.84 Safari/537.36', '2022-05-13 09:58:43', '2022-05-13 09:58:43', NULL);
INSERT INTO `system_login_log` (`id`, `username`, `ip`, `ua`, `created_at`, `updated_at`, `deleted_at`) VALUES ('322d5e67-a0a3-45d7-a3a0-7c09d7b180ea', 'admin', '113.0.200.149', 'Mozilla/5.0 (Windows NT 10.0; WOW64) AppleWebKit/537.36 (KHTML, like Gecko) Chrome/103.0.5060.114 Safari/537.36', '2022-08-19 15:43:47', '2022-08-19 15:43:47', NULL);
INSERT INTO `system_login_log` (`id`, `username`, `ip`, `ua`, `created_at`, `updated_at`, `deleted_at`) VALUES ('3284e02c-fce6-4d61-8ccf-6f32baa4c8fa', 'admin', '118.250.182.41', 'Mozilla/5.0 (Windows NT 10.0; Win64; x64) AppleWebKit/537.36 (KHTML, like Gecko) Chrome/99.0.4844.74 Safari/537.36 Edg/99.0.1150.46', '2022-03-23 12:54:52', '2022-03-23 12:54:52', NULL);
INSERT INTO `system_login_log` (`id`, `username`, `ip`, `ua`, `created_at`, `updated_at`, `deleted_at`) VALUES ('32e9f007-05e1-4a93-b045-9c1d219e4b08', 'admin', '119.191.73.62', 'Mozilla/5.0 (Macintosh; Intel Mac OS X 10_15_7) AppleWebKit/537.36 (KHTML, like Gecko) Chrome/107.0.0.0 Safari/537.36', '2022-11-29 16:40:41', '2022-11-29 16:40:41', NULL);
INSERT INTO `system_login_log` (`id`, `username`, `ip`, `ua`, `created_at`, `updated_at`, `deleted_at`) VALUES ('333cff53-9701-499d-8589-62fe4c549f34', 'admin', '27.192.243.91', 'Mozilla/5.0 (Macintosh; Intel Mac OS X 10_15_7) AppleWebKit/537.36 (KHTML, like Gecko) Chrome/103.0.0.0 Safari/537.36', '2022-07-09 16:35:07', '2022-07-09 16:35:07', NULL);
INSERT INTO `system_login_log` (`id`, `username`, `ip`, `ua`, `created_at`, `updated_at`, `deleted_at`) VALUES ('34fee120-6091-40da-96f1-c058efea5e4b', 'admin', '49.67.191.51', 'Mozilla/5.0 (Windows NT 10.0; Win64; x64) AppleWebKit/537.36 (KHTML, like Gecko) Chrome/102.0.0.0 Safari/537.36', '2022-06-13 13:53:03', '2022-06-13 13:53:03', NULL);
INSERT INTO `system_login_log` (`id`, `username`, `ip`, `ua`, `created_at`, `updated_at`, `deleted_at`) VALUES ('36171098-2e53-4331-a029-047e2a459c82', 'admin', '110.184.104.82', 'Mozilla/5.0 (Windows NT 6.1; Win64; x64) AppleWebKit/537.36 (KHTML, like Gecko) Chrome/97.0.4692.99 Safari/537.36', '2022-08-07 21:42:13', '2022-08-07 21:42:13', NULL);
INSERT INTO `system_login_log` (`id`, `username`, `ip`, `ua`, `created_at`, `updated_at`, `deleted_at`) VALUES ('36b87bfe-4eaa-48f5-8c52-4b0fbba46b35', 'admin', '::1', 'Mozilla/5.0 (Macintosh; Intel Mac OS X 10_15_7) AppleWebKit/537.36 (KHTML, like Gecko) Chrome/100.0.4896.127 Safari/537.36', '2022-04-21 15:18:26', '2022-04-21 15:18:26', NULL);
INSERT INTO `system_login_log` (`id`, `username`, `ip`, `ua`, `created_at`, `updated_at`, `deleted_at`) VALUES ('38b4251b-83cc-48d8-a637-54036488f99e', 'admin', '::1', 'Mozilla/5.0 (Macintosh; Intel Mac OS X 10_15_7) AppleWebKit/537.36 (KHTML, like Gecko) Chrome/100.0.4896.127 Safari/537.36', '2022-04-28 16:35:56', '2022-04-28 16:35:56', NULL);
INSERT INTO `system_login_log` (`id`, `username`, `ip`, `ua`, `created_at`, `updated_at`, `deleted_at`) VALUES ('38fe658d-b84d-4654-90e5-4c6239c8261a', 'admin', '42.232.7.115', 'Mozilla/5.0 (Windows NT 10.0; Win64; x64) AppleWebKit/537.36 (KHTML, like Gecko) Chrome/102.0.5005.63 Safari/537.36 Edg/102.0.1245.39', '2022-06-16 21:13:40', '2022-06-16 21:13:40', NULL);
INSERT INTO `system_login_log` (`id`, `username`, `ip`, `ua`, `created_at`, `updated_at`, `deleted_at`) VALUES ('3902dd3a-b8d5-426d-a4ee-b4bc7a714017', 'admin', '59.41.59.58', 'Mozilla/5.0 (X11; Linux x86_64) AppleWebKit/537.36 (KHTML, like Gecko) Chrome/96.0.4664.45 Safari/537.36', '2022-03-27 21:41:05', '2022-03-27 21:41:05', NULL);
INSERT INTO `system_login_log` (`id`, `username`, `ip`, `ua`, `created_at`, `updated_at`, `deleted_at`) VALUES ('39295191-2f39-42fa-9d5b-34441fdf7c09', 'admin', '125.46.223.52', 'Mozilla/5.0 (Windows NT 10.0; Win64; x64) AppleWebKit/537.36 (KHTML, like Gecko) Chrome/104.0.5112.102 Safari/537.36 Edg/104.0.1293.63', '2022-08-24 10:44:37', '2022-08-24 10:44:37', NULL);
INSERT INTO `system_login_log` (`id`, `username`, `ip`, `ua`, `created_at`, `updated_at`, `deleted_at`) VALUES ('392fe682-87cc-4c34-9ac3-bd1555798e31', 'admin', '211.156.92.229', 'Mozilla/5.0 (Windows NT 10.0; Win64; x64) AppleWebKit/537.36 (KHTML, like Gecko) Chrome/100.0.4896.127 Safari/537.36 Edg/100.0.1185.44', '2022-04-20 00:41:32', '2022-04-20 00:41:32', NULL);
INSERT INTO `system_login_log` (`id`, `username`, `ip`, `ua`, `created_at`, `updated_at`, `deleted_at`) VALUES ('397c88b4-5baf-4ba2-8308-d91b97d5fc30', 'admin', '223.214.210.136', 'Mozilla/5.0 (Windows NT 6.1) AppleWebKit/537.36 (KHTML, like Gecko) Chrome/70.0.3538.25 Safari/537.36 Core/1.70.3870.400 QQBrowser/10.8.4405.400', '2022-06-03 20:55:11', '2022-06-03 20:55:11', NULL);
INSERT INTO `system_login_log` (`id`, `username`, `ip`, `ua`, `created_at`, `updated_at`, `deleted_at`) VALUES ('39eaa348-5f9b-48f3-95c2-edb5354f70f6', 'admin', '113.106.87.236', 'Mozilla/5.0 (Macintosh; Intel Mac OS X 10_15_7) AppleWebKit/537.36 (KHTML, like Gecko) Chrome/102.0.0.0 Safari/537.36', '2022-06-14 20:00:21', '2022-06-14 20:00:21', NULL);
INSERT INTO `system_login_log` (`id`, `username`, `ip`, `ua`, `created_at`, `updated_at`, `deleted_at`) VALUES ('3a1c40da-2f92-42d8-81c5-0b194e2776e7', 'admin', '::1', 'Mozilla/5.0 (iPhone; CPU iPhone OS 13_2_3 like Mac OS X) AppleWebKit/605.1.15 (KHTML, like Gecko) Version/13.0.3 Mobile/15E148 Safari/604.1', '2022-08-09 22:30:12', '2022-08-09 22:30:12', NULL);
INSERT INTO `system_login_log` (`id`, `username`, `ip`, `ua`, `created_at`, `updated_at`, `deleted_at`) VALUES ('3a32ad0e-9c29-48b5-94c4-41d1fa56de27', 'admin', '120.219.35.109', 'Mozilla/5.0 (Windows NT 10.0; Win64; x64) AppleWebKit/537.36 (KHTML, like Gecko) Chrome/103.0.5060.114 Safari/537.36 Edg/103.0.1264.62', '2022-07-19 17:23:15', '2022-07-19 17:23:15', NULL);
INSERT INTO `system_login_log` (`id`, `username`, `ip`, `ua`, `created_at`, `updated_at`, `deleted_at`) VALUES ('3a58c5ff-08cd-432e-bfad-b5e7a729fde7', 'admin', '183.230.102.101', 'Mozilla/5.0 (Macintosh; Intel Mac OS X 10_15_7) AppleWebKit/537.36 (KHTML, like Gecko) Chrome/102.0.5005.124 Safari/537.36 Edg/102.0.1245.44', '2022-06-24 10:50:07', '2022-06-24 10:50:07', NULL);
INSERT INTO `system_login_log` (`id`, `username`, `ip`, `ua`, `created_at`, `updated_at`, `deleted_at`) VALUES ('3b14e26f-b87e-4f09-87f8-31bb279f7de6', 'admin', '95.85.94.16', 'Mozilla/5.0 (Windows NT 10.0; Win64; x64) AppleWebKit/537.36 (KHTML, like Gecko) Chrome/103.0.0.0 Safari/537.36', '2022-07-11 11:51:30', '2022-07-11 11:51:30', NULL);
INSERT INTO `system_login_log` (`id`, `username`, `ip`, `ua`, `created_at`, `updated_at`, `deleted_at`) VALUES ('3bb12b08-cdf1-47ab-9b50-4748d59540c6', 'admin', '221.219.99.30', 'Mozilla/5.0 (Macintosh; Intel Mac OS X 10_15_7) AppleWebKit/537.36 (KHTML, like Gecko) LanMiaoDesktopOnline/1.0.0 Chrome/100.0.4896.75 Electron/18.0.3 Safari/537.36', '2022-06-27 22:18:46', '2022-06-27 22:18:46', NULL);
INSERT INTO `system_login_log` (`id`, `username`, `ip`, `ua`, `created_at`, `updated_at`, `deleted_at`) VALUES ('3c17ab81-cbbe-494b-9118-d9e34e07ebd6', 'admin', '::1', 'Mozilla/5.0 (Macintosh; Intel Mac OS X 10_15_7) AppleWebKit/537.36 (KHTML, like Gecko) Chrome/101.0.4951.54 Safari/537.36', '2022-05-06 12:08:17', '2022-05-06 12:08:17', NULL);
INSERT INTO `system_login_log` (`id`, `username`, `ip`, `ua`, `created_at`, `updated_at`, `deleted_at`) VALUES ('3c364d7e-7d11-4c85-ad7f-5b07f093589d', 'admin', '1.85.9.6', 'Mozilla/5.0 (Windows NT 10.0; Win64; x64) AppleWebKit/537.36 (KHTML, like Gecko) Chrome/96.0.4664.45 Safari/537.36', '2022-05-17 10:24:57', '2022-05-17 10:24:57', NULL);
INSERT INTO `system_login_log` (`id`, `username`, `ip`, `ua`, `created_at`, `updated_at`, `deleted_at`) VALUES ('3cbabbac-d373-48bf-b993-23de3ca22baf', 'admin', '223.96.71.182', 'Mozilla/5.0 (Windows NT 10.0; Win64; x64) AppleWebKit/537.36 (KHTML, like Gecko) Chrome/101.0.4951.64 Safari/537.36 Edg/101.0.1210.53', '2022-05-28 01:55:21', '2022-05-28 01:55:21', NULL);
INSERT INTO `system_login_log` (`id`, `username`, `ip`, `ua`, `created_at`, `updated_at`, `deleted_at`) VALUES ('3d857fbd-aa4f-400a-b573-24bdf50942a9', 'admin', '112.86.40.226', 'Mozilla/5.0 (Macintosh; Intel Mac OS X 10_15_7) AppleWebKit/537.36 (KHTML, like Gecko) Chrome/102.0.5005.61 Safari/537.36', '2022-06-03 22:41:19', '2022-06-03 22:41:19', NULL);
INSERT INTO `system_login_log` (`id`, `username`, `ip`, `ua`, `created_at`, `updated_at`, `deleted_at`) VALUES ('3f157da8-c664-4eb5-8061-2e8b16f43e27', 'admin', '192.168.0.117', 'Mozilla/5.0 (Linux; Android 11; Redmi K30 Pro Build/RKQ1.200826.002; wv) AppleWebKit/537.36 (KHTML, like Gecko) Version/4.0 Chrome/90.0.4430.210 Mobile Safari/537.36 uni-app Html5Plus/1.0 (Immersed/34.909092)', '2022-08-22 15:54:41', '2022-08-22 15:54:41', NULL);
INSERT INTO `system_login_log` (`id`, `username`, `ip`, `ua`, `created_at`, `updated_at`, `deleted_at`) VALUES ('3f57311a-a899-4be3-be53-384d115155ec', 'admin', '::1', 'Mozilla/5.0 (iPhone; CPU iPhone OS 13_2_3 like Mac OS X) AppleWebKit/605.1.15 (KHTML, like Gecko) Version/13.0.3 Mobile/15E148 Safari/604.1', '2022-08-10 20:57:23', '2022-08-10 20:57:23', NULL);
INSERT INTO `system_login_log` (`id`, `username`, `ip`, `ua`, `created_at`, `updated_at`, `deleted_at`) VALUES ('40d7cbb4-711e-4dcb-8f42-e1a135dca2ac', 'admin', '27.192.243.91', 'Mozilla/5.0 (Macintosh; Intel Mac OS X 10_15_7) AppleWebKit/537.36 (KHTML, like Gecko) LanMiaoDesktopOnline/1.0.0 Chrome/100.0.4896.75 Electron/18.0.3 Safari/537.36', '2022-04-28 11:23:25', '2022-04-28 11:23:25', NULL);
INSERT INTO `system_login_log` (`id`, `username`, `ip`, `ua`, `created_at`, `updated_at`, `deleted_at`) VALUES ('4124803c-d377-491a-bd5d-1dec6c297079', 'admin', '::1', 'Mozilla/5.0 (iPhone; CPU iPhone OS 13_2_3 like Mac OS X) AppleWebKit/605.1.15 (KHTML, like Gecko) Version/13.0.3 Mobile/15E148 Safari/604.1', '2022-08-16 10:44:57', '2022-08-16 10:44:57', NULL);
INSERT INTO `system_login_log` (`id`, `username`, `ip`, `ua`, `created_at`, `updated_at`, `deleted_at`) VALUES ('4185d8fe-88fa-4320-bc27-4b150c25c806', 'admin', '::1', 'Mozilla/5.0 (Macintosh; Intel Mac OS X 10_15_7) AppleWebKit/537.36 (KHTML, like Gecko) Chrome/107.0.0.0 Safari/537.36', '2022-11-11 11:41:51', '2022-11-11 11:41:51', NULL);
INSERT INTO `system_login_log` (`id`, `username`, `ip`, `ua`, `created_at`, `updated_at`, `deleted_at`) VALUES ('43d1a114-da79-45c9-b79f-fea9ce5a95bb', 'admin', '120.235.186.94', 'Mozilla/5.0 (Windows NT 6.1; WOW64) AppleWebKit/537.36 (KHTML, like Gecko) Chrome/86.0.4240.198 Safari/537.36', '2022-08-25 16:04:07', '2022-08-25 16:04:07', NULL);
INSERT INTO `system_login_log` (`id`, `username`, `ip`, `ua`, `created_at`, `updated_at`, `deleted_at`) VALUES ('446a9cb2-a8f7-4422-926f-d740a71596a2', 'admin', '110.52.13.25', 'Mozilla/5.0 (Windows NT 10.0; WOW64) AppleWebKit/537.36 (KHTML, like Gecko) Chrome/80.0.3987.87 Safari/537.36 SE 2.X MetaSr 1.0', '2022-05-11 11:22:06', '2022-05-11 11:22:06', NULL);
INSERT INTO `system_login_log` (`id`, `username`, `ip`, `ua`, `created_at`, `updated_at`, `deleted_at`) VALUES ('4478af22-4528-4fbf-9f23-7b1680b823cd', 'admin', '111.20.224.162', 'Mozilla/5.0 (Macintosh; Intel Mac OS X 10_15_7) AppleWebKit/537.36 (KHTML, like Gecko) Chrome/103.0.0.0 Safari/537.36', '2022-07-12 11:13:02', '2022-07-12 11:13:02', NULL);
INSERT INTO `system_login_log` (`id`, `username`, `ip`, `ua`, `created_at`, `updated_at`, `deleted_at`) VALUES ('44e3ed16-fdf4-4d3a-b83f-babab1aef092', 'admin', '::1', 'Mozilla/5.0 (Macintosh; Intel Mac OS X 10_15_7) AppleWebKit/537.36 (KHTML, like Gecko) Chrome/99.0.4844.74 Safari/537.36', '2022-03-21 21:02:47', '2022-03-21 21:02:47', NULL);
INSERT INTO `system_login_log` (`id`, `username`, `ip`, `ua`, `created_at`, `updated_at`, `deleted_at`) VALUES ('4587d80c-e79e-4895-b411-e14de6cbde26', 'admin', '::1', 'Mozilla/5.0 (iPhone; CPU iPhone OS 13_2_3 like Mac OS X) AppleWebKit/605.1.15 (KHTML, like Gecko) Version/13.0.3 Mobile/15E148 Safari/604.1', '2022-05-11 15:18:10', '2022-05-11 15:18:10', NULL);
INSERT INTO `system_login_log` (`id`, `username`, `ip`, `ua`, `created_at`, `updated_at`, `deleted_at`) VALUES ('45910ff9-d812-45d0-bc78-b7f99bf5fcbe', 'admin', '117.30.220.50', 'Mozilla/5.0 (Windows NT 6.1; Win64; x64) AppleWebKit/537.36 (KHTML, like Gecko) Chrome/95.0.4638.69 Safari/537.36', '2022-08-20 10:57:55', '2022-08-20 10:57:55', NULL);
INSERT INTO `system_login_log` (`id`, `username`, `ip`, `ua`, `created_at`, `updated_at`, `deleted_at`) VALUES ('45bb95cf-fdce-4d69-ade5-4f7b6e93bf94', 'admin', '192.168.0.65', 'Mozilla/5.0 (iPhone; CPU iPhone OS 13_2_3 like Mac OS X) AppleWebKit/605.1.15 (KHTML, like Gecko) Version/13.0.3 Mobile/15E148 Safari/604.1', '2022-08-22 11:30:42', '2022-08-22 11:30:42', NULL);
INSERT INTO `system_login_log` (`id`, `username`, `ip`, `ua`, `created_at`, `updated_at`, `deleted_at`) VALUES ('46147bb2-0a0a-4755-9443-dec15a003ac5', 'admin', '::1', 'Mozilla/5.0 (iPhone; CPU iPhone OS 13_2_3 like Mac OS X) AppleWebKit/605.1.15 (KHTML, like Gecko) Version/13.0.3 Mobile/15E148 Safari/604.1', '2022-05-17 09:10:55', '2022-05-17 09:10:55', NULL);
INSERT INTO `system_login_log` (`id`, `username`, `ip`, `ua`, `created_at`, `updated_at`, `deleted_at`) VALUES ('46f39b2c-9710-4c35-9c89-9fd673089182', 'admin', '112.243.32.230', 'Mozilla/5.0 (Macintosh; Intel Mac OS X 10_15_7) AppleWebKit/537.36 (KHTML, like Gecko) LanMiaoDesktopOnline/1.0.0 Chrome/100.0.4896.75 Electron/18.0.3 Safari/537.36', '2022-11-28 13:23:03', '2022-11-28 13:23:03', NULL);
INSERT INTO `system_login_log` (`id`, `username`, `ip`, `ua`, `created_at`, `updated_at`, `deleted_at`) VALUES ('484202bc-14c3-4aee-a617-27eb251fd4a0', 'admin', '::1', 'Mozilla/5.0 (Macintosh; Intel Mac OS X 10_15_7) AppleWebKit/537.36 (KHTML, like Gecko) Chrome/101.0.4951.54 Safari/537.36', '2022-05-13 11:18:01', '2022-05-13 11:18:01', NULL);
INSERT INTO `system_login_log` (`id`, `username`, `ip`, `ua`, `created_at`, `updated_at`, `deleted_at`) VALUES ('4849ed4e-bdf3-465d-ab0f-c383cf97c305', 'admin', '::1', 'Mozilla/5.0 (Macintosh; Intel Mac OS X 10_15_7) AppleWebKit/537.36 (KHTML, like Gecko) Chrome/101.0.4951.54 Safari/537.36', '2022-05-17 15:41:08', '2022-05-17 15:41:08', NULL);
INSERT INTO `system_login_log` (`id`, `username`, `ip`, `ua`, `created_at`, `updated_at`, `deleted_at`) VALUES ('48ec4251-ed51-46ab-b32e-95bb222bb211', 'admin', '::1', 'Mozilla/5.0 (Macintosh; Intel Mac OS X 10_15_7) AppleWebKit/537.36 (KHTML, like Gecko) Chrome/100.0.4896.127 Safari/537.36', '2022-04-28 16:11:02', '2022-04-28 16:11:02', NULL);
INSERT INTO `system_login_log` (`id`, `username`, `ip`, `ua`, `created_at`, `updated_at`, `deleted_at`) VALUES ('48fe6ba3-8969-47f8-b606-8e2940f03c51', 'admin', '192.168.0.120', 'Mozilla/5.0 (Linux; Android 12; Redmi K30 Pro Build/SKQ1.211006.001; wv) AppleWebKit/537.36 (KHTML, like Gecko) Version/4.0 Chrome/96.0.4664.104 Mobile Safari/537.36 uni-app Html5Plus/1.0 (Immersed/34.909092)', '2022-11-11 11:25:08', '2022-11-11 11:25:08', NULL);
INSERT INTO `system_login_log` (`id`, `username`, `ip`, `ua`, `created_at`, `updated_at`, `deleted_at`) VALUES ('490be166-8181-4b17-bc24-1dd9c0102e48', 'admin', '::1', 'Mozilla/5.0 (Macintosh; Intel Mac OS X 10_15_7) AppleWebKit/537.36 (KHTML, like Gecko) Chrome/101.0.4951.54 Safari/537.36', '2022-05-13 16:12:22', '2022-05-13 16:12:22', NULL);
INSERT INTO `system_login_log` (`id`, `username`, `ip`, `ua`, `created_at`, `updated_at`, `deleted_at`) VALUES ('49a548d6-5379-46fd-b362-b3482f6b6007', 'admin', '223.104.41.252', 'Mozilla/5.0 (Macintosh; Intel Mac OS X 10_15_7) AppleWebKit/537.36 (KHTML, like Gecko) Chrome/102.0.0.0 Safari/537.36', '2022-07-12 11:17:00', '2022-07-12 11:17:00', NULL);
INSERT INTO `system_login_log` (`id`, `username`, `ip`, `ua`, `created_at`, `updated_at`, `deleted_at`) VALUES ('49feddb7-5ce4-4135-9a6a-2ba83f1a5d11', 'admin', '192.168.0.65', 'Mozilla/5.0 (iPhone; CPU iPhone OS 13_2_3 like Mac OS X) AppleWebKit/605.1.15 (KHTML, like Gecko) Version/13.0.3 Mobile/15E148 Safari/604.1', '2022-08-22 14:41:13', '2022-08-22 14:41:13', NULL);
INSERT INTO `system_login_log` (`id`, `username`, `ip`, `ua`, `created_at`, `updated_at`, `deleted_at`) VALUES ('4b71c83b-9599-480a-98df-7334c606210e', 'admin', '59.41.59.58', 'Mozilla/5.0 (X11; Linux x86_64) AppleWebKit/537.36 (KHTML, like Gecko) Chrome/96.0.4664.45 Safari/537.36', '2022-03-24 15:21:49', '2022-03-24 15:21:49', NULL);
INSERT INTO `system_login_log` (`id`, `username`, `ip`, `ua`, `created_at`, `updated_at`, `deleted_at`) VALUES ('4bef0fdf-8754-460a-a1d5-c6a4ca8d5004', 'admin', '36.154.118.15', 'Mozilla/5.0 (Windows NT 10.0; Win64; x64) AppleWebKit/537.36 (KHTML, like Gecko) Chrome/100.0.4896.127 Safari/537.36 Edg/100.0.1185.44', '2022-04-20 21:27:16', '2022-04-20 21:27:16', NULL);
INSERT INTO `system_login_log` (`id`, `username`, `ip`, `ua`, `created_at`, `updated_at`, `deleted_at`) VALUES ('4c50b697-25e5-448a-95ee-9513f8b9474a', 'admin', '27.192.243.91', 'Mozilla/5.0 (Macintosh; Intel Mac OS X 10_15_7) AppleWebKit/537.36 (KHTML, like Gecko) LanMiaoDesktopOnline/1.0.0 Chrome/100.0.4896.75 Electron/18.0.3 Safari/537.36', '2022-04-28 16:11:14', '2022-04-28 16:11:14', NULL);
INSERT INTO `system_login_log` (`id`, `username`, `ip`, `ua`, `created_at`, `updated_at`, `deleted_at`) VALUES ('4c919450-3b09-4f09-91a3-d580e0c94224', 'admin', '61.155.198.231', 'Mozilla/5.0 (Windows NT 10.0; Win64; x64) AppleWebKit/537.36 (KHTML, like Gecko) Chrome/100.0.4896.127 Safari/537.36', '2022-04-28 10:07:01', '2022-04-28 10:07:01', NULL);
INSERT INTO `system_login_log` (`id`, `username`, `ip`, `ua`, `created_at`, `updated_at`, `deleted_at`) VALUES ('4c92c86b-4ac0-4a83-80e5-7835a1e21a90', 'admin', '218.17.161.51', 'Mozilla/5.0 (Windows NT 10.0; Win64; x64) AppleWebKit/537.36 (KHTML, like Gecko) Chrome/99.0.4844.51 Safari/537.36', '2022-06-27 14:02:52', '2022-06-27 14:02:52', NULL);
INSERT INTO `system_login_log` (`id`, `username`, `ip`, `ua`, `created_at`, `updated_at`, `deleted_at`) VALUES ('4dd071ff-1add-4469-b12c-ef0873e4ab59', 'admin', '123.125.250.93', 'Mozilla/5.0 (Macintosh; Intel Mac OS X 10_15_7) AppleWebKit/537.36 (KHTML, like Gecko) Chrome/102.0.0.0 Safari/537.36', '2022-06-28 17:34:33', '2022-06-28 17:34:33', NULL);
INSERT INTO `system_login_log` (`id`, `username`, `ip`, `ua`, `created_at`, `updated_at`, `deleted_at`) VALUES ('4e096681-ddf6-4c6f-be3b-89fbd21a5162', 'admin', '::1', 'Mozilla/5.0 (Macintosh; Intel Mac OS X 10_15_7) AppleWebKit/537.36 (KHTML, like Gecko) Chrome/103.0.0.0 Safari/537.36', '2022-07-01 09:15:38', '2022-07-01 09:15:38', NULL);
INSERT INTO `system_login_log` (`id`, `username`, `ip`, `ua`, `created_at`, `updated_at`, `deleted_at`) VALUES ('4e8dbd8f-afbd-4e9d-8fc8-2ce50b11f042', 'admin', '192.168.0.117', 'Mozilla/5.0 (Linux; Android 11; Redmi K30 Pro Build/RKQ1.200826.002; wv) AppleWebKit/537.36 (KHTML, like Gecko) Version/4.0 Chrome/90.0.4430.210 Mobile Safari/537.36 uni-app Html5Plus/1.0 (Immersed/34.909092)', '2022-08-22 11:37:58', '2022-08-22 11:37:58', NULL);
INSERT INTO `system_login_log` (`id`, `username`, `ip`, `ua`, `created_at`, `updated_at`, `deleted_at`) VALUES ('4eb4c6c0-8ec6-4ce7-8c29-4e1fce890a3d', 'admin', '123.12.121.195', 'Mozilla/5.0 (Windows NT 6.1; Win64; x64) AppleWebKit/537.36 (KHTML, like Gecko) Chrome/98.0.4758.102 Safari/537.36', '2022-06-15 15:25:05', '2022-06-15 15:25:05', NULL);
INSERT INTO `system_login_log` (`id`, `username`, `ip`, `ua`, `created_at`, `updated_at`, `deleted_at`) VALUES ('518bce40-0a6b-41da-beb3-ffca53ea1f37', 'admin', '116.1.241.5', 'Mozilla/5.0 (Macintosh; Intel Mac OS X 10_15_7) AppleWebKit/537.36 (KHTML, like Gecko) LanMiaoDesktopOnline/1.0.0 Chrome/100.0.4896.75 Electron/18.0.3 Safari/537.36', '2022-05-31 19:14:54', '2022-05-31 19:14:54', NULL);
INSERT INTO `system_login_log` (`id`, `username`, `ip`, `ua`, `created_at`, `updated_at`, `deleted_at`) VALUES ('51b0915d-d176-4fbb-bb54-12a70a434acf', 'admin', '::1', 'Mozilla/5.0 (Macintosh; Intel Mac OS X 10_15_7) AppleWebKit/537.36 (KHTML, like Gecko) Chrome/100.0.4896.127 Safari/537.36', '2022-04-28 15:56:17', '2022-04-28 15:56:17', NULL);
INSERT INTO `system_login_log` (`id`, `username`, `ip`, `ua`, `created_at`, `updated_at`, `deleted_at`) VALUES ('52c2e24d-61fd-40b7-99c2-b3a23352cfd1', 'admin', '183.192.10.206', 'Mozilla/5.0 (Windows NT 10.0; Win64; x64) AppleWebKit/537.36 (KHTML, like Gecko) Chrome/99.0.4844.74 Safari/537.36 Edg/99.0.1150.55', '2022-03-29 23:04:20', '2022-03-29 23:04:20', NULL);
INSERT INTO `system_login_log` (`id`, `username`, `ip`, `ua`, `created_at`, `updated_at`, `deleted_at`) VALUES ('549247db-e59c-4a6c-8ef3-65e9e26fbc6a', 'admin', '::1', 'Mozilla/5.0 (Macintosh; Intel Mac OS X 10_15_7) AppleWebKit/537.36 (KHTML, like Gecko) Chrome/101.0.4951.54 Safari/537.36', '2022-05-12 15:36:09', '2022-05-12 15:36:09', NULL);
INSERT INTO `system_login_log` (`id`, `username`, `ip`, `ua`, `created_at`, `updated_at`, `deleted_at`) VALUES ('55705b07-d023-4578-939f-5c949671cebd', 'admin', '::1', 'Mozilla/5.0 (Macintosh; Intel Mac OS X 10_15_7) AppleWebKit/537.36 (KHTML, like Gecko) LanMiaoDesktopOnline/1.0.0 Chrome/100.0.4896.75 Electron/18.0.3 Safari/537.36', '2022-04-28 16:05:53', '2022-04-28 16:05:53', NULL);
INSERT INTO `system_login_log` (`id`, `username`, `ip`, `ua`, `created_at`, `updated_at`, `deleted_at`) VALUES ('5585fc28-11dc-4b6e-9631-00b90edda060', 'admin', '::1', 'Mozilla/5.0 (iPhone; CPU iPhone OS 13_2_3 like Mac OS X) AppleWebKit/605.1.15 (KHTML, like Gecko) Version/13.0.3 Mobile/15E148 Safari/604.1', '2022-05-11 17:14:08', '2022-05-11 17:14:08', NULL);
INSERT INTO `system_login_log` (`id`, `username`, `ip`, `ua`, `created_at`, `updated_at`, `deleted_at`) VALUES ('55dcf5a9-3bae-4cb5-bd8c-a53cc7988926', 'admin', '123.114.103.204', 'Mozilla/5.0 (Windows NT 10.0; Win64; x64) AppleWebKit/537.36 (KHTML, like Gecko) Chrome/101.0.4951.54 Safari/537.36', '2022-05-28 11:58:55', '2022-05-28 11:58:55', NULL);
INSERT INTO `system_login_log` (`id`, `username`, `ip`, `ua`, `created_at`, `updated_at`, `deleted_at`) VALUES ('5731bc56-1804-46c2-adac-2a7ff9cbfad2', 'admin', '183.162.224.227', 'Mozilla/5.0 (Windows NT 10.0; Win64; x64) AppleWebKit/537.36 (KHTML, like Gecko) Chrome/100.0.4896.75 Safari/537.36', '2022-04-07 14:05:47', '2022-04-07 14:05:47', NULL);
INSERT INTO `system_login_log` (`id`, `username`, `ip`, `ua`, `created_at`, `updated_at`, `deleted_at`) VALUES ('5746221b-05a7-443c-ac77-852dbde282d6', 'admin', '110.52.12.210', 'Mozilla/5.0 (Windows NT 10.0; WOW64) AppleWebKit/537.36 (KHTML, like Gecko) Chrome/80.0.3987.87 Safari/537.36 SE 2.X MetaSr 1.0', '2022-03-29 13:01:20', '2022-03-29 13:01:20', NULL);
INSERT INTO `system_login_log` (`id`, `username`, `ip`, `ua`, `created_at`, `updated_at`, `deleted_at`) VALUES ('574eef00-b46f-4e89-8f83-83fbb154ab46', 'admin', '120.70.58.80', 'Mozilla/5.0 (Windows NT 10.0; Win64; x64) AppleWebKit/537.36 (KHTML, like Gecko) Chrome/102.0.0.0 Safari/537.36', '2022-06-30 17:56:16', '2022-06-30 17:56:16', NULL);
INSERT INTO `system_login_log` (`id`, `username`, `ip`, `ua`, `created_at`, `updated_at`, `deleted_at`) VALUES ('5778ade2-7df1-4464-85be-b40f650d7cbe', 'admin', '117.143.116.78', 'Mozilla/5.0 (Windows NT 10.0; Win64; x64) AppleWebKit/537.36 (KHTML, like Gecko) LanMiaoDesktopOnline/1.0.0 Chrome/100.0.4896.75 Electron/18.0.3 Safari/537.36', '2022-08-20 15:59:12', '2022-08-20 15:59:12', NULL);
INSERT INTO `system_login_log` (`id`, `username`, `ip`, `ua`, `created_at`, `updated_at`, `deleted_at`) VALUES ('57e22104-4174-4044-87d9-318b91e357d8', 'admin', '127.0.0.1', 'Mozilla/5.0 (Macintosh; Intel Mac OS X 10_15_7) AppleWebKit/605.1.15 (KHTML, like Gecko) Version/16.0 Safari/605.1.15', '2022-10-11 10:52:48', '2022-10-11 10:52:48', NULL);
INSERT INTO `system_login_log` (`id`, `username`, `ip`, `ua`, `created_at`, `updated_at`, `deleted_at`) VALUES ('587eefec-0618-4a29-a9a6-1d14c917a50c', 'admin', '34.97.10.229', 'Mozilla/5.0 (Windows NT 10.0; Win64; x64) AppleWebKit/537.36 (KHTML, like Gecko) Chrome/101.0.4951.54 Safari/537.36', '2022-05-11 12:20:38', '2022-05-11 12:20:38', NULL);
INSERT INTO `system_login_log` (`id`, `username`, `ip`, `ua`, `created_at`, `updated_at`, `deleted_at`) VALUES ('58da5be4-1f06-4ec3-9f73-cf4ab5bde40e', 'admin', '223.90.190.156', 'Mozilla/5.0 (Windows NT 10.0; Win64; x64) AppleWebKit/537.36 (KHTML, like Gecko) Chrome/102.0.5005.63 Safari/537.36 Edg/102.0.1245.33', '2022-06-12 11:31:43', '2022-06-12 11:31:43', NULL);
INSERT INTO `system_login_log` (`id`, `username`, `ip`, `ua`, `created_at`, `updated_at`, `deleted_at`) VALUES ('598fd35d-4031-4fa4-b1fc-c352dce13703', 'admin', '::1', 'Mozilla/5.0 (Macintosh; Intel Mac OS X 10_15_7) AppleWebKit/537.36 (KHTML, like Gecko) Chrome/100.0.4896.127 Safari/537.36', '2022-04-28 16:13:46', '2022-04-28 16:13:46', NULL);
INSERT INTO `system_login_log` (`id`, `username`, `ip`, `ua`, `created_at`, `updated_at`, `deleted_at`) VALUES ('5ca2fece-3088-4a5a-8627-153898d61bef', 'admin', '::1', 'Mozilla/5.0 (Macintosh; Intel Mac OS X 10_15_7) AppleWebKit/537.36 (KHTML, like Gecko) Chrome/99.0.4844.74 Safari/537.36', '2022-03-21 20:52:09', '2022-03-21 20:52:09', NULL);
INSERT INTO `system_login_log` (`id`, `username`, `ip`, `ua`, `created_at`, `updated_at`, `deleted_at`) VALUES ('5d1f3b04-14cc-4c6a-a2b9-cc49634a6b29', 'admin', '171.83.63.233', 'Mozilla/5.0 (Windows NT 10.0; Win64; x64) AppleWebKit/537.36 (KHTML, like Gecko) Chrome/104.0.0.0 Safari/537.36', '2022-08-24 11:56:44', '2022-08-24 11:56:44', NULL);
INSERT INTO `system_login_log` (`id`, `username`, `ip`, `ua`, `created_at`, `updated_at`, `deleted_at`) VALUES ('5e184fb3-f4db-48e5-977e-5f1288aa8441', 'admin', '::1', 'Mozilla/5.0 (Macintosh; Intel Mac OS X 10_15_7) AppleWebKit/537.36 (KHTML, like Gecko) Chrome/101.0.4951.54 Safari/537.36', '2022-05-12 14:54:22', '2022-05-12 14:54:22', NULL);
INSERT INTO `system_login_log` (`id`, `username`, `ip`, `ua`, `created_at`, `updated_at`, `deleted_at`) VALUES ('5e2aaae8-081e-4f3a-b0ae-2bb873fb4a82', 'admin', '::1', 'Mozilla/5.0 (iPhone; CPU iPhone OS 13_2_3 like Mac OS X) AppleWebKit/605.1.15 (KHTML, like Gecko) Version/13.0.3 Mobile/15E148 Safari/604.1', '2022-08-15 16:09:43', '2022-08-15 16:09:43', NULL);
INSERT INTO `system_login_log` (`id`, `username`, `ip`, `ua`, `created_at`, `updated_at`, `deleted_at`) VALUES ('5e8e0b8d-daeb-4621-8540-50c3889a69dd', 'admin', '::1', 'Mozilla/5.0 (Macintosh; Intel Mac OS X 10_15_7) AppleWebKit/537.36 (KHTML, like Gecko) Chrome/104.0.0.0 Safari/537.36', '2022-08-16 10:42:13', '2022-08-16 10:42:13', NULL);
INSERT INTO `system_login_log` (`id`, `username`, `ip`, `ua`, `created_at`, `updated_at`, `deleted_at`) VALUES ('5ed3df1a-a54f-4d2b-8a4a-3923ce009217', 'admin', '192.168.0.65', 'Mozilla/5.0 (iPhone; CPU iPhone OS 13_2_3 like Mac OS X) AppleWebKit/605.1.15 (KHTML, like Gecko) Version/13.0.3 Mobile/15E148 Safari/604.1', '2022-08-22 14:30:09', '2022-08-22 14:30:09', NULL);
INSERT INTO `system_login_log` (`id`, `username`, `ip`, `ua`, `created_at`, `updated_at`, `deleted_at`) VALUES ('5f159e85-ee5b-46ce-9be1-b33a41ed9fef', 'admin', '192.168.0.63', 'Mozilla/5.0 (iPhone; CPU iPhone OS 13_2_3 like Mac OS X) AppleWebKit/605.1.15 (KHTML, like Gecko) Version/13.0.3 Mobile/15E148 Safari/604.1', '2022-09-26 16:26:52', '2022-09-26 16:26:52', NULL);
INSERT INTO `system_login_log` (`id`, `username`, `ip`, `ua`, `created_at`, `updated_at`, `deleted_at`) VALUES ('5fb182ab-6f99-4de9-86e0-8d3a6a606e43', 'admin', '182.48.107.50', 'Mozilla/5.0 (Windows NT 10.0; Win64; x64) AppleWebKit/537.36 (KHTML, like Gecko) LanMiaoDesktopOnline/1.0.0 Chrome/100.0.4896.75 Electron/18.0.3 Safari/537.36', '2022-06-09 11:40:54', '2022-06-09 11:40:54', NULL);
INSERT INTO `system_login_log` (`id`, `username`, `ip`, `ua`, `created_at`, `updated_at`, `deleted_at`) VALUES ('5fe47fcb-2a27-44ca-9b94-4b9cdf7225e1', 'admin', '1.204.49.198', 'Mozilla/5.0 (Windows NT 10.0; Win64; x64) AppleWebKit/537.36 (KHTML, like Gecko) Chrome/99.0.4844.82 Safari/537.36', '2022-06-10 14:42:49', '2022-06-10 14:42:49', NULL);
INSERT INTO `system_login_log` (`id`, `username`, `ip`, `ua`, `created_at`, `updated_at`, `deleted_at`) VALUES ('605a3927-0655-4215-bde7-c2ef819f656d', 'admin', '27.155.194.163', 'Mozilla/5.0 (Windows NT 10.0; Win64; x64) AppleWebKit/537.36 (KHTML, like Gecko) Chrome/103.0.5060.114 Safari/537.36 Edg/103.0.1264.49', '2022-07-12 09:56:35', '2022-07-12 09:56:35', NULL);
INSERT INTO `system_login_log` (`id`, `username`, `ip`, `ua`, `created_at`, `updated_at`, `deleted_at`) VALUES ('625145d5-812b-42ee-8a65-61fe7014812e', 'admin', '192.168.0.65', 'Mozilla/5.0 (iPhone; CPU iPhone OS 13_2_3 like Mac OS X) AppleWebKit/605.1.15 (KHTML, like Gecko) Version/13.0.3 Mobile/15E148 Safari/604.1', '2022-08-22 14:41:47', '2022-08-22 14:41:47', NULL);
INSERT INTO `system_login_log` (`id`, `username`, `ip`, `ua`, `created_at`, `updated_at`, `deleted_at`) VALUES ('62b51325-e37c-468f-916c-cdeedd72c558', 'admin', '124.14.94.110', 'Mozilla/5.0 (Macintosh; Intel Mac OS X 10_15_7) AppleWebKit/537.36 (KHTML, like Gecko) Chrome/101.0.4951.64 Safari/537.36', '2022-05-27 16:07:12', '2022-05-27 16:07:12', NULL);
INSERT INTO `system_login_log` (`id`, `username`, `ip`, `ua`, `created_at`, `updated_at`, `deleted_at`) VALUES ('62be6d69-c79e-4c74-b14b-b24fe4a0556a', 'admin', '222.75.152.205', 'Mozilla/5.0 (Macintosh; Intel Mac OS X 10_15_7) AppleWebKit/537.36 (KHTML, like Gecko) LanMiaoDesktopOnline/1.0.0 Chrome/100.0.4896.75 Electron/18.0.3 Safari/537.36', '2022-06-20 17:47:49', '2022-06-20 17:47:49', NULL);
INSERT INTO `system_login_log` (`id`, `username`, `ip`, `ua`, `created_at`, `updated_at`, `deleted_at`) VALUES ('6308ff45-5a3f-4c8d-8c0b-ff226d99f990', 'admin', '::1', 'Mozilla/5.0 (iPhone; CPU iPhone OS 13_2_3 like Mac OS X) AppleWebKit/605.1.15 (KHTML, like Gecko) Version/13.0.3 Mobile/15E148 Safari/604.1', '2022-08-22 10:07:12', '2022-08-22 10:07:12', NULL);
INSERT INTO `system_login_log` (`id`, `username`, `ip`, `ua`, `created_at`, `updated_at`, `deleted_at`) VALUES ('633eca91-3f65-4061-bdda-e1ce8cacfc72', 'admin', '123.125.250.93', 'Mozilla/5.0 (Macintosh; Intel Mac OS X 10_15_7) AppleWebKit/537.36 (KHTML, like Gecko) Chrome/102.0.0.0 Safari/537.36', '2022-06-28 17:59:03', '2022-06-28 17:59:03', NULL);
INSERT INTO `system_login_log` (`id`, `username`, `ip`, `ua`, `created_at`, `updated_at`, `deleted_at`) VALUES ('63478288-218a-4b86-a003-35eab0c88d0b', 'admin', '::1', 'Mozilla/5.0 (Macintosh; Intel Mac OS X 10_15_7) AppleWebKit/537.36 (KHTML, like Gecko) Chrome/101.0.4951.54 Safari/537.36', '2022-05-13 15:45:39', '2022-05-13 15:45:39', NULL);
INSERT INTO `system_login_log` (`id`, `username`, `ip`, `ua`, `created_at`, `updated_at`, `deleted_at`) VALUES ('63fe647e-f5a9-4656-8c93-3b8eeb8c9c72', 'admin', '181.231.112.98', 'Mozilla/5.0 (Windows NT 10.0; Win64; x64) AppleWebKit/537.36 (KHTML, like Gecko) Chrome/103.0.5060.114 Safari/537.36', '2022-07-18 08:43:29', '2022-07-18 08:43:29', NULL);
INSERT INTO `system_login_log` (`id`, `username`, `ip`, `ua`, `created_at`, `updated_at`, `deleted_at`) VALUES ('6401a736-5d72-4511-833c-8fdb3b263a74', 'admin', '::1', 'Mozilla/5.0 (iPhone; CPU iPhone OS 13_2_3 like Mac OS X) AppleWebKit/605.1.15 (KHTML, like Gecko) Version/13.0.3 Mobile/15E148 Safari/604.1', '2022-08-09 21:38:10', '2022-08-09 21:38:10', NULL);
INSERT INTO `system_login_log` (`id`, `username`, `ip`, `ua`, `created_at`, `updated_at`, `deleted_at`) VALUES ('65e3c867-5e32-41ff-872b-f7d316dc41d2', 'admin', '60.180.197.196', 'Mozilla/5.0 (Windows NT 10.0; Win64; x64) AppleWebKit/537.36 (KHTML, like Gecko) LanMiaoDesktopOnline/1.0.0 Chrome/100.0.4896.75 Electron/18.0.3 Safari/537.36', '2022-05-31 09:40:41', '2022-05-31 09:40:41', NULL);
INSERT INTO `system_login_log` (`id`, `username`, `ip`, `ua`, `created_at`, `updated_at`, `deleted_at`) VALUES ('65f5a232-bd39-4dcc-a0ad-3f151b50c7c1', 'admin', '::1', 'Mozilla/5.0 (Macintosh; Intel Mac OS X 10_15_7) AppleWebKit/537.36 (KHTML, like Gecko) Chrome/103.0.0.0 Safari/537.36', '2022-07-01 09:23:42', '2022-07-01 09:23:42', NULL);
INSERT INTO `system_login_log` (`id`, `username`, `ip`, `ua`, `created_at`, `updated_at`, `deleted_at`) VALUES ('6608e655-b46a-4f44-b57b-ddb5bfdc76a6', 'admin', '106.33.169.217', 'Mozilla/5.0 (Windows NT 10.0; WOW64) AppleWebKit/537.36 (KHTML, like Gecko) Chrome/102.0.0.0 Safari/537.36', '2022-06-07 22:36:32', '2022-06-07 22:36:32', NULL);
INSERT INTO `system_login_log` (`id`, `username`, `ip`, `ua`, `created_at`, `updated_at`, `deleted_at`) VALUES ('6659e315-c36c-4875-a436-637fd699a84d', 'admin', '111.28.215.114', 'Mozilla/5.0 (Windows NT 10.0; Win64; x64) AppleWebKit/537.36 (KHTML, like Gecko) Chrome/101.0.4951.64 Safari/537.36 Edg/101.0.1210.53', '2022-05-25 09:50:55', '2022-05-25 09:50:55', NULL);
INSERT INTO `system_login_log` (`id`, `username`, `ip`, `ua`, `created_at`, `updated_at`, `deleted_at`) VALUES ('67189909-5010-401e-a959-64dfa4c4dd04', 'admin', '58.210.190.62', 'Mozilla/5.0 (Macintosh; Intel Mac OS X 10_15_7) AppleWebKit/537.36 (KHTML, like Gecko) LanMiaoDesktopOnline/1.0.0 Chrome/100.0.4896.75 Electron/18.0.3 Safari/537.36', '2022-06-16 17:15:00', '2022-06-16 17:15:00', NULL);
INSERT INTO `system_login_log` (`id`, `username`, `ip`, `ua`, `created_at`, `updated_at`, `deleted_at`) VALUES ('67560f2e-f5b1-480c-9c16-22d3867457eb', 'admin', '113.93.236.251', 'Mozilla/5.0 (Macintosh; Intel Mac OS X 10_15_7) AppleWebKit/537.36 (KHTML, like Gecko) LanMiaoDesktopOnline/1.0.0 Chrome/100.0.4896.75 Electron/18.0.3 Safari/537.36', '2022-06-04 20:41:08', '2022-06-04 20:41:08', NULL);
INSERT INTO `system_login_log` (`id`, `username`, `ip`, `ua`, `created_at`, `updated_at`, `deleted_at`) VALUES ('67864c34-7eec-4b28-aac9-1599eb89f042', 'admin', '182.139.154.210', 'Mozilla/5.0 (Windows NT 10.0; Win64; x64) AppleWebKit/537.36 (KHTML, like Gecko) Chrome/108.0.0.0 Safari/537.36 Edg/108.0.1462.46', '2022-12-11 14:43:30', '2022-12-11 14:43:30', NULL);
INSERT INTO `system_login_log` (`id`, `username`, `ip`, `ua`, `created_at`, `updated_at`, `deleted_at`) VALUES ('67b7a730-f62e-4e45-a353-a9c9b0316ce3', 'admin', '::1', 'Mozilla/5.0 (iPhone; CPU iPhone OS 13_2_3 like Mac OS X) AppleWebKit/605.1.15 (KHTML, like Gecko) Version/13.0.3 Mobile/15E148 Safari/604.1', '2022-08-09 22:28:30', '2022-08-09 22:28:30', NULL);
INSERT INTO `system_login_log` (`id`, `username`, `ip`, `ua`, `created_at`, `updated_at`, `deleted_at`) VALUES ('67e95704-3618-4fdc-bdd3-bd54d53cfc1d', 'admin', '182.34.181.61', 'Mozilla/5.0 (Windows NT 10.0; WOW64) AppleWebKit/537.36 (KHTML, like Gecko) Chrome/86.0.4240.198 Safari/537.36', '2022-05-29 14:12:29', '2022-05-29 14:12:29', NULL);
INSERT INTO `system_login_log` (`id`, `username`, `ip`, `ua`, `created_at`, `updated_at`, `deleted_at`) VALUES ('68831491-9fe0-4c60-ace3-afc8a7fc7854', 'admin', '::1', 'Mozilla/5.0 (Macintosh; Intel Mac OS X 10_15_7) AppleWebKit/537.36 (KHTML, like Gecko) Chrome/100.0.4896.127 Safari/537.36', '2022-04-28 16:56:49', '2022-04-28 16:56:49', NULL);
INSERT INTO `system_login_log` (`id`, `username`, `ip`, `ua`, `created_at`, `updated_at`, `deleted_at`) VALUES ('6950a513-2a85-4329-9721-04332d31f60b', 'admin', '123.232.218.101', 'Mozilla/5.0 (Windows NT 10.0; Win64; x64) AppleWebKit/537.36 (KHTML, like Gecko) Chrome/98.0.4758.82 Safari/537.36', '2022-03-24 10:21:39', '2022-03-24 10:21:39', NULL);
INSERT INTO `system_login_log` (`id`, `username`, `ip`, `ua`, `created_at`, `updated_at`, `deleted_at`) VALUES ('6b250c4a-b62d-4ba2-9599-173f65b954ab', '123', '36.20.2.34', 'Mozilla/5.0 (Windows NT 10.0; Win64; x64) AppleWebKit/537.36 (KHTML, like Gecko) Chrome/96.0.4664.45 Safari/537.36', '2022-07-10 21:17:32', '2022-07-10 21:17:32', NULL);
INSERT INTO `system_login_log` (`id`, `username`, `ip`, `ua`, `created_at`, `updated_at`, `deleted_at`) VALUES ('6be12a60-c2af-4df9-b1fc-daa402d98c70', 'admin', '60.216.14.18', 'Mozilla/5.0 (Windows NT 10.0; Win64; x64) AppleWebKit/537.36 (KHTML, like Gecko) Chrome/101.0.4951.54 Safari/537.36 Edg/101.0.1210.39', '2022-05-13 15:13:00', '2022-05-13 15:13:00', NULL);
INSERT INTO `system_login_log` (`id`, `username`, `ip`, `ua`, `created_at`, `updated_at`, `deleted_at`) VALUES ('6cded472-d3ba-4061-ac70-866ff6d1ffdc', 'admin', '124.128.5.234', 'Mozilla/5.0 (Windows NT 10.0; Win64; x64) AppleWebKit/537.36 (KHTML, like Gecko) Chrome/101.0.4951.54 Safari/537.36', '2022-05-17 09:29:22', '2022-05-17 09:29:22', NULL);
INSERT INTO `system_login_log` (`id`, `username`, `ip`, `ua`, `created_at`, `updated_at`, `deleted_at`) VALUES ('6d5a690b-4853-4c90-aaa5-5bea814d52a6', 'admin', '117.143.153.148', 'Mozilla/5.0 (Windows NT 10.0; Win64; x64) AppleWebKit/537.36 (KHTML, like Gecko) Chrome/103.0.5060.53 Safari/537.36 Edg/103.0.1264.37', '2022-06-27 18:52:47', '2022-06-27 18:52:47', NULL);
INSERT INTO `system_login_log` (`id`, `username`, `ip`, `ua`, `created_at`, `updated_at`, `deleted_at`) VALUES ('6d63061e-859c-4d00-8ae7-40e3ca6218e5', 'admin', '192.168.0.117', 'Mozilla/5.0 (Linux; Android 11; Redmi K30 Pro Build/RKQ1.200826.002; wv) AppleWebKit/537.36 (KHTML, like Gecko) Version/4.0 Chrome/90.0.4430.210 Mobile Safari/537.36 uni-app Html5Plus/1.0 (Immersed/34.909092)', '2022-08-22 15:04:24', '2022-08-22 15:04:24', NULL);
INSERT INTO `system_login_log` (`id`, `username`, `ip`, `ua`, `created_at`, `updated_at`, `deleted_at`) VALUES ('6e22c674-ca14-499b-a6db-44be66dfe606', 'admin', '180.164.176.4', 'Mozilla/5.0 (Windows NT 10.0; Win64; x64) AppleWebKit/537.36 (KHTML, like Gecko) Chrome/103.0.5060.53 Safari/537.36 Edg/103.0.1264.37', '2022-06-28 14:43:46', '2022-06-28 14:43:46', NULL);
INSERT INTO `system_login_log` (`id`, `username`, `ip`, `ua`, `created_at`, `updated_at`, `deleted_at`) VALUES ('6e52bd02-b15a-4096-b126-e934643a7717', 'admin', '::1', 'Mozilla/5.0 (Macintosh; Intel Mac OS X 10_15_7) AppleWebKit/537.36 (KHTML, like Gecko) Chrome/101.0.4951.54 Safari/537.36', '2022-05-16 16:52:06', '2022-05-16 16:52:06', NULL);
INSERT INTO `system_login_log` (`id`, `username`, `ip`, `ua`, `created_at`, `updated_at`, `deleted_at`) VALUES ('6f13f02b-f09a-4cd7-b35e-69e9cc3d0440', 'admin', '218.107.215.114', 'Mozilla/5.0 (Windows NT 10.0; Win64; x64) AppleWebKit/537.36 (KHTML, like Gecko) Chrome/104.0.0.0 Safari/537.36', '2022-08-10 13:36:47', '2022-08-10 13:36:47', NULL);
INSERT INTO `system_login_log` (`id`, `username`, `ip`, `ua`, `created_at`, `updated_at`, `deleted_at`) VALUES ('6f8d4d94-abe7-4583-83dd-4ae7bce20a05', 'admin', '223.104.131.162', 'Mozilla/5.0 (Windows NT 10.0; Win64; x64) AppleWebKit/537.36 (KHTML, like Gecko) LanMiaoDesktopOnline/1.0.0 Chrome/100.0.4896.75 Electron/18.0.3 Safari/537.36', '2022-07-11 12:30:41', '2022-07-11 12:30:41', NULL);
INSERT INTO `system_login_log` (`id`, `username`, `ip`, `ua`, `created_at`, `updated_at`, `deleted_at`) VALUES ('6f8f20cd-f18c-4475-baf4-13319fea8afa', 'admin', '120.235.177.197', 'Mozilla/5.0 (Macintosh; Intel Mac OS X 10_15_7) AppleWebKit/537.36 (KHTML, like Gecko) Chrome/97.0.4692.99 Safari/537.36', '2022-05-01 18:20:17', '2022-05-01 18:20:17', NULL);
INSERT INTO `system_login_log` (`id`, `username`, `ip`, `ua`, `created_at`, `updated_at`, `deleted_at`) VALUES ('7051f5f5-e3a5-434b-b890-d456bae1b855', 'admin', '223.147.90.31', 'Mozilla/5.0 (Windows NT 10.0; Win64; x64) AppleWebKit/537.36 (KHTML, like Gecko) LanMiaoDesktopOnline/1.0.0 Chrome/100.0.4896.75 Electron/18.0.3 Safari/537.36', '2022-12-01 18:21:39', '2022-12-01 18:21:39', NULL);
INSERT INTO `system_login_log` (`id`, `username`, `ip`, `ua`, `created_at`, `updated_at`, `deleted_at`) VALUES ('71615c6c-de9d-43a2-9967-481001d1080e', 'admin', '117.22.161.108', 'Mozilla/5.0 (Windows NT 10.0; Win64; x64) AppleWebKit/537.36 (KHTML, like Gecko) Chrome/99.0.4844.51 Safari/537.36', '2022-05-02 11:39:04', '2022-05-02 11:39:04', NULL);
INSERT INTO `system_login_log` (`id`, `username`, `ip`, `ua`, `created_at`, `updated_at`, `deleted_at`) VALUES ('720cf33d-c20a-464b-bac1-fb8c52d21973', 'admin', '223.90.190.139', 'Mozilla/5.0 (Windows NT 10.0; Win64; x64) AppleWebKit/537.36 (KHTML, like Gecko) LanMiaoDesktopOnline/1.0.0 Chrome/100.0.4896.75 Electron/18.0.3 Safari/537.36', '2022-06-13 21:57:31', '2022-06-13 21:57:31', NULL);
INSERT INTO `system_login_log` (`id`, `username`, `ip`, `ua`, `created_at`, `updated_at`, `deleted_at`) VALUES ('7285c898-c795-459e-98dd-09a13329aef6', 'admin', '::1', 'Mozilla/5.0 (Macintosh; Intel Mac OS X 10_15_7) AppleWebKit/537.36 (KHTML, like Gecko) Chrome/101.0.4951.54 Safari/537.36', '2022-05-10 09:48:31', '2022-05-10 09:48:31', NULL);
INSERT INTO `system_login_log` (`id`, `username`, `ip`, `ua`, `created_at`, `updated_at`, `deleted_at`) VALUES ('75096fd7-161c-40a1-8353-cf2cd31eb501', 'admin', '171.8.155.100', 'Mozilla/5.0 (Windows NT 10.0; Win64; x64) AppleWebKit/537.36 (KHTML, like Gecko) Chrome/101.0.0.0 Safari/537.36', '2022-06-25 18:24:41', '2022-06-25 18:24:41', NULL);
INSERT INTO `system_login_log` (`id`, `username`, `ip`, `ua`, `created_at`, `updated_at`, `deleted_at`) VALUES ('75301fce-e293-4426-9ea3-b43407e7433e', 'admin', '120.211.227.83', 'Mozilla/5.0 (Windows NT 10.0; Win64; x64) AppleWebKit/537.36 (KHTML, like Gecko) LanMiaoDesktopOnline/1.0.0 Chrome/100.0.4896.75 Electron/18.0.3 Safari/537.36', '2022-06-07 14:36:44', '2022-06-07 14:36:44', NULL);
INSERT INTO `system_login_log` (`id`, `username`, `ip`, `ua`, `created_at`, `updated_at`, `deleted_at`) VALUES ('75424ec7-6eaf-4b25-a875-9aa63d89a6ed', 'admin', '::1', 'Mozilla/5.0 (iPhone; CPU iPhone OS 13_2_3 like Mac OS X) AppleWebKit/605.1.15 (KHTML, like Gecko) Version/13.0.3 Mobile/15E148 Safari/604.1', '2022-05-13 16:02:51', '2022-05-13 16:02:51', NULL);
INSERT INTO `system_login_log` (`id`, `username`, `ip`, `ua`, `created_at`, `updated_at`, `deleted_at`) VALUES ('7593da9c-b38c-45ff-a287-60b1774e26c7', 'admin', '192.168.0.65', 'Mozilla/5.0 (iPhone; CPU iPhone OS 13_2_3 like Mac OS X) AppleWebKit/605.1.15 (KHTML, like Gecko) Version/13.0.3 Mobile/15E148 Safari/604.1', '2022-08-22 14:40:57', '2022-08-22 14:40:57', NULL);
INSERT INTO `system_login_log` (`id`, `username`, `ip`, `ua`, `created_at`, `updated_at`, `deleted_at`) VALUES ('77afeea6-c91f-488d-9278-872929409c24', 'admin', '123.232.218.101', 'Mozilla/5.0 (Windows NT 10.0; Win64; x64) AppleWebKit/537.36 (KHTML, like Gecko) Chrome/98.0.4758.82 Safari/537.36', '2022-03-24 10:18:51', '2022-03-24 10:18:51', NULL);
INSERT INTO `system_login_log` (`id`, `username`, `ip`, `ua`, `created_at`, `updated_at`, `deleted_at`) VALUES ('78409eea-e00d-4c87-ac2c-b48bb3180472', 'admin', '113.118.187.211', 'Mozilla/5.0 (Windows NT 6.1; Win64; x64) AppleWebKit/537.36 (KHTML, like Gecko) Chrome/101.0.0.0 Safari/537.36', '2022-06-30 23:49:45', '2022-06-30 23:49:45', NULL);
INSERT INTO `system_login_log` (`id`, `username`, `ip`, `ua`, `created_at`, `updated_at`, `deleted_at`) VALUES ('7a4cca87-8769-43c1-bc18-15fd5671cfe1', 'admin', '58.210.190.62', 'Mozilla/5.0 (Macintosh; Intel Mac OS X 10_15_7) AppleWebKit/537.36 (KHTML, like Gecko) LanMiaoDesktopOnline/1.0.0 Chrome/100.0.4896.75 Electron/18.0.3 Safari/537.36', '2022-06-23 09:35:21', '2022-06-23 09:35:21', NULL);
INSERT INTO `system_login_log` (`id`, `username`, `ip`, `ua`, `created_at`, `updated_at`, `deleted_at`) VALUES ('7a9aaa18-0895-46d8-a826-5a13192f9b4c', 'admin', '58.210.190.62', 'Mozilla/5.0 (Macintosh; Intel Mac OS X 10_15_7) AppleWebKit/537.36 (KHTML, like Gecko) LanMiaoDesktopOnline/1.0.0 Chrome/100.0.4896.75 Electron/18.0.3 Safari/537.36', '2022-06-16 18:34:59', '2022-06-16 18:34:59', NULL);
INSERT INTO `system_login_log` (`id`, `username`, `ip`, `ua`, `created_at`, `updated_at`, `deleted_at`) VALUES ('7b77fae0-9c13-4b9a-bcd5-14be51682112', 'admin', '183.14.28.219', 'Mozilla/5.0 (Windows NT 10.0; Win64; x64) AppleWebKit/537.36 (KHTML, like Gecko) Chrome/102.0.5005.63 Safari/537.36', '2022-06-06 11:45:15', '2022-06-06 11:45:15', NULL);
INSERT INTO `system_login_log` (`id`, `username`, `ip`, `ua`, `created_at`, `updated_at`, `deleted_at`) VALUES ('7b8039cd-f966-4e03-b166-8b24da6fa74a', 'admin', '175.11.86.29', 'Mozilla/5.0 (Macintosh; Intel Mac OS X 10_15_7) AppleWebKit/537.36 (KHTML, like Gecko) Chrome/108.0.0.0 Safari/537.36', '2022-12-06 21:36:30', '2022-12-06 21:36:30', NULL);
INSERT INTO `system_login_log` (`id`, `username`, `ip`, `ua`, `created_at`, `updated_at`, `deleted_at`) VALUES ('7c14bf09-f12b-4b1e-b5fb-3ced44ab67b4', 'admin', '113.93.237.9', 'Mozilla/5.0 (Macintosh; Intel Mac OS X 10_15_7) AppleWebKit/537.36 (KHTML, like Gecko) LanMiaoDesktopOnline/1.0.0 Chrome/100.0.4896.75 Electron/18.0.3 Safari/537.36', '2022-06-05 17:37:05', '2022-06-05 17:37:05', NULL);
INSERT INTO `system_login_log` (`id`, `username`, `ip`, `ua`, `created_at`, `updated_at`, `deleted_at`) VALUES ('7c19a19d-f163-400b-a187-185313f58225', 'admin', '::1', 'Mozilla/5.0 (iPhone; CPU iPhone OS 13_2_3 like Mac OS X) AppleWebKit/605.1.15 (KHTML, like Gecko) Version/13.0.3 Mobile/15E148 Safari/604.1', '2022-05-13 15:23:49', '2022-05-13 15:23:49', NULL);
INSERT INTO `system_login_log` (`id`, `username`, `ip`, `ua`, `created_at`, `updated_at`, `deleted_at`) VALUES ('7c540c94-b620-4da0-897d-5ff9ccc77dba', 'admin', '27.192.243.91', 'Mozilla/5.0 (Macintosh; Intel Mac OS X 10_15_7) AppleWebKit/537.36 (KHTML, like Gecko) LanMiaoDesktopOnline/1.0.0 Chrome/100.0.4896.75 Electron/18.0.3 Safari/537.36', '2022-04-28 15:20:27', '2022-04-28 15:20:27', NULL);
INSERT INTO `system_login_log` (`id`, `username`, `ip`, `ua`, `created_at`, `updated_at`, `deleted_at`) VALUES ('7c79dc16-d7e5-46ba-b1da-c7e52c237a75', 'admin', '113.93.236.251', 'Mozilla/5.0 (Macintosh; Intel Mac OS X 10_15_7) AppleWebKit/537.36 (KHTML, like Gecko) LanMiaoDesktopOnline/1.0.0 Chrome/100.0.4896.75 Electron/18.0.3 Safari/537.36', '2022-06-04 20:50:59', '2022-06-04 20:50:59', NULL);
INSERT INTO `system_login_log` (`id`, `username`, `ip`, `ua`, `created_at`, `updated_at`, `deleted_at`) VALUES ('7d1fb489-6d7e-486b-a18f-bcc02b08b9e8', 'admin', '113.93.236.251', 'Mozilla/5.0 (Macintosh; Intel Mac OS X 10_15_7) AppleWebKit/537.36 (KHTML, like Gecko) LanMiaoDesktopOnline/1.0.0 Chrome/100.0.4896.75 Electron/18.0.3 Safari/537.36', '2022-06-04 21:48:50', '2022-06-04 21:48:50', NULL);
INSERT INTO `system_login_log` (`id`, `username`, `ip`, `ua`, `created_at`, `updated_at`, `deleted_at`) VALUES ('7d9961ec-0ed0-4686-a715-79e8ccaf6544', 'admin', '27.192.243.91', 'Mozilla/5.0 (Macintosh; Intel Mac OS X 10_15_7) AppleWebKit/537.36 (KHTML, like Gecko) Chrome/103.0.0.0 Safari/537.36', '2022-07-15 16:02:30', '2022-07-15 16:02:30', NULL);
INSERT INTO `system_login_log` (`id`, `username`, `ip`, `ua`, `created_at`, `updated_at`, `deleted_at`) VALUES ('7e0d6ac1-d29c-4d44-9585-bf4a868a133b', 'admin', '223.90.190.139', 'Mozilla/5.0 (Windows NT 10.0; Win64; x64) AppleWebKit/537.36 (KHTML, like Gecko) LanMiaoDesktopOnline/1.0.0 Chrome/100.0.4896.75 Electron/18.0.3 Safari/537.36', '2022-06-12 21:35:55', '2022-06-12 21:35:55', NULL);
INSERT INTO `system_login_log` (`id`, `username`, `ip`, `ua`, `created_at`, `updated_at`, `deleted_at`) VALUES ('7e178c71-2917-414d-a729-d780485b9961', 'admin', '27.192.243.91', 'Mozilla/5.0 (Macintosh; Intel Mac OS X 10_15_7) AppleWebKit/537.36 (KHTML, like Gecko) Chrome/103.0.0.0 Safari/537.36', '2022-07-27 15:00:36', '2022-07-27 15:00:36', NULL);
INSERT INTO `system_login_log` (`id`, `username`, `ip`, `ua`, `created_at`, `updated_at`, `deleted_at`) VALUES ('7e692b0d-90be-4a2f-a203-bae05af7a22e', 'admin', '::1', 'Mozilla/5.0 (Macintosh; Intel Mac OS X 10_15_7) AppleWebKit/537.36 (KHTML, like Gecko) Chrome/101.0.4951.64 Safari/537.36', '2022-05-19 15:56:21', '2022-05-19 15:56:21', NULL);
INSERT INTO `system_login_log` (`id`, `username`, `ip`, `ua`, `created_at`, `updated_at`, `deleted_at`) VALUES ('7e6a42b2-1ac4-49da-84c7-eaf7d39d9ca3', 'admin', '123.116.118.143', 'Mozilla/5.0 (Windows NT 10.0; Win64; x64) AppleWebKit/537.36 (KHTML, like Gecko) LanMiaoDesktopOnline/1.0.0 Chrome/100.0.4896.75 Electron/18.0.3 Safari/537.36', '2022-07-13 18:35:19', '2022-07-13 18:35:19', NULL);
INSERT INTO `system_login_log` (`id`, `username`, `ip`, `ua`, `created_at`, `updated_at`, `deleted_at`) VALUES ('7e7d9c4f-dbef-4df6-85ed-3705dce9ee17', 'admin', '::1', 'Mozilla/5.0 (iPhone; CPU iPhone OS 13_2_3 like Mac OS X) AppleWebKit/605.1.15 (KHTML, like Gecko) Version/13.0.3 Mobile/15E148 Safari/604.1', '2022-05-13 15:51:30', '2022-05-13 15:51:30', NULL);
INSERT INTO `system_login_log` (`id`, `username`, `ip`, `ua`, `created_at`, `updated_at`, `deleted_at`) VALUES ('7e8d3b8b-e095-41d4-8972-a64eef4c312d', 'admin', '120.230.95.3', 'Mozilla/5.0 (Windows NT 10.0; Win64; x64) AppleWebKit/537.36 (KHTML, like Gecko) Chrome/104.0.0.0 Safari/537.36', '2022-08-21 21:15:19', '2022-08-21 21:15:19', NULL);
INSERT INTO `system_login_log` (`id`, `username`, `ip`, `ua`, `created_at`, `updated_at`, `deleted_at`) VALUES ('7f467e12-2e24-4b9e-b070-f5fcde12a377', 'admin', '171.43.154.37', 'Mozilla/5.0 (Windows NT 10.0; Win64; x64) AppleWebKit/537.36 (KHTML, like Gecko) Chrome/102.0.0.0 Safari/537.36', '2022-06-15 10:58:33', '2022-06-15 10:58:33', NULL);
INSERT INTO `system_login_log` (`id`, `username`, `ip`, `ua`, `created_at`, `updated_at`, `deleted_at`) VALUES ('7fa5911c-f327-420e-9a8f-cf2a84ab8ebb', 'admin', '::1', 'Mozilla/5.0 (iPhone; CPU iPhone OS 13_2_3 like Mac OS X) AppleWebKit/605.1.15 (KHTML, like Gecko) Version/13.0.3 Mobile/15E148 Safari/604.1', '2022-05-13 15:28:21', '2022-05-13 15:28:21', NULL);
INSERT INTO `system_login_log` (`id`, `username`, `ip`, `ua`, `created_at`, `updated_at`, `deleted_at`) VALUES ('7fb9d6cd-7984-4a9a-9c90-7b34b59a19d3', 'admin', '173.82.212.105', 'Mozilla/5.0 (Windows NT 10.0; Win64; x64) AppleWebKit/537.36 (KHTML, like Gecko) Chrome/104.0.5112.81 Safari/537.36 Edg/104.0.1293.54', '2022-08-20 21:53:54', '2022-08-20 21:53:54', NULL);
INSERT INTO `system_login_log` (`id`, `username`, `ip`, `ua`, `created_at`, `updated_at`, `deleted_at`) VALUES ('81308a04-5c0f-4bad-be63-eb4e7d1cef4b', 'admin', '223.90.190.156', 'Mozilla/5.0 (Windows NT 10.0; Win64; x64) AppleWebKit/537.36 (KHTML, like Gecko) LanMiaoDesktopOnline/1.0.0 Chrome/100.0.4896.75 Electron/18.0.3 Safari/537.36', '2022-06-12 11:47:51', '2022-06-12 11:47:51', NULL);
INSERT INTO `system_login_log` (`id`, `username`, `ip`, `ua`, `created_at`, `updated_at`, `deleted_at`) VALUES ('81687aca-b2c2-4a33-ab0f-ead0b2308285', 'admin', '::1', 'Mozilla/5.0 (Macintosh; Intel Mac OS X 10_15_7) AppleWebKit/537.36 (KHTML, like Gecko) Chrome/103.0.0.0 Safari/537.36', '2022-08-05 21:29:51', '2022-08-05 21:29:51', NULL);
INSERT INTO `system_login_log` (`id`, `username`, `ip`, `ua`, `created_at`, `updated_at`, `deleted_at`) VALUES ('82115514-bea0-44e2-86ac-26cb342f05cc', 'admin', '111.34.109.146', 'Mozilla/5.0 (Windows NT 10.0; Win64; x64) AppleWebKit/537.36 (KHTML, like Gecko) Chrome/86.0.4240.198 Safari/537.36', '2022-06-23 11:00:01', '2022-06-23 11:00:01', NULL);
INSERT INTO `system_login_log` (`id`, `username`, `ip`, `ua`, `created_at`, `updated_at`, `deleted_at`) VALUES ('8235afb9-ee37-4cf3-a8ab-54e92009f81f', 'admin', '36.129.11.220', 'Mozilla/5.0 (Macintosh; Intel Mac OS X 10_15_7) AppleWebKit/605.1.15 (KHTML, like Gecko) Version/15.5 Safari/605.1.15', '2022-05-31 14:48:25', '2022-05-31 14:48:25', NULL);
INSERT INTO `system_login_log` (`id`, `username`, `ip`, `ua`, `created_at`, `updated_at`, `deleted_at`) VALUES ('82f2afad-0a69-4823-aee4-03db87bdbb73', 'admin', '223.90.190.201', 'Mozilla/5.0 (Windows NT 10.0; Win64; x64) AppleWebKit/537.36 (KHTML, like Gecko) LanMiaoDesktopOnline/1.0.0 Chrome/100.0.4896.75 Electron/18.0.3 Safari/537.36', '2022-06-22 16:06:29', '2022-06-22 16:06:29', NULL);
INSERT INTO `system_login_log` (`id`, `username`, `ip`, `ua`, `created_at`, `updated_at`, `deleted_at`) VALUES ('83828307-535f-4aaa-a073-167c11f00db7', 'admin', '223.87.230.164', 'Mozilla/5.0 (Windows NT 10.0; Win64; x64) AppleWebKit/537.36 (KHTML, like Gecko) Chrome/100.0.4896.75 Safari/537.36', '2022-04-25 21:03:13', '2022-04-25 21:03:13', NULL);
INSERT INTO `system_login_log` (`id`, `username`, `ip`, `ua`, `created_at`, `updated_at`, `deleted_at`) VALUES ('83ce8649-205b-41b6-9106-d8e07958aae0', 'admin', '183.6.57.52', 'Mozilla/5.0 (Windows NT 10.0; Win64; x64) AppleWebKit/537.36 (KHTML, like Gecko) Chrome/100.0.4896.127 Safari/537.36 Edg/100.0.1185.50', '2022-05-05 07:46:45', '2022-05-05 07:46:45', NULL);
INSERT INTO `system_login_log` (`id`, `username`, `ip`, `ua`, `created_at`, `updated_at`, `deleted_at`) VALUES ('84244dfc-032d-4901-b90e-367495d384d9', 'admin', '218.107.215.114', 'Mozilla/5.0 (Windows NT 10.0; Win64; x64; rv:103.0) Gecko/20100101 Firefox/103.0', '2022-08-10 14:43:18', '2022-08-10 14:43:18', NULL);
INSERT INTO `system_login_log` (`id`, `username`, `ip`, `ua`, `created_at`, `updated_at`, `deleted_at`) VALUES ('850cb2a0-a673-4d53-92bb-f39f22f17cd3', 'admin', '223.73.110.222', 'Mozilla/5.0 (Windows NT 10.0; Win64; x64) AppleWebKit/537.36 (KHTML, like Gecko) Chrome/100.0.4896.60 Safari/537.36', '2022-05-10 21:37:14', '2022-05-10 21:37:14', NULL);
INSERT INTO `system_login_log` (`id`, `username`, `ip`, `ua`, `created_at`, `updated_at`, `deleted_at`) VALUES ('8621eb1a-7821-486c-8ff8-bcc8e7cd28fd', 'admin', '219.146.117.167', 'Mozilla/5.0 (Windows NT 10.0; Win64; x64) AppleWebKit/537.36 (KHTML, like Gecko) Chrome/103.0.0.0 Safari/537.36', '2022-08-04 10:55:28', '2022-08-04 10:55:28', NULL);
INSERT INTO `system_login_log` (`id`, `username`, `ip`, `ua`, `created_at`, `updated_at`, `deleted_at`) VALUES ('86613ed4-3cc2-4707-8d5c-33b7c5ecd368', 'admin', '::1', 'Mozilla/5.0 (Macintosh; Intel Mac OS X 10_15_7) AppleWebKit/537.36 (KHTML, like Gecko) Chrome/100.0.4896.127 Safari/537.36', '2022-04-28 16:38:15', '2022-04-28 16:38:15', NULL);
INSERT INTO `system_login_log` (`id`, `username`, `ip`, `ua`, `created_at`, `updated_at`, `deleted_at`) VALUES ('86de9546-2eeb-4c9e-a48d-0c2f3c0651f0', 'admin', '116.235.139.43', 'Mozilla/5.0 (Windows NT 10.0; Win64; x64) AppleWebKit/537.36 (KHTML, like Gecko) Chrome/103.0.5060.134 Safari/537.36 Edg/103.0.1264.77', '2022-08-05 16:14:36', '2022-08-05 16:14:36', NULL);
INSERT INTO `system_login_log` (`id`, `username`, `ip`, `ua`, `created_at`, `updated_at`, `deleted_at`) VALUES ('87520868-8337-4d73-85be-503967510a99', 'admin', '123.117.119.22', 'Mozilla/5.0 (Windows NT 10.0; Win64; x64) AppleWebKit/537.36 (KHTML, like Gecko) LanMiaoDesktopOnline/1.0.0 Chrome/100.0.4896.75 Electron/18.0.3 Safari/537.36', '2022-05-14 14:35:49', '2022-05-14 14:35:49', NULL);
INSERT INTO `system_login_log` (`id`, `username`, `ip`, `ua`, `created_at`, `updated_at`, `deleted_at`) VALUES ('8789f3bf-6563-44bf-8182-f0a73cc258a0', 'admin', '117.28.118.57', 'Mozilla/5.0 (Windows NT 6.1; Win64; x64) AppleWebKit/537.36 (KHTML, like Gecko) Chrome/95.0.4638.69 Safari/537.36', '2022-07-12 09:33:27', '2022-07-12 09:33:27', NULL);
INSERT INTO `system_login_log` (`id`, `username`, `ip`, `ua`, `created_at`, `updated_at`, `deleted_at`) VALUES ('87f00330-421b-4d71-ac46-beea0a5d5e5d', 'admin', '::1', 'Mozilla/5.0 (iPhone; CPU iPhone OS 13_2_3 like Mac OS X) AppleWebKit/605.1.15 (KHTML, like Gecko) Version/13.0.3 Mobile/15E148 Safari/604.1', '2022-08-10 20:27:27', '2022-08-10 20:27:27', NULL);
INSERT INTO `system_login_log` (`id`, `username`, `ip`, `ua`, `created_at`, `updated_at`, `deleted_at`) VALUES ('8815190e-157e-4281-ba4c-5186942d77ba', 'admin', '27.192.243.91', 'Mozilla/5.0 (Macintosh; Intel Mac OS X 10_15_7) AppleWebKit/537.36 (KHTML, like Gecko) Chrome/100.0.4896.127 Safari/537.36', '2022-04-28 14:18:16', '2022-04-28 14:18:16', NULL);
INSERT INTO `system_login_log` (`id`, `username`, `ip`, `ua`, `created_at`, `updated_at`, `deleted_at`) VALUES ('88372eb4-695a-4b83-8fa8-382850c0ab42', 'admin', '119.129.226.41', 'Mozilla/5.0 (Windows NT 10.0; Win64; x64) AppleWebKit/537.36 (KHTML, like Gecko) Chrome/104.0.0.0 Safari/537.36', '2022-08-11 06:21:51', '2022-08-11 06:21:51', NULL);
INSERT INTO `system_login_log` (`id`, `username`, `ip`, `ua`, `created_at`, `updated_at`, `deleted_at`) VALUES ('88d7e4a2-5ad5-4a79-81dc-3c451ec47f5c', 'admin', '::1', 'Mozilla/5.0 (iPhone; CPU iPhone OS 13_2_3 like Mac OS X) AppleWebKit/605.1.15 (KHTML, like Gecko) Version/13.0.3 Mobile/15E148 Safari/604.1', '2022-08-19 22:52:30', '2022-08-19 22:52:30', NULL);
INSERT INTO `system_login_log` (`id`, `username`, `ip`, `ua`, `created_at`, `updated_at`, `deleted_at`) VALUES ('895f689d-7529-4aaf-bcd0-212c36fd6650', 'admin', '192.168.0.120', 'Mozilla/5.0 (Linux; Android 12; Redmi K30 Pro Build/SKQ1.211006.001; wv) AppleWebKit/537.36 (KHTML, like Gecko) Version/4.0 Chrome/96.0.4664.104 Mobile Safari/537.36 uni-app Html5Plus/1.0 (Immersed/34.909092)', '2022-11-11 11:43:47', '2022-11-11 11:43:47', NULL);
INSERT INTO `system_login_log` (`id`, `username`, `ip`, `ua`, `created_at`, `updated_at`, `deleted_at`) VALUES ('89b0eccb-802b-46e6-957f-359aaa9e558d', 'admin', '192.168.0.65', 'Mozilla/5.0 (iPhone; CPU iPhone OS 13_2_3 like Mac OS X) AppleWebKit/605.1.15 (KHTML, like Gecko) Version/13.0.3 Mobile/15E148 Safari/604.1', '2022-08-22 14:41:34', '2022-08-22 14:41:34', NULL);
INSERT INTO `system_login_log` (`id`, `username`, `ip`, `ua`, `created_at`, `updated_at`, `deleted_at`) VALUES ('8b329687-108b-40f2-b71b-6ac7b03aafcb', 'admin', '61.144.138.138', 'Mozilla/5.0 (Windows NT 10.0; Win64; x64) AppleWebKit/537.36 (KHTML, like Gecko) Chrome/104.0.0.0 Safari/537.36', '2022-08-12 17:24:17', '2022-08-12 17:24:17', NULL);
INSERT INTO `system_login_log` (`id`, `username`, `ip`, `ua`, `created_at`, `updated_at`, `deleted_at`) VALUES ('8b36339b-bb92-4c65-b267-64be41f45fce', 'admin', '27.192.243.91', 'Mozilla/5.0 (Macintosh; Intel Mac OS X 10_15_7) AppleWebKit/537.36 (KHTML, like Gecko) Chrome/101.0.4951.54 Safari/537.36', '2022-05-10 09:46:58', '2022-05-10 09:46:58', NULL);
INSERT INTO `system_login_log` (`id`, `username`, `ip`, `ua`, `created_at`, `updated_at`, `deleted_at`) VALUES ('8b430379-9947-4cd3-857b-ffc38f35b85c', 'admin', '115.62.20.58', 'Mozilla/5.0 (Windows NT 6.1; Win64; x64) AppleWebKit/537.36 (KHTML, like Gecko) Chrome/98.0.4758.102 Safari/537.36', '2022-06-30 11:15:28', '2022-06-30 11:15:28', NULL);
INSERT INTO `system_login_log` (`id`, `username`, `ip`, `ua`, `created_at`, `updated_at`, `deleted_at`) VALUES ('8c2290db-5393-42ac-846f-6c540350aa9d', 'admin', '112.224.144.239', 'Mozilla/5.0 (Windows NT 10.0; Win64; x64) AppleWebKit/537.36 (KHTML, like Gecko) Chrome/104.0.0.0 Safari/537.36', '2022-08-10 22:52:30', '2022-08-10 22:52:30', NULL);
INSERT INTO `system_login_log` (`id`, `username`, `ip`, `ua`, `created_at`, `updated_at`, `deleted_at`) VALUES ('8c4db5c1-9588-47dd-a9a9-ebdc09a3cb07', 'admin', '27.192.243.91', 'Mozilla/5.0 (Macintosh; Intel Mac OS X 10_15_7) AppleWebKit/537.36 (KHTML, like Gecko) LanMiaoDesktopOnline/1.0.0 Chrome/100.0.4896.75 Electron/18.0.3 Safari/537.36', '2022-05-10 17:29:15', '2022-05-10 17:29:15', NULL);
INSERT INTO `system_login_log` (`id`, `username`, `ip`, `ua`, `created_at`, `updated_at`, `deleted_at`) VALUES ('8d95fc6b-c2f7-4039-8e32-9f958a07384b', 'admin', '::1', 'Mozilla/5.0 (Macintosh; Intel Mac OS X 10_15_7) AppleWebKit/537.36 (KHTML, like Gecko) Chrome/101.0.4951.54 Safari/537.36', '2022-05-11 10:18:31', '2022-05-11 10:18:31', NULL);
INSERT INTO `system_login_log` (`id`, `username`, `ip`, `ua`, `created_at`, `updated_at`, `deleted_at`) VALUES ('8de662ac-1b43-41df-aa03-72219568f02b', 'admin', '113.57.152.173', 'Mozilla/5.0 (Windows NT 10.0; Win64; x64) AppleWebKit/537.36 (KHTML, like Gecko) Chrome/103.0.5060.114 Safari/537.36 Edg/103.0.1264.62', '2022-07-20 09:53:27', '2022-07-20 09:53:27', NULL);
INSERT INTO `system_login_log` (`id`, `username`, `ip`, `ua`, `created_at`, `updated_at`, `deleted_at`) VALUES ('8e64d044-b7da-4190-9562-c71d6a654db0', 'admin', '14.146.92.101', 'Mozilla/5.0 (Windows NT 10.0; Win64; x64) AppleWebKit/537.36 (KHTML, like Gecko) Chrome/101.0.4951.41 Safari/537.36 Edg/101.0.1210.32', '2022-05-05 08:35:58', '2022-05-05 08:35:58', NULL);
INSERT INTO `system_login_log` (`id`, `username`, `ip`, `ua`, `created_at`, `updated_at`, `deleted_at`) VALUES ('8eb1ec1a-d353-4f04-a472-5d37c5d3504b', 'admin', '183.226.245.26', 'Mozilla/5.0 (Windows NT 10.0; Win64; x64) AppleWebKit/537.36 (KHTML, like Gecko) Chrome/86.0.4240.198 Safari/537.36', '2022-06-17 16:06:50', '2022-06-17 16:06:50', NULL);
INSERT INTO `system_login_log` (`id`, `username`, `ip`, `ua`, `created_at`, `updated_at`, `deleted_at`) VALUES ('8f6ded8f-33fe-4468-a15a-796475a19003', 'admin', '::1', 'Mozilla/5.0 (Macintosh; Intel Mac OS X 10_15_7) AppleWebKit/537.36 (KHTML, like Gecko) Chrome/101.0.4951.54 Safari/537.36', '2022-05-13 11:17:32', '2022-05-13 11:17:32', NULL);
INSERT INTO `system_login_log` (`id`, `username`, `ip`, `ua`, `created_at`, `updated_at`, `deleted_at`) VALUES ('91838867-41ca-4f1f-823a-611a834b78d2', 'admin', '27.192.243.91', 'Mozilla/5.0 (Macintosh; Intel Mac OS X 10_15_7) AppleWebKit/537.36 (KHTML, like Gecko) Chrome/101.0.4951.64 Safari/537.36', '2022-05-20 17:31:19', '2022-05-20 17:31:19', NULL);
INSERT INTO `system_login_log` (`id`, `username`, `ip`, `ua`, `created_at`, `updated_at`, `deleted_at`) VALUES ('93b64150-1f97-416e-ae90-14940bff8744', 'admin', '220.114.193.50', 'Mozilla/5.0 (Windows NT 10.0; Win64; x64) AppleWebKit/537.36 (KHTML, like Gecko) Chrome/102.0.0.0 Safari/537.36', '2022-06-12 19:00:19', '2022-06-12 19:00:19', NULL);
INSERT INTO `system_login_log` (`id`, `username`, `ip`, `ua`, `created_at`, `updated_at`, `deleted_at`) VALUES ('9645c35e-d40b-433c-b4a4-f43e403bc8e7', 'admin', '222.77.205.235', 'Mozilla/5.0 (Windows NT 10.0; Win64; x64) AppleWebKit/537.36 (KHTML, like Gecko) Chrome/103.0.0.0 Safari/537.36', '2022-07-12 20:50:08', '2022-07-12 20:50:08', NULL);
INSERT INTO `system_login_log` (`id`, `username`, `ip`, `ua`, `created_at`, `updated_at`, `deleted_at`) VALUES ('9863fd27-adf7-4f52-84f3-f247f613f092', 'admin', '::1', 'Mozilla/5.0 (Macintosh; Intel Mac OS X 10_15_7) AppleWebKit/537.36 (KHTML, like Gecko) Chrome/101.0.4951.64 Safari/537.36', '2022-05-19 15:25:02', '2022-05-19 15:25:02', NULL);
INSERT INTO `system_login_log` (`id`, `username`, `ip`, `ua`, `created_at`, `updated_at`, `deleted_at`) VALUES ('986ab924-7b8b-4b68-b486-6c14d677c00f', 'admin', '::1', 'Mozilla/5.0 (Macintosh; Intel Mac OS X 10_15_7) AppleWebKit/537.36 (KHTML, like Gecko) Chrome/100.0.4896.127 Safari/537.36', '2022-04-28 17:06:50', '2022-04-28 17:06:50', NULL);
INSERT INTO `system_login_log` (`id`, `username`, `ip`, `ua`, `created_at`, `updated_at`, `deleted_at`) VALUES ('98e04ba8-80a7-4e07-a778-0445fd1d260f', 'admin', '::1', 'Mozilla/5.0 (iPhone; CPU iPhone OS 13_2_3 like Mac OS X) AppleWebKit/605.1.15 (KHTML, like Gecko) Version/13.0.3 Mobile/15E148 Safari/604.1', '2022-05-13 15:51:50', '2022-05-13 15:51:50', NULL);
INSERT INTO `system_login_log` (`id`, `username`, `ip`, `ua`, `created_at`, `updated_at`, `deleted_at`) VALUES ('9a01aea3-e291-4cd6-9c39-303e17e37dab', 'admin', '59.41.59.58', 'Mozilla/5.0 (X11; Linux x86_64) AppleWebKit/537.36 (KHTML, like Gecko) Chrome/96.0.4664.45 Safari/537.36', '2022-04-02 18:32:22', '2022-04-02 18:32:22', NULL);
INSERT INTO `system_login_log` (`id`, `username`, `ip`, `ua`, `created_at`, `updated_at`, `deleted_at`) VALUES ('9a0b3910-0fd0-4ce2-812d-14b63e083936', 'admin', '120.4.200.174', 'Mozilla/5.0 (Windows NT 10.0; Win64; x64) AppleWebKit/537.36 (KHTML, like Gecko) Chrome/104.0.0.0 Safari/537.36', '2022-08-18 23:59:36', '2022-08-18 23:59:36', NULL);
INSERT INTO `system_login_log` (`id`, `username`, `ip`, `ua`, `created_at`, `updated_at`, `deleted_at`) VALUES ('9a55c996-329b-4fcc-b2ae-eabde9b5595b', 'admin', '223.73.1.220', 'Mozilla/5.0 (Windows NT 10.0; Win64; x64) AppleWebKit/537.36 (KHTML, like Gecko) Chrome/102.0.5005.63 Safari/537.36 Edg/102.0.1245.39', '2022-06-11 23:46:53', '2022-06-11 23:46:53', NULL);
INSERT INTO `system_login_log` (`id`, `username`, `ip`, `ua`, `created_at`, `updated_at`, `deleted_at`) VALUES ('9a67e967-7b13-40b1-a31d-32e59863c746', 'admin', '::1', 'Mozilla/5.0 (Macintosh; Intel Mac OS X 10_15_7) AppleWebKit/537.36 (KHTML, like Gecko) Chrome/103.0.0.0 Safari/537.36', '2022-08-02 20:37:23', '2022-08-02 20:37:23', NULL);
INSERT INTO `system_login_log` (`id`, `username`, `ip`, `ua`, `created_at`, `updated_at`, `deleted_at`) VALUES ('9a9d9156-e4b5-4776-96d2-daf9de67f526', 'admin', '120.219.35.243', 'Mozilla/5.0 (Windows NT 10.0; Win64; x64) AppleWebKit/537.36 (KHTML, like Gecko) Chrome/103.0.5060.114 Safari/537.36 Edg/103.0.1264.62', '2022-07-20 13:20:13', '2022-07-20 13:20:13', NULL);
INSERT INTO `system_login_log` (`id`, `username`, `ip`, `ua`, `created_at`, `updated_at`, `deleted_at`) VALUES ('9c111beb-38e9-4f9c-bd85-b5362390aafa', 'admin', '61.158.208.12', 'Mozilla/5.0 (Windows NT 10.0; Win64; x64) AppleWebKit/537.36 (KHTML, like Gecko) Chrome/102.0.5005.124 Safari/537.36 Edg/102.0.1245.44', '2022-06-20 15:50:54', '2022-06-20 15:50:54', NULL);
INSERT INTO `system_login_log` (`id`, `username`, `ip`, `ua`, `created_at`, `updated_at`, `deleted_at`) VALUES ('9c14ab0a-0fec-477f-b5e4-c6391467dc49', 'admin', '183.192.14.191', 'Mozilla/5.0 (Windows NT 10.0; Win64; x64) AppleWebKit/537.36 (KHTML, like Gecko) Chrome/101.0.4951.54 Safari/537.36 Edg/101.0.1210.39', '2022-05-11 14:01:02', '2022-05-11 14:01:02', NULL);
INSERT INTO `system_login_log` (`id`, `username`, `ip`, `ua`, `created_at`, `updated_at`, `deleted_at`) VALUES ('9c4c3b09-a468-4e4c-b0c5-56997251c1bc', 'admin', '61.158.152.220', 'Mozilla/5.0 (Windows NT 10.0; Win64; x64) AppleWebKit/537.36 (KHTML, like Gecko) Chrome/103.0.5060.53 Safari/537.36 Edg/103.0.1264.37', '2022-07-01 21:51:52', '2022-07-01 21:51:52', NULL);
INSERT INTO `system_login_log` (`id`, `username`, `ip`, `ua`, `created_at`, `updated_at`, `deleted_at`) VALUES ('9d19e739-79cc-457b-aa20-bf4eee90c5e6', 'admin', '223.90.190.139', 'Mozilla/5.0 (Windows NT 10.0; Win64; x64) AppleWebKit/537.36 (KHTML, like Gecko) Chrome/102.0.5005.63 Safari/537.36 Edg/102.0.1245.33', '2022-06-12 19:50:50', '2022-06-12 19:50:50', NULL);
INSERT INTO `system_login_log` (`id`, `username`, `ip`, `ua`, `created_at`, `updated_at`, `deleted_at`) VALUES ('9d5192e1-8383-4e34-9abc-1ac48074276f', 'admin', '174.139.20.240', 'Mozilla/5.0 (Windows NT 10.0; WOW64) AppleWebKit/537.36 (KHTML, like Gecko) Chrome/96.0.4664.110 Safari/537.36', '2022-05-07 22:25:23', '2022-05-07 22:25:23', NULL);
INSERT INTO `system_login_log` (`id`, `username`, `ip`, `ua`, `created_at`, `updated_at`, `deleted_at`) VALUES ('9d62cc07-6881-4114-bccd-ff73783fecec', 'admin', '219.155.82.242', 'Mozilla/5.0 (Windows NT 10.0; Win64; x64) AppleWebKit/537.36 (KHTML, like Gecko) Chrome/103.0.0.0 Safari/537.36', '2022-07-19 14:26:30', '2022-07-19 14:26:30', NULL);
INSERT INTO `system_login_log` (`id`, `username`, `ip`, `ua`, `created_at`, `updated_at`, `deleted_at`) VALUES ('9dd26e84-178e-41f6-a114-6a264725de4e', 'admin', '115.52.146.65', 'Mozilla/5.0 (Windows NT 10.0; Win64; x64) AppleWebKit/537.36 (KHTML, like Gecko) Chrome/102.0.5005.124 Safari/537.36 Edg/102.0.1245.44', '2022-06-23 16:40:18', '2022-06-23 16:40:18', NULL);
INSERT INTO `system_login_log` (`id`, `username`, `ip`, `ua`, `created_at`, `updated_at`, `deleted_at`) VALUES ('9e4fd11a-2ed2-47ba-8ef8-1f0dd04d6c54', 'admin', '115.52.147.184', 'Mozilla/5.0 (Windows NT 10.0; Win64; x64) AppleWebKit/537.36 (KHTML, like Gecko) Chrome/102.0.5005.124 Safari/537.36 Edg/102.0.1245.44', '2022-06-22 16:33:19', '2022-06-22 16:33:19', NULL);
INSERT INTO `system_login_log` (`id`, `username`, `ip`, `ua`, `created_at`, `updated_at`, `deleted_at`) VALUES ('9e658bc4-74f8-4cd7-9e2b-8c59c89b911f', 'admin', '::1', 'Mozilla/5.0 (Macintosh; Intel Mac OS X 10_15_7) AppleWebKit/537.36 (KHTML, like Gecko) LanMiaoDesktopOnline/1.0.0 Chrome/100.0.4896.75 Electron/18.0.3 Safari/537.36', '2022-04-28 16:31:59', '2022-04-28 16:31:59', NULL);
INSERT INTO `system_login_log` (`id`, `username`, `ip`, `ua`, `created_at`, `updated_at`, `deleted_at`) VALUES ('9e814045-85f1-4dc8-9f8a-2e7a42ed54c4', 'admin', '::1', 'Mozilla/5.0 (Macintosh; Intel Mac OS X 10_15_7) AppleWebKit/537.36 (KHTML, like Gecko) Chrome/101.0.4951.54 Safari/537.36', '2022-05-13 15:43:58', '2022-05-13 15:43:58', NULL);
INSERT INTO `system_login_log` (`id`, `username`, `ip`, `ua`, `created_at`, `updated_at`, `deleted_at`) VALUES ('9ea747bf-0c6d-4e66-85e9-06047f7b540c', 'admin', '::1', 'Mozilla/5.0 (Macintosh; Intel Mac OS X 10_15_7) AppleWebKit/537.36 (KHTML, like Gecko) Chrome/101.0.4951.54 Safari/537.36', '2022-05-10 16:46:10', '2022-05-10 16:46:10', NULL);
INSERT INTO `system_login_log` (`id`, `username`, `ip`, `ua`, `created_at`, `updated_at`, `deleted_at`) VALUES ('9ed9dea8-79a2-4521-bd89-067b10b13d0c', 'admin', '112.111.0.175', 'Mozilla/5.0 (Macintosh; Intel Mac OS X 10_15_4) AppleWebKit/537.36 (KHTML, like Gecko) Chrome/101.0.4951.64 Safari/537.36', '2022-05-25 14:01:05', '2022-05-25 14:01:05', NULL);
INSERT INTO `system_login_log` (`id`, `username`, `ip`, `ua`, `created_at`, `updated_at`, `deleted_at`) VALUES ('9eefd40b-4d2a-4410-867d-701a76d89096', 'admin', '192.168.0.120', 'Mozilla/5.0 (Linux; Android 12; Redmi K30 Pro Build/SKQ1.211006.001; wv) AppleWebKit/537.36 (KHTML, like Gecko) Version/4.0 Chrome/96.0.4664.104 Mobile Safari/537.36 uni-app Html5Plus/1.0 (Immersed/34.909092)', '2022-11-11 11:42:56', '2022-11-11 11:42:56', NULL);
INSERT INTO `system_login_log` (`id`, `username`, `ip`, `ua`, `created_at`, `updated_at`, `deleted_at`) VALUES ('9f858945-e722-43b0-a870-76f840293a84', 'admin', '115.52.146.65', 'Mozilla/5.0 (Windows NT 10.0; Win64; x64) AppleWebKit/537.36 (KHTML, like Gecko) Chrome/102.0.5005.124 Safari/537.36 Edg/102.0.1245.44', '2022-06-24 14:55:25', '2022-06-24 14:55:25', NULL);
INSERT INTO `system_login_log` (`id`, `username`, `ip`, `ua`, `created_at`, `updated_at`, `deleted_at`) VALUES ('a04f9caf-6575-4efa-9ee0-388f61d22c08', 'admin', '114.252.167.65', 'Mozilla/5.0 (Windows NT 10.0; Win64; x64) AppleWebKit/537.36 (KHTML, like Gecko) Chrome/103.0.0.0 Safari/537.36', '2022-08-12 21:06:34', '2022-08-12 21:06:34', NULL);
INSERT INTO `system_login_log` (`id`, `username`, `ip`, `ua`, `created_at`, `updated_at`, `deleted_at`) VALUES ('a05343f9-32f0-4718-a324-9dbf51e987c9', 'admin', '125.70.76.228', 'Mozilla/5.0 (Macintosh; Intel Mac OS X 10_15_7) AppleWebKit/537.36 (KHTML, like Gecko) Chrome/103.0.5060.134 Safari/537.36 Edg/103.0.1264.77', '2022-08-10 17:33:10', '2022-08-10 17:33:10', NULL);
INSERT INTO `system_login_log` (`id`, `username`, `ip`, `ua`, `created_at`, `updated_at`, `deleted_at`) VALUES ('a1379ba3-d692-4d57-9a7a-1ec3032f0dbb', 'admin', '223.95.50.68', 'Mozilla/5.0 (Windows NT 10.0; Win64; x64) AppleWebKit/537.36 (KHTML, like Gecko) Chrome/103.0.5060.134 Safari/537.36 Edg/103.0.1264.77', '2022-08-04 11:29:27', '2022-08-04 11:29:27', NULL);
INSERT INTO `system_login_log` (`id`, `username`, `ip`, `ua`, `created_at`, `updated_at`, `deleted_at`) VALUES ('a23e6aab-476d-4509-babb-a994767f78f7', 'admin', '119.191.73.62', 'Mozilla/5.0 (Macintosh; Intel Mac OS X 10_15_7) AppleWebKit/537.36 (KHTML, like Gecko) Chrome/107.0.0.0 Safari/537.36', '2022-11-29 16:41:57', '2022-11-29 16:41:57', NULL);
INSERT INTO `system_login_log` (`id`, `username`, `ip`, `ua`, `created_at`, `updated_at`, `deleted_at`) VALUES ('a4e98fdf-49d1-4fc9-a5ca-9e29ef39c8dd', 'admin', '::1', 'Mozilla/5.0 (iPhone; CPU iPhone OS 13_2_3 like Mac OS X) AppleWebKit/605.1.15 (KHTML, like Gecko) Version/13.0.3 Mobile/15E148 Safari/604.1', '2022-05-11 15:15:27', '2022-05-11 15:15:27', NULL);
INSERT INTO `system_login_log` (`id`, `username`, `ip`, `ua`, `created_at`, `updated_at`, `deleted_at`) VALUES ('a56bda02-af62-44f4-bf39-2d283ca14a17', 'admin', '218.107.215.114', 'Mozilla/5.0 (Windows NT 10.0; Win64; x64) AppleWebKit/537.36 (KHTML, like Gecko) LanMiaoDesktopOnline/1.0.0 Chrome/100.0.4896.75 Electron/18.0.3 Safari/537.36', '2022-08-10 13:05:43', '2022-08-10 13:05:43', NULL);
INSERT INTO `system_login_log` (`id`, `username`, `ip`, `ua`, `created_at`, `updated_at`, `deleted_at`) VALUES ('a5aa7f9e-1b87-413f-a908-d000a5a58a08', 'admin', '113.102.238.193', 'Mozilla/5.0 (Macintosh; Intel Mac OS X 10_15_7) AppleWebKit/537.36 (KHTML, like Gecko) Chrome/101.0.4951.54 Safari/537.36', '2022-05-07 15:43:36', '2022-05-07 15:43:36', NULL);
INSERT INTO `system_login_log` (`id`, `username`, `ip`, `ua`, `created_at`, `updated_at`, `deleted_at`) VALUES ('a787e379-6d1f-4f28-af2d-a666dfe96a3f', 'admin', '192.168.0.117', 'Mozilla/5.0 (Linux; Android 11; Redmi K30 Pro Build/RKQ1.200826.002; wv) AppleWebKit/537.36 (KHTML, like Gecko) Version/4.0 Chrome/90.0.4430.210 Mobile Safari/537.36 uni-app Html5Plus/1.0 (Immersed/34.909092)', '2022-08-22 11:52:01', '2022-08-22 11:52:01', NULL);
INSERT INTO `system_login_log` (`id`, `username`, `ip`, `ua`, `created_at`, `updated_at`, `deleted_at`) VALUES ('a85dd6cd-56f8-43cc-83f1-f8a6c23d8e88', 'admin', '120.241.153.151', 'Mozilla/5.0 (Windows NT 6.1; Win64; x64; rv:107.0) Gecko/20100101 Firefox/107.0', '2022-12-12 11:07:18', '2022-12-12 11:07:18', NULL);
INSERT INTO `system_login_log` (`id`, `username`, `ip`, `ua`, `created_at`, `updated_at`, `deleted_at`) VALUES ('a8c7569c-f367-406e-9309-df2026333521', 'admin', '183.192.10.206', 'Mozilla/5.0 (Windows NT 10.0; Win64; x64) AppleWebKit/537.36 (KHTML, like Gecko) Chrome/99.0.4844.74 Safari/537.36 Edg/99.0.1150.52', '2022-03-28 11:36:16', '2022-03-28 11:36:16', NULL);
INSERT INTO `system_login_log` (`id`, `username`, `ip`, `ua`, `created_at`, `updated_at`, `deleted_at`) VALUES ('a9e62f67-786c-4a42-b62c-a85c702dcc7d', 'admin', '::1', 'Mozilla/5.0 (Macintosh; Intel Mac OS X 10_15_7) AppleWebKit/537.36 (KHTML, like Gecko) LanMiaoDesktopOnline/1.0.0 Chrome/100.0.4896.75 Electron/18.0.3 Safari/537.36', '2022-04-28 16:18:53', '2022-04-28 16:18:53', NULL);
INSERT INTO `system_login_log` (`id`, `username`, `ip`, `ua`, `created_at`, `updated_at`, `deleted_at`) VALUES ('aa0f8c74-2d75-40f5-85cb-c34ed3d04a51', 'admin', '::1', 'Mozilla/5.0 (iPhone; CPU iPhone OS 13_2_3 like Mac OS X) AppleWebKit/605.1.15 (KHTML, like Gecko) Version/13.0.3 Mobile/15E148 Safari/604.1', '2022-05-11 14:36:26', '2022-05-11 14:36:26', NULL);
INSERT INTO `system_login_log` (`id`, `username`, `ip`, `ua`, `created_at`, `updated_at`, `deleted_at`) VALUES ('aa2171f7-fb15-443a-8be0-571d348770ac', 'admin', '::1', 'Mozilla/5.0 (Macintosh; Intel Mac OS X 10_15_7) AppleWebKit/537.36 (KHTML, like Gecko) Chrome/103.0.0.0 Safari/537.36', '2022-08-09 21:45:21', '2022-08-09 21:45:21', NULL);
INSERT INTO `system_login_log` (`id`, `username`, `ip`, `ua`, `created_at`, `updated_at`, `deleted_at`) VALUES ('aa394c71-2585-4622-9a7b-7ac867c7b493', 'admin', '36.32.59.19', 'Mozilla/5.0 (Linux; Android 12; Mi 10) AppleWebKit/537.36 (KHTML, like Gecko) Chrome/101.0.4951.54 Mobile Safari/537.36 EdgA/101.0.1210.39', '2022-05-18 23:22:43', '2022-05-18 23:22:43', NULL);
INSERT INTO `system_login_log` (`id`, `username`, `ip`, `ua`, `created_at`, `updated_at`, `deleted_at`) VALUES ('aaebfec4-de9e-4a4d-a148-5da08e0f5c53', 'admin', '::1', 'Mozilla/5.0 (Macintosh; Intel Mac OS X 10_15_7) AppleWebKit/537.36 (KHTML, like Gecko) Chrome/100.0.4896.127 Safari/537.36', '2022-04-28 16:50:13', '2022-04-28 16:50:13', NULL);
INSERT INTO `system_login_log` (`id`, `username`, `ip`, `ua`, `created_at`, `updated_at`, `deleted_at`) VALUES ('ab3a6249-163c-470e-a4ab-df2014bff1c2', 'admin', '115.195.47.65', 'Mozilla/5.0 (Windows NT 10.0; Win64; x64) AppleWebKit/537.36 (KHTML, like Gecko) Chrome/96.0.4664.45 Safari/537.36', '2022-06-10 23:54:50', '2022-06-10 23:54:50', NULL);
INSERT INTO `system_login_log` (`id`, `username`, `ip`, `ua`, `created_at`, `updated_at`, `deleted_at`) VALUES ('ab440862-ce1f-4bd9-98ed-89825b656110', 'admin', '222.176.193.135', 'Mozilla/5.0 (Windows NT 10.0; Win64; x64) AppleWebKit/537.36 (KHTML, like Gecko) Chrome/101.0.4951.41 Safari/537.36 Edg/101.0.1210.32', '2022-05-06 11:52:32', '2022-05-06 11:52:32', NULL);
INSERT INTO `system_login_log` (`id`, `username`, `ip`, `ua`, `created_at`, `updated_at`, `deleted_at`) VALUES ('abb40d5f-d566-4abf-b33d-fcecf95bd430', 'admin', '112.64.30.198', 'Mozilla/5.0 (Windows NT 10.0; Win64; x64) AppleWebKit/537.36 (KHTML, like Gecko) Chrome/104.0.5112.81 Safari/537.36 Edg/104.0.1293.54', '2022-08-13 18:41:08', '2022-08-13 18:41:08', NULL);
INSERT INTO `system_login_log` (`id`, `username`, `ip`, `ua`, `created_at`, `updated_at`, `deleted_at`) VALUES ('ad79cd76-eefa-42bc-b876-af211bf16fc7', 'admin', '223.90.190.201', 'Mozilla/5.0 (Windows NT 10.0; Win64; x64) AppleWebKit/537.36 (KHTML, like Gecko) Chrome/102.0.5005.124 Safari/537.36 Edg/102.0.1245.44', '2022-06-22 11:19:25', '2022-06-22 11:19:25', NULL);
INSERT INTO `system_login_log` (`id`, `username`, `ip`, `ua`, `created_at`, `updated_at`, `deleted_at`) VALUES ('add606af-181b-4968-b231-3bcef4e9c91b', 'admin', '112.49.103.85', 'Mozilla/5.0 (Macintosh; Intel Mac OS X 10_15_7) AppleWebKit/537.36 (KHTML, like Gecko) Chrome/101.0.4951.54 Safari/537.36', '2022-05-05 23:06:04', '2022-05-05 23:06:04', NULL);
INSERT INTO `system_login_log` (`id`, `username`, `ip`, `ua`, `created_at`, `updated_at`, `deleted_at`) VALUES ('aebbc57f-8054-4d3a-b452-98bee675b197', 'admin', '58.213.205.185', 'Mozilla/5.0 (Windows NT 10.0; Win64; x64) AppleWebKit/537.36 (KHTML, like Gecko) Chrome/100.0.4896.127 Safari/537.36', '2022-04-29 14:38:51', '2022-04-29 14:38:51', NULL);
INSERT INTO `system_login_log` (`id`, `username`, `ip`, `ua`, `created_at`, `updated_at`, `deleted_at`) VALUES ('aecc5553-e839-4492-bb3c-339c508cb6e3', 'admin', '120.219.35.211', 'Mozilla/5.0 (Windows NT 10.0; Win64; x64) AppleWebKit/537.36 (KHTML, like Gecko) Chrome/103.0.5060.114 Safari/537.36 Edg/103.0.1264.62', '2022-07-17 18:09:56', '2022-07-17 18:09:56', NULL);
INSERT INTO `system_login_log` (`id`, `username`, `ip`, `ua`, `created_at`, `updated_at`, `deleted_at`) VALUES ('aee4ea5f-cf37-4aca-851e-3b8736e9eff8', 'admin', '::1', 'Mozilla/5.0 (iPhone; CPU iPhone OS 13_2_3 like Mac OS X) AppleWebKit/605.1.15 (KHTML, like Gecko) Version/13.0.3 Mobile/15E148 Safari/604.1', '2022-05-11 14:42:02', '2022-05-11 14:42:02', NULL);
INSERT INTO `system_login_log` (`id`, `username`, `ip`, `ua`, `created_at`, `updated_at`, `deleted_at`) VALUES ('af7efb96-8903-47c7-9300-6ee4d6e6b214', 'admin', '49.65.119.238', 'Mozilla/5.0 (Windows NT 10.0; Win64; x64) AppleWebKit/537.36 (KHTML, like Gecko) Chrome/102.0.0.0 Safari/537.36', '2022-06-22 07:41:20', '2022-06-22 07:41:20', NULL);
INSERT INTO `system_login_log` (`id`, `username`, `ip`, `ua`, `created_at`, `updated_at`, `deleted_at`) VALUES ('b10c444e-261f-4cf8-aa1e-82bc157ba5c4', 'admin', '14.104.84.209', 'Mozilla/5.0 (Macintosh; Intel Mac OS X 10_15_7) AppleWebKit/537.36 (KHTML, like Gecko) Chrome/100.0.4896.127 Safari/537.36', '2022-04-26 16:10:46', '2022-04-26 16:10:46', NULL);
INSERT INTO `system_login_log` (`id`, `username`, `ip`, `ua`, `created_at`, `updated_at`, `deleted_at`) VALUES ('b2bba05b-f559-40e8-ac56-73a76cbadf3d', 'admin', '117.25.38.57', 'Mozilla/5.0 (Windows NT 10.0; WOW64) AppleWebKit/537.36 (KHTML, like Gecko) Chrome/75.0.3770.100 Safari/537.36', '2022-05-10 14:53:45', '2022-05-10 14:53:45', NULL);
INSERT INTO `system_login_log` (`id`, `username`, `ip`, `ua`, `created_at`, `updated_at`, `deleted_at`) VALUES ('b338a235-b70e-434d-8dc0-34d23d5e4de0', 'admin', '60.210.145.58', 'Mozilla/5.0 (Macintosh; Intel Mac OS X 10_15_7) AppleWebKit/537.36 (KHTML, like Gecko) Chrome/103.0.0.0 Safari/537.36', '2022-08-08 11:40:03', '2022-08-08 11:40:03', NULL);
INSERT INTO `system_login_log` (`id`, `username`, `ip`, `ua`, `created_at`, `updated_at`, `deleted_at`) VALUES ('b43e4859-eff1-456c-be4e-e3cf9dfb4d0f', 'admin', '::1', 'Mozilla/5.0 (Macintosh; Intel Mac OS X 10_15_7) AppleWebKit/537.36 (KHTML, like Gecko) Chrome/104.0.0.0 Safari/537.36', '2022-08-15 16:23:59', '2022-08-15 16:23:59', NULL);
INSERT INTO `system_login_log` (`id`, `username`, `ip`, `ua`, `created_at`, `updated_at`, `deleted_at`) VALUES ('b48d800d-bbff-42c1-87fc-01de686bc830', 'admin', '192.168.0.65', 'Mozilla/5.0 (iPhone; CPU iPhone OS 13_2_3 like Mac OS X) AppleWebKit/605.1.15 (KHTML, like Gecko) Version/13.0.3 Mobile/15E148 Safari/604.1', '2022-08-22 15:22:47', '2022-08-22 15:22:47', NULL);
INSERT INTO `system_login_log` (`id`, `username`, `ip`, `ua`, `created_at`, `updated_at`, `deleted_at`) VALUES ('b4d25f1b-e696-4c7a-9fc2-29f63fee88df', 'admin', '223.104.4.254', 'Mozilla/5.0 (Macintosh; Intel Mac OS X 10_15_7) AppleWebKit/605.1.15 (KHTML, like Gecko) Version/15.4 Safari/605.1.15', '2022-05-04 00:00:26', '2022-05-04 00:00:26', NULL);
INSERT INTO `system_login_log` (`id`, `username`, `ip`, `ua`, `created_at`, `updated_at`, `deleted_at`) VALUES ('b57c3d67-f834-4f9b-8a95-279964e0c4d9', 'admin', '::1', 'Mozilla/5.0 (Macintosh; Intel Mac OS X 10_15_7) AppleWebKit/537.36 (KHTML, like Gecko) Chrome/101.0.4951.54 Safari/537.36', '2022-05-13 16:07:41', '2022-05-13 16:07:41', NULL);
INSERT INTO `system_login_log` (`id`, `username`, `ip`, `ua`, `created_at`, `updated_at`, `deleted_at`) VALUES ('b5ea9069-be45-4dd1-8b4f-378e0c16c537', 'admin', '115.52.146.65', 'Mozilla/5.0 (Windows NT 10.0; Win64; x64) AppleWebKit/537.36 (KHTML, like Gecko) Chrome/102.0.5005.124 Safari/537.36 Edg/102.0.1245.44', '2022-06-24 15:53:44', '2022-06-24 15:53:44', NULL);
INSERT INTO `system_login_log` (`id`, `username`, `ip`, `ua`, `created_at`, `updated_at`, `deleted_at`) VALUES ('b666b21b-4748-47ef-b93c-5d5b4a344d53', 'admin', '101.28.19.1', 'Mozilla/5.0 (Windows NT 10.0; Win64; x64) AppleWebKit/537.36 (KHTML, like Gecko) Chrome/101.0.4951.41 Safari/537.36', '2022-04-30 15:41:46', '2022-04-30 15:41:46', NULL);
INSERT INTO `system_login_log` (`id`, `username`, `ip`, `ua`, `created_at`, `updated_at`, `deleted_at`) VALUES ('b7303596-f5fa-4b8c-a6b6-1678e09a3c5c', 'admin', '27.192.243.91', 'Mozilla/5.0 (Macintosh; Intel Mac OS X 10_15_7) AppleWebKit/537.36 (KHTML, like Gecko) LanMiaoDesktopOnline/1.0.0 Chrome/100.0.4896.75 Electron/18.0.3 Safari/537.36', '2022-04-27 16:30:42', '2022-04-27 16:30:42', NULL);
INSERT INTO `system_login_log` (`id`, `username`, `ip`, `ua`, `created_at`, `updated_at`, `deleted_at`) VALUES ('b78c9af7-1c57-4d3a-b71b-cf88909b1863', 'admin', '::1', 'Mozilla/5.0 (iPhone; CPU iPhone OS 13_2_3 like Mac OS X) AppleWebKit/605.1.15 (KHTML, like Gecko) Version/13.0.3 Mobile/15E148 Safari/604.1', '2022-05-13 15:48:33', '2022-05-13 15:48:33', NULL);
INSERT INTO `system_login_log` (`id`, `username`, `ip`, `ua`, `created_at`, `updated_at`, `deleted_at`) VALUES ('b7b4cd56-8a20-4044-be2c-62816dd4ff59', 'admin', '222.75.152.205', 'Mozilla/5.0 (Macintosh; Intel Mac OS X 10_15_7) AppleWebKit/537.36 (KHTML, like Gecko) Chrome/96.0.4664.110 Safari/537.36', '2022-06-20 18:00:50', '2022-06-20 18:00:50', NULL);
INSERT INTO `system_login_log` (`id`, `username`, `ip`, `ua`, `created_at`, `updated_at`, `deleted_at`) VALUES ('b8712120-cdf9-4e3d-80fe-e26a4c2bc02a', 'admin', '::1', 'Mozilla/5.0 (Macintosh; Intel Mac OS X 10_15_7) AppleWebKit/537.36 (KHTML, like Gecko) Chrome/101.0.4951.54 Safari/537.36', '2022-05-13 15:40:18', '2022-05-13 15:40:18', NULL);
INSERT INTO `system_login_log` (`id`, `username`, `ip`, `ua`, `created_at`, `updated_at`, `deleted_at`) VALUES ('b89d1c5d-ca9e-468c-a533-cc6e4061a86c', 'admin', '::1', 'Mozilla/5.0 (iPhone; CPU iPhone OS 13_2_3 like Mac OS X) AppleWebKit/605.1.15 (KHTML, like Gecko) Version/13.0.3 Mobile/15E148 Safari/604.1', '2022-08-02 20:36:47', '2022-08-02 20:36:47', NULL);
INSERT INTO `system_login_log` (`id`, `username`, `ip`, `ua`, `created_at`, `updated_at`, `deleted_at`) VALUES ('b98e40c0-dabc-491b-a9f2-7a042f918b65', 'admin', '192.168.0.65', 'Mozilla/5.0 (iPhone; CPU iPhone OS 13_2_3 like Mac OS X) AppleWebKit/605.1.15 (KHTML, like Gecko) Version/13.0.3 Mobile/15E148 Safari/604.1', '2022-08-22 14:40:39', '2022-08-22 14:40:39', NULL);
INSERT INTO `system_login_log` (`id`, `username`, `ip`, `ua`, `created_at`, `updated_at`, `deleted_at`) VALUES ('b9b77dde-c644-43a4-87e4-4de6cb5fe68e', 'admin', '::1', 'Mozilla/5.0 (iPhone; CPU iPhone OS 13_2_3 like Mac OS X) AppleWebKit/605.1.15 (KHTML, like Gecko) Version/13.0.3 Mobile/15E148 Safari/604.1', '2022-05-16 16:52:19', '2022-05-16 16:52:19', NULL);
INSERT INTO `system_login_log` (`id`, `username`, `ip`, `ua`, `created_at`, `updated_at`, `deleted_at`) VALUES ('b9c0cb37-86a9-4263-8cce-02e4874a7767', 'admin', '27.192.243.91', 'Mozilla/5.0 (Macintosh; Intel Mac OS X 10_15_7) AppleWebKit/537.36 (KHTML, like Gecko) Chrome/103.0.0.0 Safari/537.36', '2022-07-16 09:48:50', '2022-07-16 09:48:50', NULL);
INSERT INTO `system_login_log` (`id`, `username`, `ip`, `ua`, `created_at`, `updated_at`, `deleted_at`) VALUES ('ba2cb4b7-6e59-4e82-9c77-e2da3e77b5a0', 'admin', '118.113.146.44', 'Mozilla/5.0 (Windows NT 10.0; Win64; x64) AppleWebKit/537.36 (KHTML, like Gecko) Chrome/101.0.4951.54 Safari/537.36 Edg/101.0.1210.39', '2022-05-13 15:54:52', '2022-05-13 15:54:52', NULL);
INSERT INTO `system_login_log` (`id`, `username`, `ip`, `ua`, `created_at`, `updated_at`, `deleted_at`) VALUES ('bac2c0b8-787a-4618-a3ea-03e2a3062df5', 'admin', '59.41.59.58', 'Mozilla/5.0 (X11; Linux x86_64) AppleWebKit/537.36 (KHTML, like Gecko) Chrome/96.0.4664.45 Safari/537.36', '2022-03-23 15:54:27', '2022-03-23 15:54:27', NULL);
INSERT INTO `system_login_log` (`id`, `username`, `ip`, `ua`, `created_at`, `updated_at`, `deleted_at`) VALUES ('bb5f3577-06f6-4053-b697-eadd46c7763b', 'admin', '::1', 'Mozilla/5.0 (iPhone; CPU iPhone OS 13_2_3 like Mac OS X) AppleWebKit/605.1.15 (KHTML, like Gecko) Version/13.0.3 Mobile/15E148 Safari/604.1', '2022-05-17 16:29:43', '2022-05-17 16:29:43', NULL);
INSERT INTO `system_login_log` (`id`, `username`, `ip`, `ua`, `created_at`, `updated_at`, `deleted_at`) VALUES ('bc1b01e0-d758-4bd5-aa71-c972b731d72d', 'admin', '::1', 'Mozilla/5.0 (Macintosh; Intel Mac OS X 10_15_7) AppleWebKit/537.36 (KHTML, like Gecko) Chrome/100.0.4896.127 Safari/537.36', '2022-04-28 16:32:50', '2022-04-28 16:32:50', NULL);
INSERT INTO `system_login_log` (`id`, `username`, `ip`, `ua`, `created_at`, `updated_at`, `deleted_at`) VALUES ('bc65d6ec-68a0-4186-99da-a92ed99c6acd', 'admin', '::1', 'Mozilla/5.0 (Macintosh; Intel Mac OS X 10_15_7) AppleWebKit/537.36 (KHTML, like Gecko) Chrome/101.0.4951.54 Safari/537.36', '2022-05-12 15:52:27', '2022-05-12 15:52:27', NULL);
INSERT INTO `system_login_log` (`id`, `username`, `ip`, `ua`, `created_at`, `updated_at`, `deleted_at`) VALUES ('bcb93d84-6e9e-4029-b54f-99a9b6605799', 'admin', '::1', 'Mozilla/5.0 (Macintosh; Intel Mac OS X 10_15_7) AppleWebKit/537.36 (KHTML, like Gecko) LanMiaoDesktopOnline/1.0.0 Chrome/100.0.4896.75 Electron/18.0.3 Safari/537.36', '2022-04-28 16:13:34', '2022-04-28 16:13:34', NULL);
INSERT INTO `system_login_log` (`id`, `username`, `ip`, `ua`, `created_at`, `updated_at`, `deleted_at`) VALUES ('bd1597ae-48dd-4058-aadf-0e3335f2fe2f', 'admin', '60.233.1.14', 'Mozilla/5.0 (Windows NT 10.0; Win64; x64) AppleWebKit/537.36 (KHTML, like Gecko) Chrome/100.0.4896.127 Safari/537.36', '2022-04-29 08:42:28', '2022-04-29 08:42:28', NULL);
INSERT INTO `system_login_log` (`id`, `username`, `ip`, `ua`, `created_at`, `updated_at`, `deleted_at`) VALUES ('be0bce1b-ed0a-4ec8-8170-1c9190c5882e', 'admin', '223.88.37.13', 'Mozilla/5.0 (Windows NT 10.0; Win64; x64) AppleWebKit/537.36 (KHTML, like Gecko) Chrome/96.0.4664.45 Safari/537.36', '2022-04-24 19:13:52', '2022-04-24 19:13:52', NULL);
INSERT INTO `system_login_log` (`id`, `username`, `ip`, `ua`, `created_at`, `updated_at`, `deleted_at`) VALUES ('be4f3695-1e5b-4fb7-b801-e54d1558b125', 'admin', '183.14.28.88', 'Mozilla/5.0 (Windows NT 10.0; Win64; x64) AppleWebKit/537.36 (KHTML, like Gecko) Chrome/102.0.0.0 Safari/537.36', '2022-06-06 11:42:45', '2022-06-06 11:42:45', NULL);
INSERT INTO `system_login_log` (`id`, `username`, `ip`, `ua`, `created_at`, `updated_at`, `deleted_at`) VALUES ('be71b4f2-c2fb-4796-bf7d-8afd47849f15', 'admin', '::1', 'Mozilla/5.0 (iPhone; CPU iPhone OS 13_2_3 like Mac OS X) AppleWebKit/605.1.15 (KHTML, like Gecko) Version/13.0.3 Mobile/15E148 Safari/604.1', '2022-08-15 16:36:31', '2022-08-15 16:36:31', NULL);
INSERT INTO `system_login_log` (`id`, `username`, `ip`, `ua`, `created_at`, `updated_at`, `deleted_at`) VALUES ('bea5bf13-93f2-471b-8aad-656ec5f891a6', 'admin', '124.128.5.234', 'Mozilla/5.0 (Windows NT 10.0; Win64; x64) AppleWebKit/537.36 (KHTML, like Gecko) LanMiaoDesktopOnline/1.0.0 Chrome/100.0.4896.75 Electron/18.0.3 Safari/537.36', '2022-05-18 10:24:54', '2022-05-18 10:24:54', NULL);
INSERT INTO `system_login_log` (`id`, `username`, `ip`, `ua`, `created_at`, `updated_at`, `deleted_at`) VALUES ('c029f439-913f-4c76-9c3d-6dc84fff76b4', 'admin', '139.204.140.217', 'Mozilla/5.0 (Windows NT 10.0; Win64; x64) AppleWebKit/537.36 (KHTML, like Gecko) LanMiaoDesktopOnline/1.0.0 Chrome/100.0.4896.75 Electron/18.0.3 Safari/537.36', '2022-05-16 11:26:34', '2022-05-16 11:26:34', NULL);
INSERT INTO `system_login_log` (`id`, `username`, `ip`, `ua`, `created_at`, `updated_at`, `deleted_at`) VALUES ('c03dd46b-2565-4b59-b49f-d9b3eb527924', 'admin', '::1', 'Mozilla/5.0 (Macintosh; Intel Mac OS X 10_15_7) AppleWebKit/537.36 (KHTML, like Gecko) Chrome/101.0.4951.54 Safari/537.36', '2022-05-17 09:35:10', '2022-05-17 09:35:10', NULL);
INSERT INTO `system_login_log` (`id`, `username`, `ip`, `ua`, `created_at`, `updated_at`, `deleted_at`) VALUES ('c086c3a0-5c52-40c8-97d8-bfff92468db6', 'admin', '::1', 'Mozilla/5.0 (Macintosh; Intel Mac OS X 10_15_7) AppleWebKit/537.36 (KHTML, like Gecko) Chrome/104.0.0.0 Safari/537.36', '2022-08-10 20:40:18', '2022-08-10 20:40:18', NULL);
INSERT INTO `system_login_log` (`id`, `username`, `ip`, `ua`, `created_at`, `updated_at`, `deleted_at`) VALUES ('c1197307-2fa4-4a32-b509-2338e086a9c9', 'admin', '27.192.243.91', 'Mozilla/5.0 (Macintosh; Intel Mac OS X 10_15_7) AppleWebKit/537.36 (KHTML, like Gecko) Chrome/100.0.4896.127 Safari/537.36', '2022-04-25 16:02:26', '2022-04-25 16:02:26', NULL);
INSERT INTO `system_login_log` (`id`, `username`, `ip`, `ua`, `created_at`, `updated_at`, `deleted_at`) VALUES ('c139445a-10f5-4559-b339-c696128da827', 'admin', '112.14.15.164', 'Mozilla/5.0 (Windows NT 10.0; Win64; x64; rv:103.0) Gecko/20100101 Firefox/103.0', '2022-08-23 16:27:57', '2022-08-23 16:27:57', NULL);
INSERT INTO `system_login_log` (`id`, `username`, `ip`, `ua`, `created_at`, `updated_at`, `deleted_at`) VALUES ('c13c86ae-1ceb-4d71-b839-47ab3318484c', 'admin', '::1', 'Mozilla/5.0 (Macintosh; Intel Mac OS X 10_15_7) AppleWebKit/537.36 (KHTML, like Gecko) LanMiaoDesktopOnline/1.0.0 Chrome/100.0.4896.75 Electron/18.0.3 Safari/537.36', '2022-09-27 09:18:43', '2022-09-27 09:18:43', NULL);
INSERT INTO `system_login_log` (`id`, `username`, `ip`, `ua`, `created_at`, `updated_at`, `deleted_at`) VALUES ('c39ac031-80d1-4f0a-af93-16382ac80f18', 'admin', '116.21.69.159', 'Mozilla/5.0 (Windows NT 10.0; Win64; x64) AppleWebKit/537.36 (KHTML, like Gecko) Chrome/104.0.0.0 Safari/537.36', '2022-08-18 18:57:02', '2022-08-18 18:57:02', NULL);
INSERT INTO `system_login_log` (`id`, `username`, `ip`, `ua`, `created_at`, `updated_at`, `deleted_at`) VALUES ('c3e7a632-6f97-42ae-8b83-474154a4e75d', 'admin', '223.90.190.139', 'Mozilla/5.0 (Windows NT 10.0; Win64; x64) AppleWebKit/537.36 (KHTML, like Gecko) Chrome/102.0.5005.63 Safari/537.36 Edg/102.0.1245.39', '2022-06-16 21:13:05', '2022-06-16 21:13:05', NULL);
INSERT INTO `system_login_log` (`id`, `username`, `ip`, `ua`, `created_at`, `updated_at`, `deleted_at`) VALUES ('c4536813-b82d-4c1e-a964-538b22039f50', 'admin', '183.202.60.56', 'Mozilla/5.0 (Macintosh; Intel Mac OS X 10_15_7) AppleWebKit/537.36 (KHTML, like Gecko) Chrome/101.0.4951.64 Safari/537.36', '2022-05-22 16:51:05', '2022-05-22 16:51:05', NULL);
INSERT INTO `system_login_log` (`id`, `username`, `ip`, `ua`, `created_at`, `updated_at`, `deleted_at`) VALUES ('c4bf6abe-4689-44ab-8202-bbab9251439a', 'admin', '61.164.74.184', 'Mozilla/5.0 (Windows NT 10.0; Win64; x64) AppleWebKit/537.36 (KHTML, like Gecko) Chrome/101.0.4951.54 Safari/537.36', '2022-05-18 09:20:54', '2022-05-18 09:20:54', NULL);
INSERT INTO `system_login_log` (`id`, `username`, `ip`, `ua`, `created_at`, `updated_at`, `deleted_at`) VALUES ('c50f5ff5-0893-488d-8308-bbacb64955ef', 'admin', '::1', 'Mozilla/5.0 (Macintosh; Intel Mac OS X 10_15_7) AppleWebKit/537.36 (KHTML, like Gecko) Chrome/100.0.4896.127 Safari/537.36', '2022-04-28 16:33:17', '2022-04-28 16:33:17', NULL);
INSERT INTO `system_login_log` (`id`, `username`, `ip`, `ua`, `created_at`, `updated_at`, `deleted_at`) VALUES ('c51019f0-46e4-4af9-9db5-041c23288ae2', 'admin', '27.192.243.91', 'Mozilla/5.0 (Macintosh; Intel Mac OS X 10_15_7) AppleWebKit/537.36 (KHTML, like Gecko) LanMiaoDesktopOnline/1.0.0 Chrome/100.0.4896.75 Electron/18.0.3 Safari/537.36', '2022-04-28 10:46:35', '2022-04-28 10:46:35', NULL);
INSERT INTO `system_login_log` (`id`, `username`, `ip`, `ua`, `created_at`, `updated_at`, `deleted_at`) VALUES ('c6c146ab-a41f-41f8-9d96-8970948b186b', 'admin', '112.243.32.238', 'Mozilla/5.0 (Macintosh; Intel Mac OS X 10_15_7) AppleWebKit/537.36 (KHTML, like Gecko) Chrome/103.0.0.0 Safari/537.36', '2022-07-01 22:19:02', '2022-07-01 22:19:02', NULL);
INSERT INTO `system_login_log` (`id`, `username`, `ip`, `ua`, `created_at`, `updated_at`, `deleted_at`) VALUES ('c6d46d59-b02c-46ef-b3d4-cd561743659b', 'admin', '27.192.243.91', 'Mozilla/5.0 (Macintosh; Intel Mac OS X 10_15_7) AppleWebKit/537.36 (KHTML, like Gecko) LanMiaoDesktopOnline/1.0.0 Chrome/100.0.4896.75 Electron/18.0.3 Safari/537.36', '2022-04-28 15:09:57', '2022-04-28 15:09:57', NULL);
INSERT INTO `system_login_log` (`id`, `username`, `ip`, `ua`, `created_at`, `updated_at`, `deleted_at`) VALUES ('c7207203-5ed1-43ab-8348-67b2576dced5', 'admin', '221.14.174.100', 'Mozilla/5.0 (Macintosh; Intel Mac OS X 10_15_7) AppleWebKit/537.36 (KHTML, like Gecko) Chrome/108.0.0.0 Safari/537.36 Edg/108.0.1462.46', '2022-12-12 16:32:14', '2022-12-12 16:32:14', NULL);
INSERT INTO `system_login_log` (`id`, `username`, `ip`, `ua`, `created_at`, `updated_at`, `deleted_at`) VALUES ('c73e7fc9-3d21-499f-b84e-67dca355ba9f', 'admin', '223.104.131.162', 'Mozilla/5.0 (Windows NT 10.0; Win64; x64) AppleWebKit/537.36 (KHTML, like Gecko) LanMiaoDesktopOnline/1.0.0 Chrome/100.0.4896.75 Electron/18.0.3 Safari/537.36', '2022-07-11 13:02:05', '2022-07-11 13:02:05', NULL);
INSERT INTO `system_login_log` (`id`, `username`, `ip`, `ua`, `created_at`, `updated_at`, `deleted_at`) VALUES ('c772b01d-1c95-4471-8daa-9c5fb3d836ec', 'admin', '::1', 'Mozilla/5.0 (Macintosh; Intel Mac OS X 10_15_7) AppleWebKit/537.36 (KHTML, like Gecko) Chrome/100.0.4896.127 Safari/537.36', '2022-04-28 16:55:48', '2022-04-28 16:55:48', NULL);
INSERT INTO `system_login_log` (`id`, `username`, `ip`, `ua`, `created_at`, `updated_at`, `deleted_at`) VALUES ('c7b21374-4165-423d-bd10-0384d102eb9d', 'admin', '222.94.221.26', 'Mozilla/5.0 (Windows NT 10.0; Win64; x64) AppleWebKit/537.36 (KHTML, like Gecko) Chrome/101.0.0.0 Safari/537.36', '2022-07-26 16:18:05', '2022-07-26 16:18:05', NULL);
INSERT INTO `system_login_log` (`id`, `username`, `ip`, `ua`, `created_at`, `updated_at`, `deleted_at`) VALUES ('c7b50627-28db-4d05-9514-7d6c4b914e2d', 'admin', '192.168.0.117', 'Mozilla/5.0 (Linux; Android 11; Redmi K30 Pro Build/RKQ1.200826.002; wv) AppleWebKit/537.36 (KHTML, like Gecko) Version/4.0 Chrome/90.0.4430.210 Mobile Safari/537.36 uni-app Html5Plus/1.0 (Immersed/34.909092)', '2022-08-22 11:40:14', '2022-08-22 11:40:14', NULL);
INSERT INTO `system_login_log` (`id`, `username`, `ip`, `ua`, `created_at`, `updated_at`, `deleted_at`) VALUES ('c7b57245-ca4f-4c5f-9d13-8eb9c7dbb17e', 'admin', '36.20.2.34', 'Mozilla/5.0 (Windows NT 10.0; Win64; x64) AppleWebKit/537.36 (KHTML, like Gecko) Chrome/96.0.4664.45 Safari/537.36', '2022-07-10 21:10:58', '2022-07-10 21:10:58', NULL);
INSERT INTO `system_login_log` (`id`, `username`, `ip`, `ua`, `created_at`, `updated_at`, `deleted_at`) VALUES ('c7f54ca3-dd98-4cf3-b6a5-90f6fe0742be', 'admin', '182.48.107.50', 'Mozilla/5.0 (Windows NT 10.0; Win64; x64) AppleWebKit/537.36 (KHTML, like Gecko) LanMiaoDesktopOnline/1.0.0 Chrome/100.0.4896.75 Electron/18.0.3 Safari/537.36', '2022-05-31 08:26:43', '2022-05-31 08:26:43', NULL);
INSERT INTO `system_login_log` (`id`, `username`, `ip`, `ua`, `created_at`, `updated_at`, `deleted_at`) VALUES ('c8870c8a-8f6e-4443-a28e-4b187aa28f47', 'admin', '58.60.230.3', 'Mozilla/5.0 (Windows NT 10.0; Win64; x64) AppleWebKit/537.36 (KHTML, like Gecko) Chrome/103.0.0.0 Safari/537.36', '2022-07-18 19:46:38', '2022-07-18 19:46:38', NULL);
INSERT INTO `system_login_log` (`id`, `username`, `ip`, `ua`, `created_at`, `updated_at`, `deleted_at`) VALUES ('c9092458-0683-4f00-9517-d48c6a9f2877', 'admin', '115.52.147.63', 'Mozilla/5.0 (Windows NT 10.0; WOW64) AppleWebKit/537.36 (KHTML, like Gecko) Chrome/92.0.4515.131 Safari/537.36 SLBrowser/8.0.0.5261 SLBChan/103', '2022-06-16 21:15:00', '2022-06-16 21:15:00', NULL);
INSERT INTO `system_login_log` (`id`, `username`, `ip`, `ua`, `created_at`, `updated_at`, `deleted_at`) VALUES ('c9159e4b-e519-44ec-8f57-e353b3032866', 'admin', '124.65.225.198', 'Mozilla/5.0 (Windows NT 10.0; WOW64) AppleWebKit/537.36 (KHTML, like Gecko) Chrome/70.0.3538.25 Safari/537.36 Core/1.70.3877.400 QQBrowser/10.8.4507.400', '2022-08-05 17:24:07', '2022-08-05 17:24:07', NULL);
INSERT INTO `system_login_log` (`id`, `username`, `ip`, `ua`, `created_at`, `updated_at`, `deleted_at`) VALUES ('cac4d351-b34e-4679-bf38-df897daf4f28', 'admin', '113.5.8.242', 'Mozilla/5.0 (Windows NT 6.1; Win64; x64) AppleWebKit/537.36 (KHTML, like Gecko) Chrome/102.0.0.0 Safari/537.36', '2022-07-14 09:20:45', '2022-07-14 09:20:45', NULL);
INSERT INTO `system_login_log` (`id`, `username`, `ip`, `ua`, `created_at`, `updated_at`, `deleted_at`) VALUES ('ccc8c839-d436-43b1-8c00-ef7b3a7076df', 'admin', '58.210.190.62', 'Mozilla/5.0 (Macintosh; Intel Mac OS X 10_15_7) AppleWebKit/537.36 (KHTML, like Gecko) LanMiaoDesktopOnline/1.0.0 Chrome/100.0.4896.75 Electron/18.0.3 Safari/537.36', '2022-06-23 09:30:30', '2022-06-23 09:30:30', NULL);
INSERT INTO `system_login_log` (`id`, `username`, `ip`, `ua`, `created_at`, `updated_at`, `deleted_at`) VALUES ('cd39d6f6-dba8-46b3-af31-e561cfb6daf8', 'admin', '::1', 'Mozilla/5.0 (Macintosh; Intel Mac OS X 10_15_7) AppleWebKit/537.36 (KHTML, like Gecko) Chrome/101.0.4951.54 Safari/537.36', '2022-05-12 15:57:07', '2022-05-12 15:57:07', NULL);
INSERT INTO `system_login_log` (`id`, `username`, `ip`, `ua`, `created_at`, `updated_at`, `deleted_at`) VALUES ('cd70dafc-ac94-4fce-870f-6d64f964e427', 'admin', '183.192.10.206', 'Mozilla/5.0 (Windows NT 10.0; Win64; x64) AppleWebKit/537.36 (KHTML, like Gecko) Chrome/99.0.4844.74 Safari/537.36 Edg/99.0.1150.55', '2022-03-31 19:40:57', '2022-03-31 19:40:57', NULL);
INSERT INTO `system_login_log` (`id`, `username`, `ip`, `ua`, `created_at`, `updated_at`, `deleted_at`) VALUES ('ceec92a1-8684-4e5a-8030-a28149910623', 'admin', '112.232.140.237', 'Mozilla/5.0 (Windows NT 10.0; Win64; x64) AppleWebKit/537.36 (KHTML, like Gecko) LanMiaoDesktopOnline/1.0.0 Chrome/100.0.4896.75 Electron/18.0.3 Safari/537.36', '2022-12-02 20:38:03', '2022-12-02 20:38:03', NULL);
INSERT INTO `system_login_log` (`id`, `username`, `ip`, `ua`, `created_at`, `updated_at`, `deleted_at`) VALUES ('cefff985-fef0-45f9-a5a2-47c20c374392', 'admin', '27.205.105.254', 'Mozilla/5.0 (Macintosh; Intel Mac OS X 10_15_7) AppleWebKit/537.36 (KHTML, like Gecko) Chrome/99.0.4844.83 Safari/537.36', '2022-03-29 21:49:41', '2022-03-29 21:49:41', NULL);
INSERT INTO `system_login_log` (`id`, `username`, `ip`, `ua`, `created_at`, `updated_at`, `deleted_at`) VALUES ('cf44bc57-4965-454c-9d07-7503ffcf34b4', 'admin', '27.192.243.91', 'Mozilla/5.0 (Macintosh; Intel Mac OS X 10_15_7) AppleWebKit/537.36 (KHTML, like Gecko) LanMiaoDesktopOnline/1.0.0 Chrome/100.0.4896.75 Electron/18.0.3 Safari/537.36', '2022-05-10 09:36:25', '2022-05-10 09:36:25', NULL);
INSERT INTO `system_login_log` (`id`, `username`, `ip`, `ua`, `created_at`, `updated_at`, `deleted_at`) VALUES ('cf7e50e5-e4cb-4fd5-a391-e5f1a6abf502', 'admin', '115.52.146.252', 'Mozilla/5.0 (Windows NT 10.0; Win64; x64) AppleWebKit/537.36 (KHTML, like Gecko) Chrome/102.0.5005.124 Safari/537.36 Edg/102.0.1245.44', '2022-06-21 16:27:59', '2022-06-21 16:27:59', NULL);
INSERT INTO `system_login_log` (`id`, `username`, `ip`, `ua`, `created_at`, `updated_at`, `deleted_at`) VALUES ('cfc07d03-5885-4f42-ab42-b445c9bc4181', 'admin', '27.192.243.91', 'Mozilla/5.0 (Macintosh; Intel Mac OS X 10_15_7) AppleWebKit/537.36 (KHTML, like Gecko) LanMiaoDesktopOnline/1.0.0 Chrome/100.0.4896.75 Electron/18.0.3 Safari/537.36', '2022-05-09 08:30:58', '2022-05-09 08:30:58', NULL);
INSERT INTO `system_login_log` (`id`, `username`, `ip`, `ua`, `created_at`, `updated_at`, `deleted_at`) VALUES ('d03e342f-e830-4118-926b-d162b7a0e16b', 'admin', '220.202.232.112', 'Mozilla/5.0 (Windows NT 10.0; Win64; x64) AppleWebKit/537.36 (KHTML, like Gecko) Chrome/101.0.4951.67 Safari/537.36', '2022-05-17 23:22:30', '2022-05-17 23:22:30', NULL);
INSERT INTO `system_login_log` (`id`, `username`, `ip`, `ua`, `created_at`, `updated_at`, `deleted_at`) VALUES ('d1984c2b-fec4-42eb-84d9-fbc4e53b44c3', 'admin', '27.192.243.91', 'Mozilla/5.0 (Macintosh; Intel Mac OS X 10_15_7) AppleWebKit/537.36 (KHTML, like Gecko) Chrome/100.0.4896.127 Safari/537.36', '2022-04-28 15:10:41', '2022-04-28 15:10:41', NULL);
INSERT INTO `system_login_log` (`id`, `username`, `ip`, `ua`, `created_at`, `updated_at`, `deleted_at`) VALUES ('d1dbfdea-8f10-43e3-9343-708b94150352', 'admin', '::1', 'Mozilla/5.0 (Macintosh; Intel Mac OS X 10_15_7) AppleWebKit/537.36 (KHTML, like Gecko) Chrome/105.0.0.0 Safari/537.36', '2022-10-11 09:45:23', '2022-10-11 09:45:23', NULL);
INSERT INTO `system_login_log` (`id`, `username`, `ip`, `ua`, `created_at`, `updated_at`, `deleted_at`) VALUES ('d2d37d69-41ad-460b-8f22-ba39197c6ee6', 'admin', '::1', 'Mozilla/5.0 (Macintosh; Intel Mac OS X 10_15_7) AppleWebKit/537.36 (KHTML, like Gecko) Chrome/100.0.4896.127 Safari/537.36', '2022-04-28 16:08:45', '2022-04-28 16:08:45', NULL);
INSERT INTO `system_login_log` (`id`, `username`, `ip`, `ua`, `created_at`, `updated_at`, `deleted_at`) VALUES ('d2fdd824-b5cc-48b1-8890-68eba21cde06', 'admin', '111.172.192.147', 'Mozilla/5.0 (Macintosh; Intel Mac OS X 10_15_7) AppleWebKit/537.36 (KHTML, like Gecko) LanMiaoDesktopOnline/1.0.0 Chrome/100.0.4896.75 Electron/18.0.3 Safari/537.36', '2022-05-15 11:47:26', '2022-05-15 11:47:26', NULL);
INSERT INTO `system_login_log` (`id`, `username`, `ip`, `ua`, `created_at`, `updated_at`, `deleted_at`) VALUES ('d2fe8b16-e2d7-413d-8751-ed64d20c5863', 'admin', '223.90.190.139', 'Mozilla/5.0 (Windows NT 10.0; Win64; x64) AppleWebKit/537.36 (KHTML, like Gecko) LanMiaoDesktopOnline/1.0.0 Chrome/100.0.4896.75 Electron/18.0.3 Safari/537.36', '2022-06-13 21:57:01', '2022-06-13 21:57:01', NULL);
INSERT INTO `system_login_log` (`id`, `username`, `ip`, `ua`, `created_at`, `updated_at`, `deleted_at`) VALUES ('d346cc0d-0c9e-4e38-b628-7edc08d11b36', 'admin', '192.168.0.65', 'Mozilla/5.0 (iPhone; CPU iPhone OS 13_2_3 like Mac OS X) AppleWebKit/605.1.15 (KHTML, like Gecko) Version/13.0.3 Mobile/15E148 Safari/604.1', '2022-08-22 14:42:12', '2022-08-22 14:42:12', NULL);
INSERT INTO `system_login_log` (`id`, `username`, `ip`, `ua`, `created_at`, `updated_at`, `deleted_at`) VALUES ('d47f523d-3c23-4ea7-b0a3-86806915de85', 'admin', '112.232.140.237', 'Mozilla/5.0 (Windows NT 10.0; Win64; x64) AppleWebKit/537.36 (KHTML, like Gecko) LanMiaoDesktopOnline/1.0.0 Chrome/100.0.4896.75 Electron/18.0.3 Safari/537.36', '2022-12-02 21:00:27', '2022-12-02 21:00:27', NULL);
INSERT INTO `system_login_log` (`id`, `username`, `ip`, `ua`, `created_at`, `updated_at`, `deleted_at`) VALUES ('d48db045-dd16-4e6d-8d80-50092ca2b498', 'admin', '123.232.218.101', 'Mozilla/5.0 (Windows NT 10.0; Win64; x64) AppleWebKit/537.36 (KHTML, like Gecko) Chrome/98.0.4758.82 Safari/537.36', '2022-03-24 10:14:17', '2022-03-24 10:14:17', NULL);
INSERT INTO `system_login_log` (`id`, `username`, `ip`, `ua`, `created_at`, `updated_at`, `deleted_at`) VALUES ('d59d0406-acff-46b2-965e-5e9f0443578f', 'admin', '121.225.131.229', 'Mozilla/5.0 (Windows NT 10.0; Win64; x64) AppleWebKit/537.36 (KHTML, like Gecko) LanMiaoDesktopOnline/1.0.0 Chrome/100.0.4896.75 Electron/18.0.3 Safari/537.36', '2022-05-25 10:45:48', '2022-05-25 10:45:48', NULL);
INSERT INTO `system_login_log` (`id`, `username`, `ip`, `ua`, `created_at`, `updated_at`, `deleted_at`) VALUES ('d6390542-1d6b-487a-9101-ce4139063266', 'admin', '218.28.159.5', 'Mozilla/5.0 (Windows NT 10.0; Win64; x64) AppleWebKit/537.36 (KHTML, like Gecko) Chrome/100.0.4896.127 Safari/537.36', '2022-05-02 01:23:34', '2022-05-02 01:23:34', NULL);
INSERT INTO `system_login_log` (`id`, `username`, `ip`, `ua`, `created_at`, `updated_at`, `deleted_at`) VALUES ('d656adb5-76f0-41dc-bd52-e0e4cf56fba5', 'admin', '::1', 'Mozilla/5.0 (iPhone; CPU iPhone OS 13_2_3 like Mac OS X) AppleWebKit/605.1.15 (KHTML, like Gecko) Version/13.0.3 Mobile/15E148 Safari/604.1', '2022-05-13 15:22:33', '2022-05-13 15:22:33', NULL);
INSERT INTO `system_login_log` (`id`, `username`, `ip`, `ua`, `created_at`, `updated_at`, `deleted_at`) VALUES ('d78f1088-feae-4e24-b214-ae74458c9d8a', 'admin', '223.90.190.219', 'Mozilla/5.0 (Windows NT 10.0; Win64; x64) AppleWebKit/537.36 (KHTML, like Gecko) LanMiaoDesktopOnline/1.0.0 Chrome/100.0.4896.75 Electron/18.0.3 Safari/537.36', '2022-06-24 15:40:30', '2022-06-24 15:40:30', NULL);
INSERT INTO `system_login_log` (`id`, `username`, `ip`, `ua`, `created_at`, `updated_at`, `deleted_at`) VALUES ('d8b0cc66-fb21-4d37-be72-c11be4a015e7', 'admin', '113.128.191.86', 'Mozilla/5.0 (Windows NT 10.0; Win64; x64) AppleWebKit/537.36 (KHTML, like Gecko) Chrome/102.0.0.0 Safari/537.36', '2022-06-22 11:56:46', '2022-06-22 11:56:46', NULL);
INSERT INTO `system_login_log` (`id`, `username`, `ip`, `ua`, `created_at`, `updated_at`, `deleted_at`) VALUES ('d92b7eae-a6ba-4d83-a896-f38a4992e0e1', 'admin', '113.93.236.251', 'Mozilla/5.0 (Macintosh; Intel Mac OS X 10_15_7) AppleWebKit/537.36 (KHTML, like Gecko) LanMiaoDesktopOnline/1.0.0 Chrome/100.0.4896.75 Electron/18.0.3 Safari/537.36', '2022-06-04 20:44:50', '2022-06-04 20:44:50', NULL);
INSERT INTO `system_login_log` (`id`, `username`, `ip`, `ua`, `created_at`, `updated_at`, `deleted_at`) VALUES ('d9453bfc-a504-4449-91fb-a89677d5438f', 'admin', '::1', 'Mozilla/5.0 (iPhone; CPU iPhone OS 13_2_3 like Mac OS X) AppleWebKit/605.1.15 (KHTML, like Gecko) Version/13.0.3 Mobile/15E148 Safari/604.1', '2022-08-15 17:06:30', '2022-08-15 17:06:30', NULL);
INSERT INTO `system_login_log` (`id`, `username`, `ip`, `ua`, `created_at`, `updated_at`, `deleted_at`) VALUES ('d9e98e05-1743-4b7f-8d35-051408fb3099', 'admin', '122.238.65.152', 'Mozilla/5.0 (Windows NT 10.0; Win64; x64) AppleWebKit/537.36 (KHTML, like Gecko) LanMiaoDesktopOnline/1.0.0 Chrome/100.0.4896.75 Electron/18.0.3 Safari/537.36', '2022-05-17 11:15:10', '2022-05-17 11:15:10', NULL);
INSERT INTO `system_login_log` (`id`, `username`, `ip`, `ua`, `created_at`, `updated_at`, `deleted_at`) VALUES ('da388852-2bf8-4acd-b51a-d1148f43eb95', 'admin', '119.139.167.112', 'Mozilla/5.0 (Windows NT 6.1; Win64; x64) AppleWebKit/537.36 (KHTML, like Gecko) Chrome/101.0.4951.64 Safari/537.36 Edg/101.0.1210.53', '2022-06-05 13:39:16', '2022-06-05 13:39:16', NULL);
INSERT INTO `system_login_log` (`id`, `username`, `ip`, `ua`, `created_at`, `updated_at`, `deleted_at`) VALUES ('dab978cc-9945-4e82-ae03-72c02f8dcbb2', 'admin', '::1', 'Mozilla/5.0 (Macintosh; Intel Mac OS X 10_15_7) AppleWebKit/537.36 (KHTML, like Gecko) Chrome/103.0.0.0 Safari/537.36', '2022-08-03 16:09:58', '2022-08-03 16:09:58', NULL);
INSERT INTO `system_login_log` (`id`, `username`, `ip`, `ua`, `created_at`, `updated_at`, `deleted_at`) VALUES ('db535231-d75d-420b-a46f-746ce6cda5e9', 'admin', '223.147.90.31', 'Mozilla/5.0 (Windows NT 10.0; WOW64) AppleWebKit/537.36 (KHTML, like Gecko) LanMiaoDesktopOnline/1.0.0 Chrome/100.0.4896.75 Electron/18.0.3 Safari/537.36', '2022-12-01 18:10:38', '2022-12-01 18:10:38', NULL);
INSERT INTO `system_login_log` (`id`, `username`, `ip`, `ua`, `created_at`, `updated_at`, `deleted_at`) VALUES ('dc0f9548-8798-4076-946e-b30fe1c54b5e', 'admin', '223.73.185.88', 'Mozilla/5.0 (Macintosh; Intel Mac OS X 10_15_7) AppleWebKit/537.36 (KHTML, like Gecko) Chrome/102.0.5005.61 Safari/537.36', '2022-06-11 03:21:56', '2022-06-11 03:21:56', NULL);
INSERT INTO `system_login_log` (`id`, `username`, `ip`, `ua`, `created_at`, `updated_at`, `deleted_at`) VALUES ('dd230858-e978-4d99-9c82-e89c5d876046', 'admin', '110.52.12.65', 'Mozilla/5.0 (Windows NT 10.0; WOW64) AppleWebKit/537.36 (KHTML, like Gecko) Chrome/80.0.3987.87 Safari/537.36 SE 2.X MetaSr 1.0', '2022-04-06 13:56:30', '2022-04-06 13:56:30', NULL);
INSERT INTO `system_login_log` (`id`, `username`, `ip`, `ua`, `created_at`, `updated_at`, `deleted_at`) VALUES ('dd59ea74-9c45-45c8-b4e4-9521bdc86790', 'admin', '::1', 'Mozilla/5.0 (Macintosh; Intel Mac OS X 10_15_7) AppleWebKit/537.36 (KHTML, like Gecko) Chrome/103.0.0.0 Safari/537.36', '2022-08-09 20:47:26', '2022-08-09 20:47:26', NULL);
INSERT INTO `system_login_log` (`id`, `username`, `ip`, `ua`, `created_at`, `updated_at`, `deleted_at`) VALUES ('dd647696-82a3-4052-ace1-d7193044d2df', 'admin', '112.224.144.239', 'Mozilla/5.0 (Windows NT 10.0; Win64; x64) AppleWebKit/537.36 (KHTML, like Gecko) LanMiaoDesktopOnline/1.0.0 Chrome/100.0.4896.75 Electron/18.0.3 Safari/537.36', '2022-08-10 22:58:19', '2022-08-10 22:58:19', NULL);
INSERT INTO `system_login_log` (`id`, `username`, `ip`, `ua`, `created_at`, `updated_at`, `deleted_at`) VALUES ('ddb60b1b-fa4d-44ab-9d2a-b033270bc5af', 'admin', '113.124.227.225', 'Mozilla/5.0 (Windows NT 10.0; Win64; x64) AppleWebKit/537.36 (KHTML, like Gecko) Chrome/101.0.4951.64 Safari/537.36 Edg/101.0.1210.53', '2022-05-28 23:22:14', '2022-05-28 23:22:14', NULL);
INSERT INTO `system_login_log` (`id`, `username`, `ip`, `ua`, `created_at`, `updated_at`, `deleted_at`) VALUES ('de6c1c94-1e6e-456f-9cda-c47c9445be7a', 'admin', '117.80.35.45', 'Mozilla/5.0 (Windows NT 10.0; Win64; x64) AppleWebKit/537.36 (KHTML, like Gecko) Chrome/104.0.0.0 Safari/537.36', '2022-08-25 11:47:25', '2022-08-25 11:47:25', NULL);
INSERT INTO `system_login_log` (`id`, `username`, `ip`, `ua`, `created_at`, `updated_at`, `deleted_at`) VALUES ('dedfad10-c579-46e9-ab1e-52965f4a9c39', 'admin', '121.225.201.131', 'Mozilla/5.0 (Windows NT 10.0; Win64; x64; rv:100.0) Gecko/20100101 Firefox/100.0', '2022-05-06 20:22:00', '2022-05-06 20:22:00', NULL);
INSERT INTO `system_login_log` (`id`, `username`, `ip`, `ua`, `created_at`, `updated_at`, `deleted_at`) VALUES ('dfdda37d-0ff8-446d-9a3f-28cd499602b0', 'admin', '114.249.59.167', 'Mozilla/5.0 (Windows NT 10.0; Win64; x64) AppleWebKit/537.36 (KHTML, like Gecko) Chrome/101.0.4951.67 Safari/537.36', '2022-05-25 17:37:31', '2022-05-25 17:37:31', NULL);
INSERT INTO `system_login_log` (`id`, `username`, `ip`, `ua`, `created_at`, `updated_at`, `deleted_at`) VALUES ('dffecc8c-fd69-47ec-8bde-ee676ec2e0dd', 'admin', '27.192.243.91', 'Mozilla/5.0 (Macintosh; Intel Mac OS X 10_15_7) AppleWebKit/537.36 (KHTML, like Gecko) Chrome/102.0.5005.61 Safari/537.36', '2022-06-09 09:40:36', '2022-06-09 09:40:36', NULL);
INSERT INTO `system_login_log` (`id`, `username`, `ip`, `ua`, `created_at`, `updated_at`, `deleted_at`) VALUES ('e0034024-11af-4d70-8289-d79d61d90c54', 'admin', '115.52.147.184', 'Mozilla/5.0 (Windows NT 10.0; Win64; x64) AppleWebKit/537.36 (KHTML, like Gecko) Chrome/102.0.5005.124 Safari/537.36 Edg/102.0.1245.44', '2022-06-22 15:20:27', '2022-06-22 15:20:27', NULL);
INSERT INTO `system_login_log` (`id`, `username`, `ip`, `ua`, `created_at`, `updated_at`, `deleted_at`) VALUES ('e0117d93-af7d-4905-a8c3-759f86153a40', 'admin', '112.19.161.118', 'Mozilla/5.0 (Windows NT 10.0; Win64; x64) AppleWebKit/537.36 (KHTML, like Gecko) LanMiaoDesktopOnline/1.0.0 Chrome/100.0.4896.75 Electron/18.0.3 Safari/537.36', '2022-05-13 16:52:45', '2022-05-13 16:52:45', NULL);
INSERT INTO `system_login_log` (`id`, `username`, `ip`, `ua`, `created_at`, `updated_at`, `deleted_at`) VALUES ('e04808a7-e11f-4854-a695-eaa8d2b34ace', 'admin', '183.202.60.56', 'Mozilla/5.0 (Macintosh; Intel Mac OS X 10_15_7) AppleWebKit/537.36 (KHTML, like Gecko) LanMiaoDesktopOnline/1.0.0 Chrome/100.0.4896.75 Electron/18.0.3 Safari/537.36', '2022-05-22 16:47:40', '2022-05-22 16:47:40', NULL);
INSERT INTO `system_login_log` (`id`, `username`, `ip`, `ua`, `created_at`, `updated_at`, `deleted_at`) VALUES ('e0bf1d11-7118-478d-a294-478eec21bb43', 'admin', '120.219.35.209', 'Mozilla/5.0 (Windows NT 10.0; Win64; x64) AppleWebKit/537.36 (KHTML, like Gecko) Chrome/103.0.5060.114 Safari/537.36 Edg/103.0.1264.49', '2022-07-11 10:20:53', '2022-07-11 10:20:53', NULL);
INSERT INTO `system_login_log` (`id`, `username`, `ip`, `ua`, `created_at`, `updated_at`, `deleted_at`) VALUES ('e42f73b3-9e2d-46ae-9243-f4dde670e7fa', 'admin', '112.19.161.118', 'Mozilla/5.0 (Windows NT 10.0; Win64; x64) AppleWebKit/537.36 (KHTML, like Gecko) LanMiaoDesktopOnline/1.0.0 Chrome/100.0.4896.75 Electron/18.0.3 Safari/537.36', '2022-05-13 16:49:09', '2022-05-13 16:49:09', NULL);
INSERT INTO `system_login_log` (`id`, `username`, `ip`, `ua`, `created_at`, `updated_at`, `deleted_at`) VALUES ('e459576d-c8ac-4108-ac6c-b7760d2d7838', 'admin', '115.216.34.150', 'Mozilla/5.0 (Windows NT 10.0; Win64; x64) AppleWebKit/537.36 (KHTML, like Gecko) Chrome/96.0.4664.45 Safari/537.36', '2022-03-31 19:10:28', '2022-03-31 19:10:28', NULL);
INSERT INTO `system_login_log` (`id`, `username`, `ip`, `ua`, `created_at`, `updated_at`, `deleted_at`) VALUES ('e63d4b79-5f80-4681-b7e0-0728b8521fc0', 'admin', '58.210.190.62', 'Mozilla/5.0 (Macintosh; Intel Mac OS X 10_15_7) AppleWebKit/537.36 (KHTML, like Gecko) LanMiaoDesktopOnline/1.0.0 Chrome/100.0.4896.75 Electron/18.0.3 Safari/537.36', '2022-06-22 17:51:16', '2022-06-22 17:51:16', NULL);
INSERT INTO `system_login_log` (`id`, `username`, `ip`, `ua`, `created_at`, `updated_at`, `deleted_at`) VALUES ('e71648a0-dea6-4161-bca9-b221d5f50b4b', 'admin', '36.20.2.34', 'Mozilla/5.0 (Windows NT 10.0; Win64; x64) AppleWebKit/537.36 (KHTML, like Gecko) Chrome/96.0.4664.45 Safari/537.36', '2022-07-10 21:16:38', '2022-07-10 21:16:38', NULL);
INSERT INTO `system_login_log` (`id`, `username`, `ip`, `ua`, `created_at`, `updated_at`, `deleted_at`) VALUES ('e757638b-21d8-4edf-bdfa-cd4de1b8e6f4', 'zhangsan', '123.232.218.101', 'Mozilla/5.0 (Windows NT 10.0; Win64; x64) AppleWebKit/537.36 (KHTML, like Gecko) Chrome/98.0.4758.82 Safari/537.36', '2022-03-24 10:20:21', '2022-03-24 10:20:21', NULL);
INSERT INTO `system_login_log` (`id`, `username`, `ip`, `ua`, `created_at`, `updated_at`, `deleted_at`) VALUES ('e8732297-d15b-461f-9c9f-dba54ab43d4f', 'admin', '27.192.243.91', 'Mozilla/5.0 (Macintosh; Intel Mac OS X 10_15_7) AppleWebKit/537.36 (KHTML, like Gecko) Chrome/102.0.5005.61 Safari/537.36', '2022-06-20 08:08:34', '2022-06-20 08:08:34', NULL);
INSERT INTO `system_login_log` (`id`, `username`, `ip`, `ua`, `created_at`, `updated_at`, `deleted_at`) VALUES ('e88f1ffd-548c-4449-ba70-591e3d14b67f', 'admin', '::1', 'Mozilla/5.0 (iPhone; CPU iPhone OS 13_2_3 like Mac OS X) AppleWebKit/605.1.15 (KHTML, like Gecko) Version/13.0.3 Mobile/15E148 Safari/604.1', '2022-08-22 08:56:55', '2022-08-22 08:56:55', NULL);
INSERT INTO `system_login_log` (`id`, `username`, `ip`, `ua`, `created_at`, `updated_at`, `deleted_at`) VALUES ('e8a052a0-bc1d-478a-b828-b502fb44f63b', 'admin', '223.90.190.139', 'Mozilla/5.0 (Windows NT 10.0; Win64; x64) AppleWebKit/537.36 (KHTML, like Gecko) LanMiaoDesktopOnline/1.0.0 Chrome/100.0.4896.75 Electron/18.0.3 Safari/537.36', '2022-06-12 17:20:08', '2022-06-12 17:20:08', NULL);
INSERT INTO `system_login_log` (`id`, `username`, `ip`, `ua`, `created_at`, `updated_at`, `deleted_at`) VALUES ('e904dc54-488e-450b-98bc-daccd57949f3', 'admin', '192.168.0.117', 'Mozilla/5.0 (Linux; Android 11; Redmi K30 Pro Build/RKQ1.200826.002; wv) AppleWebKit/537.36 (KHTML, like Gecko) Version/4.0 Chrome/90.0.4430.210 Mobile Safari/537.36 uni-app Html5Plus/1.0 (Immersed/34.909092)', '2022-08-22 14:27:48', '2022-08-22 14:27:48', NULL);
INSERT INTO `system_login_log` (`id`, `username`, `ip`, `ua`, `created_at`, `updated_at`, `deleted_at`) VALUES ('ea0ee93b-1208-4861-9f50-ff03b308f93a', 'admin', '::1', 'Mozilla/5.0 (iPhone; CPU iPhone OS 13_2_3 like Mac OS X) AppleWebKit/605.1.15 (KHTML, like Gecko) Version/13.0.3 Mobile/15E148 Safari/604.1', '2022-05-12 15:19:36', '2022-05-12 15:19:36', NULL);
INSERT INTO `system_login_log` (`id`, `username`, `ip`, `ua`, `created_at`, `updated_at`, `deleted_at`) VALUES ('ea433940-a40f-4298-b188-161c88b1c142', 'admin', '::1', 'Mozilla/5.0 (iPhone; CPU iPhone OS 13_2_3 like Mac OS X) AppleWebKit/605.1.15 (KHTML, like Gecko) Version/13.0.3 Mobile/15E148 Safari/604.1', '2022-05-11 14:40:23', '2022-05-11 14:40:23', NULL);
INSERT INTO `system_login_log` (`id`, `username`, `ip`, `ua`, `created_at`, `updated_at`, `deleted_at`) VALUES ('eabf8a92-8e9a-4774-88d6-9c74251da836', 'admin', '122.231.151.224', 'Mozilla/5.0 (Windows NT 10.0; WOW64) AppleWebKit/537.36 (KHTML, like Gecko) Chrome/86.0.4240.198 Safari/537.36', '2022-06-04 21:46:29', '2022-06-04 21:46:29', NULL);
INSERT INTO `system_login_log` (`id`, `username`, `ip`, `ua`, `created_at`, `updated_at`, `deleted_at`) VALUES ('ed6114bb-dd3a-47db-b773-d2685b7608a5', 'admin', '::1', 'Mozilla/5.0 (Macintosh; Intel Mac OS X 10_15_7) AppleWebKit/537.36 (KHTML, like Gecko) Chrome/101.0.4951.54 Safari/537.36', '2022-05-13 15:37:13', '2022-05-13 15:37:13', NULL);
INSERT INTO `system_login_log` (`id`, `username`, `ip`, `ua`, `created_at`, `updated_at`, `deleted_at`) VALUES ('ed8a07fe-9333-4c4d-a2a0-b3c82aef93fa', 'admin', '219.156.38.80', 'Mozilla/5.0 (Windows NT 10.0; Win64; x64) AppleWebKit/537.36 (KHTML, like Gecko) Chrome/102.0.5005.124 Safari/537.36 Edg/102.0.1245.41', '2022-06-16 21:15:54', '2022-06-16 21:15:54', NULL);
INSERT INTO `system_login_log` (`id`, `username`, `ip`, `ua`, `created_at`, `updated_at`, `deleted_at`) VALUES ('edea75fa-7f39-4476-b6db-61bc6e2e8162', 'admin', '220.174.91.205', 'Mozilla/5.0 (Macintosh; Intel Mac OS X 10_14_6) AppleWebKit/537.36 (KHTML, like Gecko) Chrome/107.0.0.0 Safari/537.36', '2022-12-07 18:20:05', '2022-12-07 18:20:05', NULL);
INSERT INTO `system_login_log` (`id`, `username`, `ip`, `ua`, `created_at`, `updated_at`, `deleted_at`) VALUES ('edeb79e4-4baa-46b8-a207-793f59b5306c', 'admin', '183.128.130.55', 'Mozilla/5.0 (Macintosh; Intel Mac OS X 10_15_7) AppleWebKit/537.36 (KHTML, like Gecko) Chrome/101.0.4951.64 Safari/537.36', '2022-05-31 11:09:24', '2022-05-31 11:09:24', NULL);
INSERT INTO `system_login_log` (`id`, `username`, `ip`, `ua`, `created_at`, `updated_at`, `deleted_at`) VALUES ('ee72d21a-73fa-4516-9612-9f45c9fac7ff', 'admin', '::1', 'Mozilla/5.0 (Macintosh; Intel Mac OS X 10_15_7) AppleWebKit/537.36 (KHTML, like Gecko) Chrome/101.0.4951.54 Safari/537.36', '2022-05-12 14:51:27', '2022-05-12 14:51:27', NULL);
INSERT INTO `system_login_log` (`id`, `username`, `ip`, `ua`, `created_at`, `updated_at`, `deleted_at`) VALUES ('ef451421-9b54-43a9-9e98-79de57bc3f0e', 'admin', '94.177.118.144', 'Mozilla/5.0 (Linux; Android 12; SAMSUNG SM-F9260) AppleWebKit/537.36 (KHTML, like Gecko) SamsungBrowser/16.2 Chrome/92.0.4515.166 Mobile Safari/537.36', '2022-04-26 07:13:38', '2022-04-26 07:13:38', NULL);
INSERT INTO `system_login_log` (`id`, `username`, `ip`, `ua`, `created_at`, `updated_at`, `deleted_at`) VALUES ('efef7912-97aa-4716-a4c6-88b229762637', 'admin', '119.191.73.62', 'Mozilla/5.0 (Macintosh; Intel Mac OS X 10_15_7) AppleWebKit/537.36 (KHTML, like Gecko) LanMiaoDesktopOnline/1.0.0 Chrome/100.0.4896.75 Electron/18.0.3 Safari/537.36', '2022-11-29 16:50:54', '2022-11-29 16:50:54', NULL);
INSERT INTO `system_login_log` (`id`, `username`, `ip`, `ua`, `created_at`, `updated_at`, `deleted_at`) VALUES ('f06da889-d154-4c76-add8-d0642ddeda28', 'admin', '14.146.92.101', 'Mozilla/5.0 (Windows NT 10.0; Win64; x64) AppleWebKit/537.36 (KHTML, like Gecko) LanMiaoDesktopOnline/1.0.0 Chrome/100.0.4896.75 Electron/18.0.3 Safari/537.36', '2022-05-05 08:32:57', '2022-05-05 08:32:57', NULL);
INSERT INTO `system_login_log` (`id`, `username`, `ip`, `ua`, `created_at`, `updated_at`, `deleted_at`) VALUES ('f0ac49dc-e5c2-4b8f-8239-5af4336aa084', 'admin', '192.168.0.65', 'Mozilla/5.0 (iPhone; CPU iPhone OS 13_2_3 like Mac OS X) AppleWebKit/605.1.15 (KHTML, like Gecko) Version/13.0.3 Mobile/15E148 Safari/604.1', '2022-08-22 11:43:13', '2022-08-22 11:43:13', NULL);
INSERT INTO `system_login_log` (`id`, `username`, `ip`, `ua`, `created_at`, `updated_at`, `deleted_at`) VALUES ('f0e7ac4f-705e-40ba-8219-7cf879f4c7ac', 'admin', '117.185.150.162', 'Mozilla/5.0 (Windows NT 10.0; Win64; x64) AppleWebKit/537.36 (KHTML, like Gecko) Chrome/102.0.5005.63 Safari/537.36', '2022-06-05 21:35:31', '2022-06-05 21:35:31', NULL);
INSERT INTO `system_login_log` (`id`, `username`, `ip`, `ua`, `created_at`, `updated_at`, `deleted_at`) VALUES ('f0f9910b-f0ed-44e0-9dab-977b654e4539', 'admin', '114.247.224.162', 'Mozilla/5.0 (Macintosh; Intel Mac OS X 10_15_7) AppleWebKit/537.36 (KHTML, like Gecko) Chrome/103.0.0.0 Safari/537.36', '2022-08-05 10:22:19', '2022-08-05 10:22:19', NULL);
INSERT INTO `system_login_log` (`id`, `username`, `ip`, `ua`, `created_at`, `updated_at`, `deleted_at`) VALUES ('f1df0b0e-db41-4772-9c62-0aea548f1d2d', 'admin', '222.212.248.215', 'Mozilla/5.0 (Macintosh; Intel Mac OS X 10_15_7) AppleWebKit/537.36 (KHTML, like Gecko) Chrome/101.0.4951.64 Safari/537.36 Edg/101.0.1210.47', '2022-05-19 22:20:49', '2022-05-19 22:20:49', NULL);
INSERT INTO `system_login_log` (`id`, `username`, `ip`, `ua`, `created_at`, `updated_at`, `deleted_at`) VALUES ('f1e405d5-128f-4a0b-b236-0aada3d59514', 'admin', '172.104.125.51', 'Mozilla/5.0 (Windows NT 10.0; Win64; x64) AppleWebKit/537.36 (KHTML, like Gecko) Chrome/103.0.0.0 Safari/537.36', '2022-07-20 01:52:48', '2022-07-20 01:52:48', NULL);
INSERT INTO `system_login_log` (`id`, `username`, `ip`, `ua`, `created_at`, `updated_at`, `deleted_at`) VALUES ('f219a824-5ba8-4612-9365-773f8050744e', 'admin', '117.89.130.154', 'Mozilla/5.0 (Windows NT 10.0; Win64; x64) AppleWebKit/537.36 (KHTML, like Gecko) Chrome/98.0.4758.102 Safari/537.36', '2022-08-25 20:39:51', '2022-08-25 20:39:51', NULL);
INSERT INTO `system_login_log` (`id`, `username`, `ip`, `ua`, `created_at`, `updated_at`, `deleted_at`) VALUES ('f2f8bd75-33e2-42c4-9678-2573f542f27d', 'admin', '49.65.119.238', 'Mozilla/5.0 (Windows NT 10.0; Win64; x64) AppleWebKit/537.36 (KHTML, like Gecko) LanMiaoDesktopOnline/1.0.0 Chrome/100.0.4896.75 Electron/18.0.3 Safari/537.36', '2022-06-22 08:11:52', '2022-06-22 08:11:52', NULL);
INSERT INTO `system_login_log` (`id`, `username`, `ip`, `ua`, `created_at`, `updated_at`, `deleted_at`) VALUES ('f315c75d-ccdc-41ef-90f8-90e7c91d66c6', 'admin', '1.204.49.198', 'Mozilla/5.0 (Windows NT 10.0; Win64; x64) AppleWebKit/537.36 (KHTML, like Gecko) Chrome/99.0.4844.82 Safari/537.36', '2022-06-10 14:54:52', '2022-06-10 14:54:52', NULL);
INSERT INTO `system_login_log` (`id`, `username`, `ip`, `ua`, `created_at`, `updated_at`, `deleted_at`) VALUES ('f451315e-87ee-45ef-a429-cda3858e7740', 'admin', '120.211.227.83', 'Mozilla/5.0 (Windows NT 10.0; Win64; x64) AppleWebKit/537.36 (KHTML, like Gecko) LanMiaoDesktopOnline/1.0.0 Chrome/100.0.4896.75 Electron/18.0.3 Safari/537.36', '2022-05-27 08:31:57', '2022-05-27 08:31:57', NULL);
INSERT INTO `system_login_log` (`id`, `username`, `ip`, `ua`, `created_at`, `updated_at`, `deleted_at`) VALUES ('f4e6d28f-1b78-4168-b83b-d136fe649188', 'admin', '114.217.117.212', 'Mozilla/5.0 (Macintosh; Intel Mac OS X 10_15_7) AppleWebKit/537.36 (KHTML, like Gecko) Chrome/101.0.4951.64 Safari/537.36', '2022-06-06 16:20:15', '2022-06-06 16:20:15', NULL);
INSERT INTO `system_login_log` (`id`, `username`, `ip`, `ua`, `created_at`, `updated_at`, `deleted_at`) VALUES ('f4fb4861-264d-4665-8790-852abe0e6a45', 'admin', '180.164.176.4', 'Mozilla/5.0 (Windows NT 10.0; Win64; x64) AppleWebKit/537.36 (KHTML, like Gecko) Chrome/103.0.5060.53 Safari/537.36 Edg/103.0.1264.37', '2022-06-28 17:43:15', '2022-06-28 17:43:15', NULL);
INSERT INTO `system_login_log` (`id`, `username`, `ip`, `ua`, `created_at`, `updated_at`, `deleted_at`) VALUES ('f58f9760-7a31-4517-8b05-0a3160c5132c', 'admin', '120.211.227.83', 'Mozilla/5.0 (Windows NT 10.0; Win64; x64) AppleWebKit/537.36 (KHTML, like Gecko) LanMiaoDesktopOnline/1.0.0 Chrome/100.0.4896.75 Electron/18.0.3 Safari/537.36', '2022-05-25 15:03:19', '2022-05-25 15:03:19', NULL);
INSERT INTO `system_login_log` (`id`, `username`, `ip`, `ua`, `created_at`, `updated_at`, `deleted_at`) VALUES ('f663aff3-fd50-4ce3-8395-4e7c6127edb6', 'admin', '::1', 'Mozilla/5.0 (Macintosh; Intel Mac OS X 10_15_7) AppleWebKit/537.36 (KHTML, like Gecko) Chrome/100.0.4896.127 Safari/537.36', '2022-04-28 16:31:13', '2022-04-28 16:31:13', NULL);
INSERT INTO `system_login_log` (`id`, `username`, `ip`, `ua`, `created_at`, `updated_at`, `deleted_at`) VALUES ('f76138e9-de44-455c-a074-671b0cf15d66', 'admin', '27.227.163.41', 'Mozilla/5.0 (Windows NT 10.0; Win64; x64) AppleWebKit/537.36 (KHTML, like Gecko) Chrome/99.0.4844.84 Safari/537.36', '2022-05-04 15:32:44', '2022-05-04 15:32:44', NULL);
INSERT INTO `system_login_log` (`id`, `username`, `ip`, `ua`, `created_at`, `updated_at`, `deleted_at`) VALUES ('f77058ba-9a8d-4d5b-8df9-d037009b4fcc', 'admin', '::1', 'Mozilla/5.0 (iPhone; CPU iPhone OS 13_2_3 like Mac OS X) AppleWebKit/605.1.15 (KHTML, like Gecko) Version/13.0.3 Mobile/15E148 Safari/604.1', '2022-08-19 20:55:39', '2022-08-19 20:55:39', NULL);
INSERT INTO `system_login_log` (`id`, `username`, `ip`, `ua`, `created_at`, `updated_at`, `deleted_at`) VALUES ('f7b6fd4a-c9fe-49e3-828d-a5ca2173d157', 'admin', '144.255.68.15', 'Mozilla/5.0 (Macintosh; Intel Mac OS X 10_15_7) AppleWebKit/537.36 (KHTML, like Gecko) Chrome/102.0.0.0 Safari/537.36', '2022-06-23 22:15:07', '2022-06-23 22:15:07', NULL);
INSERT INTO `system_login_log` (`id`, `username`, `ip`, `ua`, `created_at`, `updated_at`, `deleted_at`) VALUES ('f7bc74af-0b3c-4d8f-b43b-920ade5cf967', 'admin', '124.14.94.110', 'Mozilla/5.0 (Macintosh; Intel Mac OS X 10_15_7) AppleWebKit/537.36 (KHTML, like Gecko) LanMiaoDesktopOnline/1.0.0 Chrome/100.0.4896.75 Electron/18.0.3 Safari/537.36', '2022-05-30 14:56:46', '2022-05-30 14:56:46', NULL);
INSERT INTO `system_login_log` (`id`, `username`, `ip`, `ua`, `created_at`, `updated_at`, `deleted_at`) VALUES ('f7d38c50-f118-4854-95f4-68b9d2fcf9c8', 'admin', '112.243.34.129', 'Mozilla/5.0 (Windows NT 10.0; Win64; x64) AppleWebKit/537.36 (KHTML, like Gecko) LanMiaoDesktopOnline/1.0.0 Chrome/100.0.4896.75 Electron/18.0.3 Safari/537.36', '2022-05-06 20:16:55', '2022-05-06 20:16:55', NULL);
INSERT INTO `system_login_log` (`id`, `username`, `ip`, `ua`, `created_at`, `updated_at`, `deleted_at`) VALUES ('f7fa7ef9-8852-40ff-b77a-a087d9ffa02b', 'admin', '113.93.236.251', 'Mozilla/5.0 (Macintosh; Intel Mac OS X 10_15_7) AppleWebKit/537.36 (KHTML, like Gecko) LanMiaoDesktopOnline/1.0.0 Chrome/100.0.4896.75 Electron/18.0.3 Safari/537.36', '2022-06-04 21:47:04', '2022-06-04 21:47:04', NULL);
INSERT INTO `system_login_log` (`id`, `username`, `ip`, `ua`, `created_at`, `updated_at`, `deleted_at`) VALUES ('f87146f9-300f-4d0a-8150-b477b2b15aae', 'admin', '58.33.32.242', 'Mozilla/5.0 (Windows NT 10.0; Win64; x64) AppleWebKit/537.36 (KHTML, like Gecko) Chrome/99.0.4844.82 Safari/537.36', '2022-06-24 10:54:24', '2022-06-24 10:54:24', NULL);
INSERT INTO `system_login_log` (`id`, `username`, `ip`, `ua`, `created_at`, `updated_at`, `deleted_at`) VALUES ('f9301ab9-8f34-4b47-a939-83e719e3bf71', 'admin', '192.168.0.120', 'Mozilla/5.0 (Linux; Android 12; Redmi K30 Pro Build/SKQ1.211006.001; wv) AppleWebKit/537.36 (KHTML, like Gecko) Version/4.0 Chrome/96.0.4664.104 Mobile Safari/537.36 uni-app Html5Plus/1.0 (Immersed/34.909092)', '2022-11-11 11:32:43', '2022-11-11 11:32:43', NULL);
INSERT INTO `system_login_log` (`id`, `username`, `ip`, `ua`, `created_at`, `updated_at`, `deleted_at`) VALUES ('f9a5a2ce-a7a4-4ec4-b0a1-9dcd0758e89c', 'admin', '120.211.227.83', 'Mozilla/5.0 (Windows NT 10.0; Win64; x64) AppleWebKit/537.36 (KHTML, like Gecko) LanMiaoDesktopOnline/1.0.0 Chrome/100.0.4896.75 Electron/18.0.3 Safari/537.36', '2022-05-25 11:58:45', '2022-05-25 11:58:45', NULL);
INSERT INTO `system_login_log` (`id`, `username`, `ip`, `ua`, `created_at`, `updated_at`, `deleted_at`) VALUES ('f9ff3272-666d-4f9f-b3bc-958f18ceea12', 'admin', '::1', 'Mozilla/5.0 (Macintosh; Intel Mac OS X 10_15_7) AppleWebKit/537.36 (KHTML, like Gecko) Chrome/100.0.4896.127 Safari/537.36', '2022-04-28 17:07:43', '2022-04-28 17:07:43', NULL);
INSERT INTO `system_login_log` (`id`, `username`, `ip`, `ua`, `created_at`, `updated_at`, `deleted_at`) VALUES ('fa161637-bdc4-4fc8-b64a-c85e81a5c357', 'admin', '171.43.246.6', 'Mozilla/5.0 (Windows NT 10.0; Win64; x64) AppleWebKit/537.36 (KHTML, like Gecko) Chrome/100.0.4896.60 Safari/537.36', '2022-05-09 17:06:24', '2022-05-09 17:06:24', NULL);
INSERT INTO `system_login_log` (`id`, `username`, `ip`, `ua`, `created_at`, `updated_at`, `deleted_at`) VALUES ('fa4229c0-b471-45ae-a37f-ebdc5e466ac7', 'admin', '218.102.252.7', 'Mozilla/5.0 (Windows NT 10.0; Win64; x64) AppleWebKit/537.36 (KHTML, like Gecko) Chrome/103.0.0.0 Safari/537.36', '2022-08-22 16:53:18', '2022-08-22 16:53:18', NULL);
INSERT INTO `system_login_log` (`id`, `username`, `ip`, `ua`, `created_at`, `updated_at`, `deleted_at`) VALUES ('fa98900b-2266-4f81-9e64-4a33c115cc29', 'admin', '223.90.190.219', 'Mozilla/5.0 (Windows NT 10.0; Win64; x64) AppleWebKit/537.36 (KHTML, like Gecko) LanMiaoDesktopOnline/1.0.0 Chrome/100.0.4896.75 Electron/18.0.3 Safari/537.36', '2022-06-22 18:26:11', '2022-06-22 18:26:11', NULL);
INSERT INTO `system_login_log` (`id`, `username`, `ip`, `ua`, `created_at`, `updated_at`, `deleted_at`) VALUES ('fb042f03-aa7f-4068-bfd1-5f6a6d447648', 'admin', '111.21.161.116', 'Mozilla/5.0 (Windows NT 10.0; Win64; x64) AppleWebKit/537.36 (KHTML, like Gecko) Chrome/104.0.5112.81 Safari/537.36 Edg/104.0.1293.54', '2022-08-22 10:03:13', '2022-08-22 10:03:13', NULL);
INSERT INTO `system_login_log` (`id`, `username`, `ip`, `ua`, `created_at`, `updated_at`, `deleted_at`) VALUES ('fb3e4b16-0ad4-4a0d-bc65-93a324d98cfa', 'admin', '::1', 'Mozilla/5.0 (iPhone; CPU iPhone OS 13_2_3 like Mac OS X) AppleWebKit/605.1.15 (KHTML, like Gecko) Version/13.0.3 Mobile/15E148 Safari/604.1', '2022-05-13 16:14:39', '2022-05-13 16:14:39', NULL);
INSERT INTO `system_login_log` (`id`, `username`, `ip`, `ua`, `created_at`, `updated_at`, `deleted_at`) VALUES ('fc5de41d-ab86-4b6f-90f5-173c6f914e4a', 'admin', '::1', 'Mozilla/5.0 (Macintosh; Intel Mac OS X 10_15_7) AppleWebKit/537.36 (KHTML, like Gecko) Chrome/101.0.4951.64 Safari/537.36', '2022-05-19 15:50:14', '2022-05-19 15:50:14', NULL);
INSERT INTO `system_login_log` (`id`, `username`, `ip`, `ua`, `created_at`, `updated_at`, `deleted_at`) VALUES ('fcb269bc-63de-4957-9ca1-c74290776299', 'admin', '111.49.93.122', 'Mozilla/5.0 (Linux; Android 11; Lenovo TB-J616F) AppleWebKit/537.36 (KHTML, like Gecko) Chrome/93.0.4577.62 Safari/537.36', '2022-05-15 17:21:58', '2022-05-15 17:21:58', NULL);
INSERT INTO `system_login_log` (`id`, `username`, `ip`, `ua`, `created_at`, `updated_at`, `deleted_at`) VALUES ('fcdbf100-8515-4c0a-b838-b22607719363', 'admin', '60.160.171.218', 'Mozilla/5.0 (Windows NT 10.0; Win64; x64) AppleWebKit/537.36 (KHTML, like Gecko) Chrome/104.0.5112.81 Safari/537.36 Edg/104.0.1293.54', '2022-08-15 03:47:18', '2022-08-15 03:47:18', NULL);
INSERT INTO `system_login_log` (`id`, `username`, `ip`, `ua`, `created_at`, `updated_at`, `deleted_at`) VALUES ('fdb392f1-cf7c-4085-a7e4-21085bd9e0dc', 'admin', '60.222.62.40', 'Mozilla/5.0 (Windows NT 6.1; Win64; x64) AppleWebKit/537.36 (KHTML, like Gecko) Chrome/100.0.4896.127 Safari/537.36', '2022-08-12 16:35:13', '2022-08-12 16:35:13', NULL);
INSERT INTO `system_login_log` (`id`, `username`, `ip`, `ua`, `created_at`, `updated_at`, `deleted_at`) VALUES ('fe78438a-b554-4dd7-85b4-8c8b5ca94477', 'admin', '::1', 'Mozilla/5.0 (Macintosh; Intel Mac OS X 10_15_7) AppleWebKit/537.36 (KHTML, like Gecko) Chrome/107.0.0.0 Safari/537.36', '2022-11-11 11:31:33', '2022-11-11 11:31:33', NULL);
INSERT INTO `system_login_log` (`id`, `username`, `ip`, `ua`, `created_at`, `updated_at`, `deleted_at`) VALUES ('fe9c3722-b927-4375-a3d8-66af04833744', 'admin', '49.75.43.175', 'Mozilla/5.0 (Windows NT 10.0; WOW64) AppleWebKit/537.36 (KHTML, like Gecko) Chrome/86.0.4240.198 Safari/537.36', '2022-06-10 18:55:16', '2022-06-10 18:55:16', NULL);
INSERT INTO `system_login_log` (`id`, `username`, `ip`, `ua`, `created_at`, `updated_at`, `deleted_at`) VALUES ('ff2f611d-26e3-407d-93b9-10d53b1673f2', 'admin', '58.60.230.3', 'Mozilla/5.0 (Windows NT 10.0; Win64; x64) AppleWebKit/537.36 (KHTML, like Gecko) Chrome/103.0.0.0 Safari/537.36', '2022-07-20 17:27:54', '2022-07-20 17:27:54', NULL);
INSERT INTO `system_login_log` (`id`, `username`, `ip`, `ua`, `created_at`, `updated_at`, `deleted_at`) VALUES ('ff36b4d7-ffb5-47d5-920d-19291fdf2f04', 'admin', '112.232.140.237', 'Mozilla/5.0 (Windows NT 10.0; Win64; x64) AppleWebKit/537.36 (KHTML, like Gecko) Chrome/108.0.0.0 Safari/537.36', '2022-12-13 23:00:50', '2022-12-13 23:00:50', NULL);
COMMIT;

-- ----------------------------
-- Table structure for system_menu
-- ----------------------------
DROP TABLE IF EXISTS `system_menu`;
CREATE TABLE `system_menu` (
  `id` char(36) CHARACTER SET utf8mb4 COLLATE utf8mb4_bin NOT NULL,
  `parent_id` char(36) CHARACTER SET utf8mb4 COLLATE utf8mb4_bin DEFAULT NULL COMMENT '父菜单Id',
  `name` varchar(255) DEFAULT NULL COMMENT '名称',
  `router` varchar(255) DEFAULT NULL COMMENT '菜单地址',
  `type` enum('directory','menu') DEFAULT NULL COMMENT '类型，directory：目录、menu：菜单',
  `icon` varchar(255) DEFAULT NULL COMMENT '对应图标',
  `order_num` int DEFAULT NULL COMMENT '排序',
  `view_path` varchar(255) DEFAULT NULL COMMENT '视图地址，对应vue文件',
  `keepalive` tinyint(1) DEFAULT NULL COMMENT '路由是否缓存',
  `is_hidden` tinyint(1) DEFAULT '0' COMMENT '是否隐藏',
  `created_at` datetime NOT NULL,
  `updated_at` datetime NOT NULL,
  `deleted_at` datetime DEFAULT NULL,
  PRIMARY KEY (`id`) USING BTREE
) ENGINE=InnoDB DEFAULT CHARSET=utf8mb4 COLLATE=utf8mb4_0900_ai_ci ROW_FORMAT=DYNAMIC COMMENT='系统-菜单表';

-- ----------------------------
-- Records of system_menu
-- ----------------------------
BEGIN;
INSERT INTO `system_menu` (`id`, `parent_id`, `name`, `router`, `type`, `icon`, `order_num`, `view_path`, `keepalive`, `is_hidden`, `created_at`, `updated_at`, `deleted_at`) VALUES ('1', NULL, '系统管理', '/system', 'directory', 'setting', 1, NULL, 0, 0, '2021-04-01 00:00:00', '2022-07-01 09:26:53', NULL);
INSERT INTO `system_menu` (`id`, `parent_id`, `name`, `router`, `type`, `icon`, `order_num`, `view_path`, `keepalive`, `is_hidden`, `created_at`, `updated_at`, `deleted_at`) VALUES ('143b7df8-047c-4058-a338-1810e74d7a5a', NULL, '记账管理', '/account-manage', 'directory', 'bank', 3, NULL, 0, 0, '2022-01-17 22:22:03', '2022-07-01 09:34:17', NULL);
INSERT INTO `system_menu` (`id`, `parent_id`, `name`, `router`, `type`, `icon`, `order_num`, `view_path`, `keepalive`, `is_hidden`, `created_at`, `updated_at`, `deleted_at`) VALUES ('18c33940-9bcf-49fb-a5d6-3dd5ad40250d', NULL, '卡证照管理', '/bag', 'menu', 'folder', 4, 'views/bag', 0, 0, '2021-12-21 21:55:20', '2022-07-01 09:34:47', NULL);
INSERT INTO `system_menu` (`id`, `parent_id`, `name`, `router`, `type`, `icon`, `order_num`, `view_path`, `keepalive`, `is_hidden`, `created_at`, `updated_at`, `deleted_at`) VALUES ('2', '1', '权限管理', '/system/power', 'directory', 'thunderbolt', 2, NULL, 0, 0, '2021-04-01 00:00:00', '2022-07-01 09:24:44', NULL);
INSERT INTO `system_menu` (`id`, `parent_id`, `name`, `router`, `type`, `icon`, `order_num`, `view_path`, `keepalive`, `is_hidden`, `created_at`, `updated_at`, `deleted_at`) VALUES ('3', '2', '菜单管理', '/system/power/menu', 'menu', 'menu', 0, 'views/system/power/menu', 0, 0, '2021-04-01 00:00:00', '2021-04-01 00:00:00', NULL);
INSERT INTO `system_menu` (`id`, `parent_id`, `name`, `router`, `type`, `icon`, `order_num`, `view_path`, `keepalive`, `is_hidden`, `created_at`, `updated_at`, `deleted_at`) VALUES ('4', '1', '角色管理', '/system/role', 'menu', 'apartment', 3, 'views/system/role', 0, 0, '2021-04-01 00:00:00', '2022-07-01 09:26:03', NULL);
INSERT INTO `system_menu` (`id`, `parent_id`, `name`, `router`, `type`, `icon`, `order_num`, `view_path`, `keepalive`, `is_hidden`, `created_at`, `updated_at`, `deleted_at`) VALUES ('5', '1', '用户管理', '/system/user', 'menu', 'team', 4, 'views/system/user', 0, 0, '2021-04-01 00:00:00', '2022-07-01 09:26:07', NULL);
INSERT INTO `system_menu` (`id`, `parent_id`, `name`, `router`, `type`, `icon`, `order_num`, `view_path`, `keepalive`, `is_hidden`, `created_at`, `updated_at`, `deleted_at`) VALUES ('7c534ea9-77e6-4099-9ca0-6f53992486f9', '143b7df8-047c-4058-a338-1810e74d7a5a', '收支分类', '/account-manage/account-in-out-category', 'menu', 'appstore-add', 0, 'views/account-manage/account-in-out-category', 0, 0, '2022-01-17 22:24:54', '2022-01-17 22:28:29', NULL);
INSERT INTO `system_menu` (`id`, `parent_id`, `name`, `router`, `type`, `icon`, `order_num`, `view_path`, `keepalive`, `is_hidden`, `created_at`, `updated_at`, `deleted_at`) VALUES ('7f6ed357-1ccb-4770-b953-3ed6e4219f0f', 'c93f6951-6776-40ba-8a1f-2ded0cc93d03', '登录日志', '/system/monitor/login-log', 'menu', 'history', 0, 'views/system/monitor/login-log', 0, 0, '2021-08-30 21:17:49', '2021-08-30 21:17:49', NULL);
INSERT INTO `system_menu` (`id`, `parent_id`, `name`, `router`, `type`, `icon`, `order_num`, `view_path`, `keepalive`, `is_hidden`, `created_at`, `updated_at`, `deleted_at`) VALUES ('94ceb12d-b0eb-425a-97d5-eaffb7263a8b', '143b7df8-047c-4058-a338-1810e74d7a5a', '账本管理', '/account-book', 'menu', 'appstore-add', 0, 'views/account-manage/account-book', 0, 0, '2022-01-17 22:22:57', '2022-01-17 22:28:38', NULL);
INSERT INTO `system_menu` (`id`, `parent_id`, `name`, `router`, `type`, `icon`, `order_num`, `view_path`, `keepalive`, `is_hidden`, `created_at`, `updated_at`, `deleted_at`) VALUES ('9fc9d92c-28f0-43cb-8532-e5332fc808f0', 'c93f6951-6776-40ba-8a1f-2ded0cc93d03', '在线用户', '/system/monitor/online-user', 'menu', 'link', 0, 'views/system/monitor/online-user', 0, 0, '2021-12-02 15:09:18', '2021-12-02 15:09:49', NULL);
INSERT INTO `system_menu` (`id`, `parent_id`, `name`, `router`, `type`, `icon`, `order_num`, `view_path`, `keepalive`, `is_hidden`, `created_at`, `updated_at`, `deleted_at`) VALUES ('c399ef1f-9ecf-40e6-a9c8-408d8ef11872', 'c93f6951-6776-40ba-8a1f-2ded0cc93d03', '服务监控', '/system/monitor/server', 'menu', 'cloud-server', 0, 'views/system/monitor/server', 0, 0, '2021-11-30 15:01:15', '2021-11-30 15:01:15', NULL);
INSERT INTO `system_menu` (`id`, `parent_id`, `name`, `router`, `type`, `icon`, `order_num`, `view_path`, `keepalive`, `is_hidden`, `created_at`, `updated_at`, `deleted_at`) VALUES ('c93f6951-6776-40ba-8a1f-2ded0cc93d03', '1', '系统监控', '/system/monitor', 'directory', 'monitor', 1, NULL, 0, 0, '2021-08-30 21:15:21', '2022-07-01 09:24:33', NULL);
INSERT INTO `system_menu` (`id`, `parent_id`, `name`, `router`, `type`, `icon`, `order_num`, `view_path`, `keepalive`, `is_hidden`, `created_at`, `updated_at`, `deleted_at`) VALUES ('d966af2b-b199-44e9-9eae-3ec42a5aa4d7', '143b7df8-047c-4058-a338-1810e74d7a5a', '收支明细', '/account-manage/account-in-out', 'menu', 'appstore-add', 0, 'views/account-manage/account-in-out', 0, 0, '2022-01-17 22:25:27', '2022-01-17 22:28:45', NULL);
INSERT INTO `system_menu` (`id`, `parent_id`, `name`, `router`, `type`, `icon`, `order_num`, `view_path`, `keepalive`, `is_hidden`, `created_at`, `updated_at`, `deleted_at`) VALUES ('f45a0cd2-f4c1-494c-afc4-27878751f492', NULL, '消息通知', '/notification', 'menu', 'notification', 2, 'views/notification', 0, 0, '2021-12-12 16:59:23', '2022-07-01 09:18:47', NULL);
COMMIT;

-- ----------------------------
-- Table structure for system_operation
-- ----------------------------
DROP TABLE IF EXISTS `system_operation`;
CREATE TABLE `system_operation` (
  `id` char(36) CHARACTER SET utf8mb4 COLLATE utf8mb4_bin NOT NULL,
  `name` varchar(255) DEFAULT NULL COMMENT '名称',
  `created_at` datetime NOT NULL,
  `updated_at` datetime NOT NULL,
  `deleted_at` datetime DEFAULT NULL,
  PRIMARY KEY (`id`)
) ENGINE=InnoDB DEFAULT CHARSET=utf8mb4 COLLATE=utf8mb4_0900_ai_ci COMMENT='系统-操作表';

-- ----------------------------
-- Records of system_operation
-- ----------------------------
BEGIN;
COMMIT;

-- ----------------------------
-- Table structure for system_operation_log
-- ----------------------------
DROP TABLE IF EXISTS `system_operation_log`;
CREATE TABLE `system_operation_log` (
  `id` char(36) CHARACTER SET utf8mb4 COLLATE utf8mb4_bin NOT NULL,
  `name` varchar(255) DEFAULT NULL COMMENT '名称',
  `created_at` datetime NOT NULL,
  `updated_at` datetime NOT NULL,
  `deleted_at` datetime DEFAULT NULL,
  PRIMARY KEY (`id`)
) ENGINE=InnoDB DEFAULT CHARSET=utf8mb4 COLLATE=utf8mb4_0900_ai_ci COMMENT='系统-操作日志表';

-- ----------------------------
-- Records of system_operation_log
-- ----------------------------
BEGIN;
COMMIT;

-- ----------------------------
-- Table structure for system_power
-- ----------------------------
DROP TABLE IF EXISTS `system_power`;
CREATE TABLE `system_power` (
  `id` char(36) CHARACTER SET utf8mb4 COLLATE utf8mb4_bin NOT NULL,
  `ref_id` char(36) CHARACTER SET utf8mb4 COLLATE utf8mb4_bin DEFAULT NULL COMMENT '外表Id',
  `type` enum('menu','file','element','operation') DEFAULT NULL COMMENT '权限类型：menu:菜单的访问权限、file:文件的修改权限、element:页面元素的可见性控制、operation:功能模块的操作权限、',
  `created_at` datetime NOT NULL,
  `updated_at` datetime NOT NULL,
  PRIMARY KEY (`id`)
) ENGINE=InnoDB DEFAULT CHARSET=utf8mb4 COLLATE=utf8mb4_0900_ai_ci COMMENT='系统-权限表';

-- ----------------------------
-- Records of system_power
-- ----------------------------
BEGIN;
INSERT INTO `system_power` (`id`, `ref_id`, `type`, `created_at`, `updated_at`) VALUES ('0d2df267-290e-4dd2-aa66-1a73f8567cf5', '7c534ea9-77e6-4099-9ca0-6f53992486f9', 'menu', '2022-01-17 22:24:54', '2022-01-17 22:24:54');
INSERT INTO `system_power` (`id`, `ref_id`, `type`, `created_at`, `updated_at`) VALUES ('1', '1', 'menu', '2021-04-01 00:00:00', '2021-04-01 00:00:00');
INSERT INTO `system_power` (`id`, `ref_id`, `type`, `created_at`, `updated_at`) VALUES ('1189ec2d-fa3b-493a-ba53-c592a7a39778', '7f6ed357-1ccb-4770-b953-3ed6e4219f0f', 'menu', '2021-08-30 21:17:49', '2021-08-30 21:17:49');
INSERT INTO `system_power` (`id`, `ref_id`, `type`, `created_at`, `updated_at`) VALUES ('2', '2', 'menu', '2021-04-01 00:00:00', '2021-04-01 00:00:00');
INSERT INTO `system_power` (`id`, `ref_id`, `type`, `created_at`, `updated_at`) VALUES ('23ae9ef1-fa2f-44ad-a666-2450e39fd396', 'c399ef1f-9ecf-40e6-a9c8-408d8ef11872', 'menu', '2021-11-30 15:01:15', '2021-11-30 15:01:15');
INSERT INTO `system_power` (`id`, `ref_id`, `type`, `created_at`, `updated_at`) VALUES ('3', '3', 'menu', '2021-04-01 00:00:00', '2021-04-01 00:00:00');
INSERT INTO `system_power` (`id`, `ref_id`, `type`, `created_at`, `updated_at`) VALUES ('3ea249eb-fb09-4c5a-a7ee-49ea08c1630d', 'f45a0cd2-f4c1-494c-afc4-27878751f492', 'menu', '2021-12-12 16:59:23', '2021-12-12 16:59:23');
INSERT INTO `system_power` (`id`, `ref_id`, `type`, `created_at`, `updated_at`) VALUES ('4', '4', 'menu', '2021-04-01 00:00:00', '2021-04-01 00:00:00');
INSERT INTO `system_power` (`id`, `ref_id`, `type`, `created_at`, `updated_at`) VALUES ('5', '5', 'menu', '2021-04-01 00:00:00', '2021-04-01 00:00:00');
INSERT INTO `system_power` (`id`, `ref_id`, `type`, `created_at`, `updated_at`) VALUES ('71891c4d-04cd-4395-a047-ce829c4ae9f4', '9fc9d92c-28f0-43cb-8532-e5332fc808f0', 'menu', '2021-12-02 15:09:18', '2021-12-02 15:09:18');
INSERT INTO `system_power` (`id`, `ref_id`, `type`, `created_at`, `updated_at`) VALUES ('77d65785-ce62-4e14-a482-784f3e295925', '18c33940-9bcf-49fb-a5d6-3dd5ad40250d', 'menu', '2021-12-21 21:55:20', '2021-12-21 21:55:20');
INSERT INTO `system_power` (`id`, `ref_id`, `type`, `created_at`, `updated_at`) VALUES ('aa0e5c5c-7052-436a-8b54-48e44ea94536', '94ceb12d-b0eb-425a-97d5-eaffb7263a8b', 'menu', '2022-01-17 22:22:57', '2022-01-17 22:22:57');
INSERT INTO `system_power` (`id`, `ref_id`, `type`, `created_at`, `updated_at`) VALUES ('cb887751-0d68-4aea-84ea-11a63221f337', '143b7df8-047c-4058-a338-1810e74d7a5a', 'menu', '2022-01-17 22:22:03', '2022-01-17 22:22:03');
INSERT INTO `system_power` (`id`, `ref_id`, `type`, `created_at`, `updated_at`) VALUES ('d9bd7d4a-216d-4516-bf1b-982b2f53b18b', 'c93f6951-6776-40ba-8a1f-2ded0cc93d03', 'menu', '2021-08-30 21:15:22', '2021-08-30 21:15:22');
INSERT INTO `system_power` (`id`, `ref_id`, `type`, `created_at`, `updated_at`) VALUES ('e99bbeac-303a-49a2-91b3-19585e47af32', 'd966af2b-b199-44e9-9eae-3ec42a5aa4d7', 'menu', '2022-01-17 22:25:27', '2022-01-17 22:25:27');
COMMIT;

-- ----------------------------
-- Table structure for system_role
-- ----------------------------
DROP TABLE IF EXISTS `system_role`;
CREATE TABLE `system_role` (
  `id` char(36) CHARACTER SET utf8mb4 COLLATE utf8mb4_bin NOT NULL,
  `name` varchar(255) DEFAULT NULL COMMENT '名称',
  `created_at` datetime NOT NULL,
  `updated_at` datetime NOT NULL,
  `remark` varchar(255) DEFAULT NULL COMMENT '备注',
  PRIMARY KEY (`id`)
) ENGINE=InnoDB DEFAULT CHARSET=utf8mb4 COLLATE=utf8mb4_0900_ai_ci COMMENT='系统-角色表';

-- ----------------------------
-- Records of system_role
-- ----------------------------
BEGIN;
INSERT INTO `system_role` (`id`, `name`, `created_at`, `updated_at`, `remark`) VALUES ('1', '超级管理员', '2021-04-01 00:00:00', '2021-04-01 00:00:00', NULL);
INSERT INTO `system_role` (`id`, `name`, `created_at`, `updated_at`, `remark`) VALUES ('2', '游客', '2021-04-01 00:00:00', '2021-04-01 00:00:00', '');
COMMIT;

-- ----------------------------
-- Table structure for system_role_power
-- ----------------------------
DROP TABLE IF EXISTS `system_role_power`;
CREATE TABLE `system_role_power` (
  `id` char(36) CHARACTER SET utf8mb4 COLLATE utf8mb4_bin NOT NULL,
  `role_id` char(36) CHARACTER SET utf8mb4 COLLATE utf8mb4_bin DEFAULT NULL COMMENT '角色Id',
  `power_id` char(36) CHARACTER SET utf8mb4 COLLATE utf8mb4_bin DEFAULT NULL COMMENT '权限Id',
  `created_at` datetime NOT NULL,
  `updated_at` datetime NOT NULL,
  PRIMARY KEY (`id`) USING BTREE
) ENGINE=InnoDB DEFAULT CHARSET=utf8mb4 COLLATE=utf8mb4_0900_ai_ci ROW_FORMAT=DYNAMIC COMMENT='系统-角色权限表';

-- ----------------------------
-- Records of system_role_power
-- ----------------------------
BEGIN;
INSERT INTO `system_role_power` (`id`, `role_id`, `power_id`, `created_at`, `updated_at`) VALUES ('0c2f35a2-4973-42ef-bad3-d14995ee9ab6', '1', '2', '2022-01-17 22:29:03', '2022-01-17 22:29:03');
INSERT INTO `system_role_power` (`id`, `role_id`, `power_id`, `created_at`, `updated_at`) VALUES ('196f9547-a852-4892-9495-6e251b1876e8', '1', '4', '2022-01-17 22:29:03', '2022-01-17 22:29:03');
INSERT INTO `system_role_power` (`id`, `role_id`, `power_id`, `created_at`, `updated_at`) VALUES ('2625a51a-c1ea-4b3a-87b6-4b9c1a54dcbb', '2', '3ea249eb-fb09-4c5a-a7ee-49ea08c1630d', '2022-06-12 11:34:00', '2022-06-12 11:34:00');
INSERT INTO `system_role_power` (`id`, `role_id`, `power_id`, `created_at`, `updated_at`) VALUES ('47c7893a-1fed-47e3-b245-ee375b028ee9', '1', 'd9bd7d4a-216d-4516-bf1b-982b2f53b18b', '2022-01-17 22:29:03', '2022-01-17 22:29:03');
INSERT INTO `system_role_power` (`id`, `role_id`, `power_id`, `created_at`, `updated_at`) VALUES ('4e9e34eb-57b6-4857-bd72-ed2b9538804a', '1', '0d2df267-290e-4dd2-aa66-1a73f8567cf5', '2022-01-17 22:29:03', '2022-01-17 22:29:03');
INSERT INTO `system_role_power` (`id`, `role_id`, `power_id`, `created_at`, `updated_at`) VALUES ('52cbb892-f65b-42b4-b1d0-2c971461d89e', '1', '1189ec2d-fa3b-493a-ba53-c592a7a39778', '2022-01-17 22:29:03', '2022-01-17 22:29:03');
INSERT INTO `system_role_power` (`id`, `role_id`, `power_id`, `created_at`, `updated_at`) VALUES ('648a6c3e-379f-4153-99e6-f39544fdcbfa', '1', 'e99bbeac-303a-49a2-91b3-19585e47af32', '2022-01-17 22:29:03', '2022-01-17 22:29:03');
INSERT INTO `system_role_power` (`id`, `role_id`, `power_id`, `created_at`, `updated_at`) VALUES ('9eef6e31-d9a0-4b61-bc5f-eac90a9a89b0', '1', '71891c4d-04cd-4395-a047-ce829c4ae9f4', '2022-01-17 22:29:03', '2022-01-17 22:29:03');
INSERT INTO `system_role_power` (`id`, `role_id`, `power_id`, `created_at`, `updated_at`) VALUES ('b5b46e27-1e3a-4861-8bb7-166f63f6f403', '1', '3ea249eb-fb09-4c5a-a7ee-49ea08c1630d', '2022-01-17 22:29:03', '2022-01-17 22:29:03');
INSERT INTO `system_role_power` (`id`, `role_id`, `power_id`, `created_at`, `updated_at`) VALUES ('bf2fd3f8-d0af-413b-a000-c1da03f68ff9', '1', 'aa0e5c5c-7052-436a-8b54-48e44ea94536', '2022-01-17 22:29:03', '2022-01-17 22:29:03');
INSERT INTO `system_role_power` (`id`, `role_id`, `power_id`, `created_at`, `updated_at`) VALUES ('caa2671a-3544-4e72-95e0-fd418682ecde', '1', '23ae9ef1-fa2f-44ad-a666-2450e39fd396', '2022-01-17 22:29:03', '2022-01-17 22:29:03');
INSERT INTO `system_role_power` (`id`, `role_id`, `power_id`, `created_at`, `updated_at`) VALUES ('daa5e46f-a237-45c8-ac2d-74960e6d575d', '1', '3', '2022-01-17 22:29:03', '2022-01-17 22:29:03');
INSERT INTO `system_role_power` (`id`, `role_id`, `power_id`, `created_at`, `updated_at`) VALUES ('dc759559-c0af-4a5c-a203-593588fbc83b', '1', 'cb887751-0d68-4aea-84ea-11a63221f337', '2022-01-17 22:29:03', '2022-01-17 22:29:03');
INSERT INTO `system_role_power` (`id`, `role_id`, `power_id`, `created_at`, `updated_at`) VALUES ('dcc5e4d8-2a0c-484b-8f57-8739b4ed0561', '1', '1', '2022-01-17 22:29:03', '2022-01-17 22:29:03');
INSERT INTO `system_role_power` (`id`, `role_id`, `power_id`, `created_at`, `updated_at`) VALUES ('f52aa514-a463-4396-9d88-863a3957fe0c', '1', '5', '2022-01-17 22:29:03', '2022-01-17 22:29:03');
INSERT INTO `system_role_power` (`id`, `role_id`, `power_id`, `created_at`, `updated_at`) VALUES ('f5490e1c-768f-40ed-8bcc-b8def606c34c', '1', '77d65785-ce62-4e14-a482-784f3e295925', '2022-01-17 22:29:03', '2022-01-17 22:29:03');
COMMIT;

-- ----------------------------
-- Table structure for system_session
-- ----------------------------
DROP TABLE IF EXISTS `system_session`;
CREATE TABLE `system_session` (
  `id` char(36) CHARACTER SET utf8mb4 COLLATE utf8mb4_bin NOT NULL,
  `user_id` char(36) CHARACTER SET utf8mb4 COLLATE utf8mb4_bin NOT NULL COMMENT '用户Id',
  `key` varchar(255) NOT NULL COMMENT 'key',
  `password_hash` varchar(255) NOT NULL COMMENT '用户密码',
  `created_at` datetime NOT NULL,
  `updated_at` datetime NOT NULL,
  `deleted_at` datetime DEFAULT NULL,
  PRIMARY KEY (`id`)
) ENGINE=InnoDB DEFAULT CHARSET=utf8mb4 COLLATE=utf8mb4_0900_ai_ci COMMENT='系统-用户会话表';

-- ----------------------------
-- Records of system_session
-- ----------------------------
BEGIN;
INSERT INTO `system_session` (`id`, `user_id`, `key`, `password_hash`, `created_at`, `updated_at`, `deleted_at`) VALUES ('00df43f1-240a-4655-9f4d-4fab9dcb486d', '1', '0cb9992a-21d6-4072-aa92-6eafee8593ec', '$2a$10$fEfkf66Q91Jyef27VFMBYeYJkX.6aJFcXig7SQtsoixvsdoS0aIOu', '2022-08-08 11:40:03', '2022-08-08 11:40:03', '2022-08-08 17:46:03');
INSERT INTO `system_session` (`id`, `user_id`, `key`, `password_hash`, `created_at`, `updated_at`, `deleted_at`) VALUES ('00f699ea-aab0-4620-a906-be888ad3f25d', '1', '56ab428d-0f69-459f-9e1e-b3b0a1279e57', '$2a$10$fEfkf66Q91Jyef27VFMBYeYJkX.6aJFcXig7SQtsoixvsdoS0aIOu', '2022-06-23 09:30:30', '2022-06-23 09:31:34', '2022-06-23 09:31:34');
INSERT INTO `system_session` (`id`, `user_id`, `key`, `password_hash`, `created_at`, `updated_at`, `deleted_at`) VALUES ('0369f6aa-236b-4a90-8ae5-6d5edb06dff2', '1', 'e2361e2f-a749-46aa-90a2-17cc6880b768', '$2a$10$fEfkf66Q91Jyef27VFMBYeYJkX.6aJFcXig7SQtsoixvsdoS0aIOu', '2022-06-06 11:42:45', '2022-06-06 11:42:45', '2022-06-06 11:45:15');
INSERT INTO `system_session` (`id`, `user_id`, `key`, `password_hash`, `created_at`, `updated_at`, `deleted_at`) VALUES ('037896ff-6603-4cd0-bdce-250ac876eeef', '1', '5beed30a-483c-4df5-beb5-e4fc28e836c7', '$2a$10$fEfkf66Q91Jyef27VFMBYeYJkX.6aJFcXig7SQtsoixvsdoS0aIOu', '2022-07-16 09:48:50', '2022-07-16 09:49:51', '2022-07-16 09:49:51');
INSERT INTO `system_session` (`id`, `user_id`, `key`, `password_hash`, `created_at`, `updated_at`, `deleted_at`) VALUES ('03b4caf0-a40c-438c-abf4-1c1b130dd141', '1', '6c843f7e-2bda-40fd-98b0-3454c9d03598', '$2a$10$fEfkf66Q91Jyef27VFMBYeYJkX.6aJFcXig7SQtsoixvsdoS0aIOu', '2022-11-11 11:25:08', '2022-11-11 11:30:57', '2022-11-11 11:30:57');
INSERT INTO `system_session` (`id`, `user_id`, `key`, `password_hash`, `created_at`, `updated_at`, `deleted_at`) VALUES ('046ef041-1816-4779-9b1a-bea605726906', '1', '8c608016-2077-41a8-91de-a168954a971b', '$2a$10$fEfkf66Q91Jyef27VFMBYeYJkX.6aJFcXig7SQtsoixvsdoS0aIOu', '2022-06-27 18:52:47', '2022-06-27 18:52:47', '2022-06-27 22:18:46');
INSERT INTO `system_session` (`id`, `user_id`, `key`, `password_hash`, `created_at`, `updated_at`, `deleted_at`) VALUES ('04e1f7e9-d450-4ea2-ac33-5e80f8be5865', '1', '160230d8-a58f-4b23-be24-5cf0e0a8ae0e', '$2a$10$fEfkf66Q91Jyef27VFMBYeYJkX.6aJFcXig7SQtsoixvsdoS0aIOu', '2022-06-16 21:15:54', '2022-06-16 21:15:54', '2022-06-17 16:06:50');
INSERT INTO `system_session` (`id`, `user_id`, `key`, `password_hash`, `created_at`, `updated_at`, `deleted_at`) VALUES ('058a7ca6-c79e-4207-9838-667564388d20', '1', 'd1cff513-f46f-40c8-92af-51f863d816aa', '$2a$10$fEfkf66Q91Jyef27VFMBYeYJkX.6aJFcXig7SQtsoixvsdoS0aIOu', '2022-06-03 22:41:19', '2022-06-03 22:41:19', '2022-06-04 20:41:08');
INSERT INTO `system_session` (`id`, `user_id`, `key`, `password_hash`, `created_at`, `updated_at`, `deleted_at`) VALUES ('073b23ae-439f-4edf-be41-e0edc8773224', '1', '5dce670b-2894-46cb-b769-1e795727f6eb', '$2a$10$fEfkf66Q91Jyef27VFMBYeYJkX.6aJFcXig7SQtsoixvsdoS0aIOu', '2022-05-14 14:35:49', '2022-05-14 14:35:49', '2022-05-15 11:08:59');
INSERT INTO `system_session` (`id`, `user_id`, `key`, `password_hash`, `created_at`, `updated_at`, `deleted_at`) VALUES ('077be1b1-caa2-447b-99d2-db5ce44cf69d', '1', '6b3915f1-364b-4341-b707-d0fb09853b2a', '$2a$10$fEfkf66Q91Jyef27VFMBYeYJkX.6aJFcXig7SQtsoixvsdoS0aIOu', '2022-08-25 20:39:51', '2022-08-25 20:39:51', '2022-09-26 16:26:52');
INSERT INTO `system_session` (`id`, `user_id`, `key`, `password_hash`, `created_at`, `updated_at`, `deleted_at`) VALUES ('07c24050-9a4b-48a0-b6cc-b803026839b2', '1', 'b4b1de0c-1aae-457b-b3cb-82d4ab850733', '$2a$10$fEfkf66Q91Jyef27VFMBYeYJkX.6aJFcXig7SQtsoixvsdoS0aIOu', '2022-05-22 16:51:05', '2022-05-22 16:51:05', '2022-05-25 09:50:55');
INSERT INTO `system_session` (`id`, `user_id`, `key`, `password_hash`, `created_at`, `updated_at`, `deleted_at`) VALUES ('07e840d7-0d69-4ee0-b0b2-86d2eb63ca75', '1', 'a469c5ef-7724-4c45-98df-249b25ef873f', '$2a$10$fEfkf66Q91Jyef27VFMBYeYJkX.6aJFcXig7SQtsoixvsdoS0aIOu', '2022-05-28 23:22:14', '2022-05-28 23:22:14', '2022-05-29 14:12:29');
INSERT INTO `system_session` (`id`, `user_id`, `key`, `password_hash`, `created_at`, `updated_at`, `deleted_at`) VALUES ('08224e3a-64e7-44e9-84c7-69cdec0bd20d', '1', '9c7d4de2-f0ff-4103-805e-9cb553c9a885', '$2a$10$fEfkf66Q91Jyef27VFMBYeYJkX.6aJFcXig7SQtsoixvsdoS0aIOu', '2022-08-19 15:43:47', '2022-08-19 15:46:01', '2022-08-19 15:46:01');
INSERT INTO `system_session` (`id`, `user_id`, `key`, `password_hash`, `created_at`, `updated_at`, `deleted_at`) VALUES ('08787650-93ff-4f3a-96e7-e66551724d24', '1', 'a1ce9649-a977-4751-a64a-f8d13c843613', '$2a$10$fEfkf66Q91Jyef27VFMBYeYJkX.6aJFcXig7SQtsoixvsdoS0aIOu', '2022-05-10 09:46:58', '2022-05-10 09:46:58', '2022-05-10 09:48:32');
INSERT INTO `system_session` (`id`, `user_id`, `key`, `password_hash`, `created_at`, `updated_at`, `deleted_at`) VALUES ('09f8f7a7-b082-4c47-aa63-8e924b5481af', '1', 'c894a6aa-b162-4305-a30f-3fbc25834a3d', '$2a$10$fEfkf66Q91Jyef27VFMBYeYJkX.6aJFcXig7SQtsoixvsdoS0aIOu', '2022-08-12 17:24:17', '2022-08-12 17:24:17', '2022-08-12 21:06:34');
INSERT INTO `system_session` (`id`, `user_id`, `key`, `password_hash`, `created_at`, `updated_at`, `deleted_at`) VALUES ('0a9bc41b-17e6-4880-bf7f-d27c8d3fd270', '1', 'd485bc6c-108c-453c-82b9-a14e785ab1d1', '$2a$10$fEfkf66Q91Jyef27VFMBYeYJkX.6aJFcXig7SQtsoixvsdoS0aIOu', '2022-06-06 11:45:15', '2022-06-06 11:45:15', '2022-06-06 16:20:15');
INSERT INTO `system_session` (`id`, `user_id`, `key`, `password_hash`, `created_at`, `updated_at`, `deleted_at`) VALUES ('0aac96f2-8207-4e93-89d8-50e1336e1a94', '1', '63b28fe9-94b0-459e-95f6-61cd1749f50a', '$2a$10$fEfkf66Q91Jyef27VFMBYeYJkX.6aJFcXig7SQtsoixvsdoS0aIOu', '2022-08-02 20:36:47', '2022-08-02 20:36:47', '2022-08-02 20:37:23');
INSERT INTO `system_session` (`id`, `user_id`, `key`, `password_hash`, `created_at`, `updated_at`, `deleted_at`) VALUES ('0afa0b14-a92a-4117-adce-688438510ff9', '1', 'd6a4a523-0588-45dc-ab0d-d992ee087814', '$2a$10$fEfkf66Q91Jyef27VFMBYeYJkX.6aJFcXig7SQtsoixvsdoS0aIOu', '2022-07-01 22:19:02', '2022-07-01 22:19:02', '2022-07-09 16:35:07');
INSERT INTO `system_session` (`id`, `user_id`, `key`, `password_hash`, `created_at`, `updated_at`, `deleted_at`) VALUES ('0b57c22f-0589-41ed-a299-65f1c6199d97', '1', 'd510f4b6-3ea1-4af6-bfa3-f1a95ceeab13', '$2a$10$fEfkf66Q91Jyef27VFMBYeYJkX.6aJFcXig7SQtsoixvsdoS0aIOu', '2022-07-01 09:15:38', '2022-07-01 09:23:36', '2022-07-01 09:23:36');
INSERT INTO `system_session` (`id`, `user_id`, `key`, `password_hash`, `created_at`, `updated_at`, `deleted_at`) VALUES ('0b755944-c3e9-466c-b3a1-1cbe960916af', '1', '18dc38a9-416a-4f39-a49c-7b90cc416e1c', '$2a$10$fEfkf66Q91Jyef27VFMBYeYJkX.6aJFcXig7SQtsoixvsdoS0aIOu', '2022-08-10 14:43:18', '2022-08-10 14:43:18', '2022-08-10 17:33:10');
INSERT INTO `system_session` (`id`, `user_id`, `key`, `password_hash`, `created_at`, `updated_at`, `deleted_at`) VALUES ('0ce8cb6d-3dc4-41ee-93bf-64d1c9e2dd94', '1', '2d7c3c7e-e588-487d-940a-fa087b5fd3c3', '$2a$10$fEfkf66Q91Jyef27VFMBYeYJkX.6aJFcXig7SQtsoixvsdoS0aIOu', '2022-11-29 21:11:10', '2022-11-29 21:11:10', '2022-12-01 13:40:39');
INSERT INTO `system_session` (`id`, `user_id`, `key`, `password_hash`, `created_at`, `updated_at`, `deleted_at`) VALUES ('0d43484e-368a-4eec-be72-851ff8d3c17f', '1', '2f17fd08-6f86-4bba-9fbe-7a973ec5d037', '$2a$10$fEfkf66Q91Jyef27VFMBYeYJkX.6aJFcXig7SQtsoixvsdoS0aIOu', '2022-07-26 16:18:05', '2022-07-26 16:18:05', '2022-07-27 15:00:36');
INSERT INTO `system_session` (`id`, `user_id`, `key`, `password_hash`, `created_at`, `updated_at`, `deleted_at`) VALUES ('0de1fd33-d522-4e95-bbac-fabce9f98b10', '1', '452c8cea-41d2-4f95-aed6-a1ccd6646493', '$2a$10$fEfkf66Q91Jyef27VFMBYeYJkX.6aJFcXig7SQtsoixvsdoS0aIOu', '2022-12-01 18:21:39', '2022-12-01 18:21:39', '2022-12-02 20:38:03');
INSERT INTO `system_session` (`id`, `user_id`, `key`, `password_hash`, `created_at`, `updated_at`, `deleted_at`) VALUES ('0e06eaf7-d2d0-47a4-b5ef-4da487367abf', '1', 'af4ce5bf-f6a4-479f-9867-8ae0e0d25393', '$2a$10$fEfkf66Q91Jyef27VFMBYeYJkX.6aJFcXig7SQtsoixvsdoS0aIOu', '2022-08-08 17:46:03', '2022-08-08 17:46:03', '2022-08-09 20:47:26');
INSERT INTO `system_session` (`id`, `user_id`, `key`, `password_hash`, `created_at`, `updated_at`, `deleted_at`) VALUES ('0e68c27c-f74b-4506-a86f-05c25fce37b1', '1', '16d586e1-cf48-430f-9789-ab8d4b54ff1a', '$2a$10$fEfkf66Q91Jyef27VFMBYeYJkX.6aJFcXig7SQtsoixvsdoS0aIOu', '2022-06-24 14:55:25', '2022-06-24 14:55:25', '2022-06-24 15:40:30');
INSERT INTO `system_session` (`id`, `user_id`, `key`, `password_hash`, `created_at`, `updated_at`, `deleted_at`) VALUES ('0eeeda8b-859e-4e13-aafd-d1aa8948a08a', '1', '6f703a56-ffc1-4d20-aa3b-b28cb851eaec', '$2a$10$fEfkf66Q91Jyef27VFMBYeYJkX.6aJFcXig7SQtsoixvsdoS0aIOu', '2022-08-10 13:16:32', '2022-08-10 13:16:32', '2022-08-10 13:36:47');
INSERT INTO `system_session` (`id`, `user_id`, `key`, `password_hash`, `created_at`, `updated_at`, `deleted_at`) VALUES ('0f212bcf-d826-4b8d-8824-88ecf0a835ca', '1', '80e12be5-a4b9-451a-9af3-a3e808909fb8', '$2a$10$fEfkf66Q91Jyef27VFMBYeYJkX.6aJFcXig7SQtsoixvsdoS0aIOu', '2022-05-25 09:50:55', '2022-05-25 09:50:55', '2022-05-25 10:45:48');
INSERT INTO `system_session` (`id`, `user_id`, `key`, `password_hash`, `created_at`, `updated_at`, `deleted_at`) VALUES ('0f5f905d-a0ce-4491-b79c-cca8a527fdd5', '1', 'e83c9753-3d0f-43a8-b539-8286247446a5', '$2a$10$fEfkf66Q91Jyef27VFMBYeYJkX.6aJFcXig7SQtsoixvsdoS0aIOu', '2022-05-27 11:26:18', '2022-05-27 11:26:18', '2022-05-27 16:07:12');
INSERT INTO `system_session` (`id`, `user_id`, `key`, `password_hash`, `created_at`, `updated_at`, `deleted_at`) VALUES ('103dd6d5-0106-4dc6-9650-0fa9e01b04eb', '1', '9bc710fb-149d-48e1-b9af-c0ff524a1411', '$2a$10$fEfkf66Q91Jyef27VFMBYeYJkX.6aJFcXig7SQtsoixvsdoS0aIOu', '2022-07-11 10:20:53', '2022-07-11 10:20:53', '2022-07-11 11:51:30');
INSERT INTO `system_session` (`id`, `user_id`, `key`, `password_hash`, `created_at`, `updated_at`, `deleted_at`) VALUES ('10e9e898-e469-4628-8a55-e16472729b9d', '1', 'dbb3fb43-c610-4790-84c1-c87974e9b00a', '$2a$10$fEfkf66Q91Jyef27VFMBYeYJkX.6aJFcXig7SQtsoixvsdoS0aIOu', '2022-05-05 08:35:58', '2022-05-05 08:35:58', '2022-05-05 23:06:04');
INSERT INTO `system_session` (`id`, `user_id`, `key`, `password_hash`, `created_at`, `updated_at`, `deleted_at`) VALUES ('110aad84-45b9-4f2a-9653-4e6513768c0f', '1', '58949356-fbbc-4ba2-8f9d-1b1c99f7b384', '$2a$10$fEfkf66Q91Jyef27VFMBYeYJkX.6aJFcXig7SQtsoixvsdoS0aIOu', '2022-08-04 10:55:28', '2022-08-04 10:55:28', '2022-08-04 11:29:27');
INSERT INTO `system_session` (`id`, `user_id`, `key`, `password_hash`, `created_at`, `updated_at`, `deleted_at`) VALUES ('12bea3b3-c1d5-46ce-9ed7-847e1435f0e8', '1', 'db020167-3f2c-44dc-8ea5-bc54cb5981c7', '$2a$10$fEfkf66Q91Jyef27VFMBYeYJkX.6aJFcXig7SQtsoixvsdoS0aIOu', '2022-06-16 18:34:59', '2022-06-16 18:34:59', '2022-06-16 21:13:05');
INSERT INTO `system_session` (`id`, `user_id`, `key`, `password_hash`, `created_at`, `updated_at`, `deleted_at`) VALUES ('130329ca-eafe-4993-b83e-75039d9cf4fe', '1', 'a36bcedb-10aa-4ee8-86e9-a175a6d0e0dd', '$2a$10$fEfkf66Q91Jyef27VFMBYeYJkX.6aJFcXig7SQtsoixvsdoS0aIOu', '2022-05-13 15:23:49', '2022-05-13 15:23:49', '2022-05-13 15:28:21');
INSERT INTO `system_session` (`id`, `user_id`, `key`, `password_hash`, `created_at`, `updated_at`, `deleted_at`) VALUES ('15bb669b-9cb8-4ed5-ab9a-a5de5663c7aa', '1', '7cf06d6d-f90e-4972-bc04-3e99210b6be5', '$2a$10$fEfkf66Q91Jyef27VFMBYeYJkX.6aJFcXig7SQtsoixvsdoS0aIOu', '2022-08-09 21:45:21', '2022-08-09 21:45:21', '2022-08-09 22:28:30');
INSERT INTO `system_session` (`id`, `user_id`, `key`, `password_hash`, `created_at`, `updated_at`, `deleted_at`) VALUES ('166bdfdb-a370-4f20-bd0a-aa3343ee6c61', '1', '8f455c36-8221-4012-af02-8eec71d5ab8c', '$2a$10$fEfkf66Q91Jyef27VFMBYeYJkX.6aJFcXig7SQtsoixvsdoS0aIOu', '2022-07-18 19:46:38', '2022-07-18 19:46:38', '2022-07-19 14:26:30');
INSERT INTO `system_session` (`id`, `user_id`, `key`, `password_hash`, `created_at`, `updated_at`, `deleted_at`) VALUES ('16c5d192-93e6-4443-98fb-48273162a4ea', '1', '044da179-a655-41b2-aa71-a72c9af1ab01', '$2a$10$fEfkf66Q91Jyef27VFMBYeYJkX.6aJFcXig7SQtsoixvsdoS0aIOu', '2022-08-22 11:52:01', '2022-08-22 11:52:01', '2022-08-22 11:53:54');
INSERT INTO `system_session` (`id`, `user_id`, `key`, `password_hash`, `created_at`, `updated_at`, `deleted_at`) VALUES ('1901689a-c596-4835-8bda-4ab9529f5ad8', '1', 'b64f37fc-32fd-4b12-b4d8-87d4703f434f', '$2a$10$fEfkf66Q91Jyef27VFMBYeYJkX.6aJFcXig7SQtsoixvsdoS0aIOu', '2022-05-11 10:18:31', '2022-05-11 10:18:31', '2022-05-11 11:22:06');
INSERT INTO `system_session` (`id`, `user_id`, `key`, `password_hash`, `created_at`, `updated_at`, `deleted_at`) VALUES ('1abc391e-f4c6-4847-955d-2fd95c0567e6', '1', 'd443b800-e6ee-46e8-9d6b-5184070db94c', '$2a$10$fEfkf66Q91Jyef27VFMBYeYJkX.6aJFcXig7SQtsoixvsdoS0aIOu', '2022-05-25 17:37:31', '2022-05-25 17:37:31', '2022-05-27 08:31:57');
INSERT INTO `system_session` (`id`, `user_id`, `key`, `password_hash`, `created_at`, `updated_at`, `deleted_at`) VALUES ('1b9155b0-0959-405e-b5cd-54262964da73', '1', '1082afb5-959b-4fa2-855d-d26a67d0132d', '$2a$10$fEfkf66Q91Jyef27VFMBYeYJkX.6aJFcXig7SQtsoixvsdoS0aIOu', '2022-06-20 17:47:49', '2022-06-20 17:47:49', '2022-06-20 18:00:50');
INSERT INTO `system_session` (`id`, `user_id`, `key`, `password_hash`, `created_at`, `updated_at`, `deleted_at`) VALUES ('1d2efc95-5ed7-462a-89cb-cd357f72b38e', '1', '07b46db0-f82d-41db-b103-4254de26f83e', '$2a$10$fEfkf66Q91Jyef27VFMBYeYJkX.6aJFcXig7SQtsoixvsdoS0aIOu', '2022-06-22 16:33:19', '2022-06-22 16:33:19', '2022-06-22 17:51:16');
INSERT INTO `system_session` (`id`, `user_id`, `key`, `password_hash`, `created_at`, `updated_at`, `deleted_at`) VALUES ('1db1a200-71b1-47e4-90dc-1871b9f749f5', '1', '1a3eea06-5e23-4221-9b65-e68d4a007837', '$2a$10$fEfkf66Q91Jyef27VFMBYeYJkX.6aJFcXig7SQtsoixvsdoS0aIOu', '2022-05-13 16:14:40', '2022-05-13 16:14:40', '2022-05-13 16:49:09');
INSERT INTO `system_session` (`id`, `user_id`, `key`, `password_hash`, `created_at`, `updated_at`, `deleted_at`) VALUES ('1e997dbb-0abe-4733-a8d0-4375bf085d78', '1', '90cef54e-1983-4ac8-92c6-86970d49a9b7', '$2a$10$fEfkf66Q91Jyef27VFMBYeYJkX.6aJFcXig7SQtsoixvsdoS0aIOu', '2022-07-20 01:52:48', '2022-07-20 01:52:48', '2022-07-20 09:53:27');
INSERT INTO `system_session` (`id`, `user_id`, `key`, `password_hash`, `created_at`, `updated_at`, `deleted_at`) VALUES ('1fad54de-c139-4b98-9e07-105bcf372ed7', '1', 'c3f9e4a5-af3a-407a-be96-268591d2bcf7', '$2a$10$fEfkf66Q91Jyef27VFMBYeYJkX.6aJFcXig7SQtsoixvsdoS0aIOu', '2022-08-10 20:27:27', '2022-08-10 20:27:27', '2022-08-10 20:40:18');
INSERT INTO `system_session` (`id`, `user_id`, `key`, `password_hash`, `created_at`, `updated_at`, `deleted_at`) VALUES ('1fcaf9d2-8147-45df-8a52-4ceb25ddafa8', '1', '98a20f76-5ef9-4ddb-a9f2-fe9842136a6b', '$2a$10$fEfkf66Q91Jyef27VFMBYeYJkX.6aJFcXig7SQtsoixvsdoS0aIOu', '2022-05-31 09:40:41', '2022-05-31 09:49:23', '2022-05-31 09:49:23');
INSERT INTO `system_session` (`id`, `user_id`, `key`, `password_hash`, `created_at`, `updated_at`, `deleted_at`) VALUES ('2090614c-4514-44a5-91f7-b1ee9f37b942', '1', '43b5181c-742f-4e5e-883a-db52d3a9bfad', '$2a$10$fEfkf66Q91Jyef27VFMBYeYJkX.6aJFcXig7SQtsoixvsdoS0aIOu', '2022-10-11 10:52:48', '2022-10-11 10:52:48', '2022-11-11 10:53:51');
INSERT INTO `system_session` (`id`, `user_id`, `key`, `password_hash`, `created_at`, `updated_at`, `deleted_at`) VALUES ('20cc402f-473c-401f-a905-2158b0af321e', '1', '532c0ef7-85e5-420e-9e83-b18a25a2c060', '$2a$10$fEfkf66Q91Jyef27VFMBYeYJkX.6aJFcXig7SQtsoixvsdoS0aIOu', '2022-11-29 16:46:36', '2022-11-29 16:49:40', '2022-11-29 16:49:40');
INSERT INTO `system_session` (`id`, `user_id`, `key`, `password_hash`, `created_at`, `updated_at`, `deleted_at`) VALUES ('23429032-190f-4141-ade8-8ceda050895d', '1', '1777622c-162d-4e28-a1c7-7a6c8a23defc', '$2a$10$fEfkf66Q91Jyef27VFMBYeYJkX.6aJFcXig7SQtsoixvsdoS0aIOu', '2022-05-17 11:11:25', '2022-05-17 11:11:25', '2022-05-17 11:15:10');
INSERT INTO `system_session` (`id`, `user_id`, `key`, `password_hash`, `created_at`, `updated_at`, `deleted_at`) VALUES ('23dfe0ab-c58a-4c9b-9a3e-92d549c5853f', '1', '801f9a5f-7b09-4825-9eda-93d91a920b59', '$2a$10$fEfkf66Q91Jyef27VFMBYeYJkX.6aJFcXig7SQtsoixvsdoS0aIOu', '2022-05-12 14:54:22', '2022-05-12 14:54:22', '2022-05-12 15:01:36');
INSERT INTO `system_session` (`id`, `user_id`, `key`, `password_hash`, `created_at`, `updated_at`, `deleted_at`) VALUES ('24e75c27-898e-47d1-af71-c9175693f4b4', '1', '8462e0fa-0b9a-499c-92ad-d90bb87aa812', '$2a$10$fEfkf66Q91Jyef27VFMBYeYJkX.6aJFcXig7SQtsoixvsdoS0aIOu', '2022-06-28 17:43:15', '2022-06-28 17:43:15', '2022-06-28 17:59:03');
INSERT INTO `system_session` (`id`, `user_id`, `key`, `password_hash`, `created_at`, `updated_at`, `deleted_at`) VALUES ('2517ea28-dace-4e41-97ae-a802f3eeb5cf', '1', '90e29c8b-38b6-4c55-afd7-c2c6cf18d1c8', '$2a$10$fEfkf66Q91Jyef27VFMBYeYJkX.6aJFcXig7SQtsoixvsdoS0aIOu', '2022-05-13 16:49:09', '2022-05-13 16:49:43', '2022-05-13 16:49:43');
INSERT INTO `system_session` (`id`, `user_id`, `key`, `password_hash`, `created_at`, `updated_at`, `deleted_at`) VALUES ('25e55f5c-ec5b-40ae-909c-d7ab2a3e000e', '1', '5d66b8c0-e517-4b94-8281-429c050eddd6', '$2a$10$fEfkf66Q91Jyef27VFMBYeYJkX.6aJFcXig7SQtsoixvsdoS0aIOu', '2022-05-13 15:37:13', '2022-05-13 15:40:12', '2022-05-13 15:40:12');
INSERT INTO `system_session` (`id`, `user_id`, `key`, `password_hash`, `created_at`, `updated_at`, `deleted_at`) VALUES ('25f2b120-d3f1-4ec2-8b39-a517dcb57c48', '1', '42966f75-2849-4cbf-b204-3950b51ed6b0', '$2a$10$fEfkf66Q91Jyef27VFMBYeYJkX.6aJFcXig7SQtsoixvsdoS0aIOu', '2022-08-22 14:41:13', '2022-08-22 14:41:13', '2022-08-22 14:41:34');
INSERT INTO `system_session` (`id`, `user_id`, `key`, `password_hash`, `created_at`, `updated_at`, `deleted_at`) VALUES ('26f3779b-9dc6-4f15-92b8-36c8a83cde68', '1', '7f0f69c6-fdd4-4487-a036-36ad9dce43ea', '$2a$10$fEfkf66Q91Jyef27VFMBYeYJkX.6aJFcXig7SQtsoixvsdoS0aIOu', '2022-05-06 12:08:17', '2022-05-06 12:08:33', '2022-05-06 12:08:33');
INSERT INTO `system_session` (`id`, `user_id`, `key`, `password_hash`, `created_at`, `updated_at`, `deleted_at`) VALUES ('2713e0c2-97ea-40e5-bb10-02f1b6953786', '1', '3336a3e4-97e7-4e3a-91b2-dda12275e793', '$2a$10$fEfkf66Q91Jyef27VFMBYeYJkX.6aJFcXig7SQtsoixvsdoS0aIOu', '2022-06-10 14:54:52', '2022-06-10 14:54:52', '2022-06-10 18:55:17');
INSERT INTO `system_session` (`id`, `user_id`, `key`, `password_hash`, `created_at`, `updated_at`, `deleted_at`) VALUES ('2789d4d8-f5ad-464b-b1c2-6237817d9dbf', '1', '6b20c68d-3e36-467b-a630-9f3bb17c7188', '$2a$10$fEfkf66Q91Jyef27VFMBYeYJkX.6aJFcXig7SQtsoixvsdoS0aIOu', '2022-06-22 18:26:11', '2022-06-22 18:26:11', '2022-06-22 18:50:31');
INSERT INTO `system_session` (`id`, `user_id`, `key`, `password_hash`, `created_at`, `updated_at`, `deleted_at`) VALUES ('27a79ef0-957b-44f4-9b04-14aed98cceb7', '1', '9370016e-bed3-406d-913f-bbea268954ae', '$2a$10$fEfkf66Q91Jyef27VFMBYeYJkX.6aJFcXig7SQtsoixvsdoS0aIOu', '2022-05-14 10:42:54', '2022-05-14 10:43:38', '2022-05-14 10:43:38');
INSERT INTO `system_session` (`id`, `user_id`, `key`, `password_hash`, `created_at`, `updated_at`, `deleted_at`) VALUES ('28b8eda0-6772-4bbd-bc8e-bcbd70d1516e', '6aff90c3-3615-426d-b2be-beb1cd617dfb', 'a19c87e8-0756-4b2e-9938-11607860f26f', '$2a$10$l/C4wlYvVZGeATZpgrnK2OXUiVN5YoaxTlF1rvF0tteIf5LUctNcK', '2022-07-10 21:17:32', '2022-07-10 21:17:32', NULL);
INSERT INTO `system_session` (`id`, `user_id`, `key`, `password_hash`, `created_at`, `updated_at`, `deleted_at`) VALUES ('28cf1199-538c-4bad-8583-f52121620768', '1', '56891ade-88dd-49a0-9df6-0c43be152cd9', '$2a$10$fEfkf66Q91Jyef27VFMBYeYJkX.6aJFcXig7SQtsoixvsdoS0aIOu', '2022-06-28 17:59:03', '2022-06-28 17:59:03', '2022-06-29 16:36:27');
INSERT INTO `system_session` (`id`, `user_id`, `key`, `password_hash`, `created_at`, `updated_at`, `deleted_at`) VALUES ('28e42e5c-6e91-408c-9124-0a4b2f4c4da2', '1', 'aaf31efb-beba-4c3b-aa92-6964ba5dbfac', '$2a$10$fEfkf66Q91Jyef27VFMBYeYJkX.6aJFcXig7SQtsoixvsdoS0aIOu', '2022-07-20 09:53:27', '2022-07-20 09:53:27', '2022-07-20 13:20:13');
INSERT INTO `system_session` (`id`, `user_id`, `key`, `password_hash`, `created_at`, `updated_at`, `deleted_at`) VALUES ('299c662d-fc5d-4662-b99e-845e87dff733', '1', 'd58130b3-3dfd-4a1c-9311-6eff21f448f3', '$2a$10$fEfkf66Q91Jyef27VFMBYeYJkX.6aJFcXig7SQtsoixvsdoS0aIOu', '2022-08-10 20:57:23', '2022-08-10 20:57:23', '2022-08-10 22:52:31');
INSERT INTO `system_session` (`id`, `user_id`, `key`, `password_hash`, `created_at`, `updated_at`, `deleted_at`) VALUES ('29c176d1-0bbf-41c5-99bb-5798031c43ad', '1', 'bfead47e-d008-475c-a723-a92b203104bc', '$2a$10$fEfkf66Q91Jyef27VFMBYeYJkX.6aJFcXig7SQtsoixvsdoS0aIOu', '2022-06-15 15:25:05', '2022-06-15 15:25:05', '2022-06-16 17:15:00');
INSERT INTO `system_session` (`id`, `user_id`, `key`, `password_hash`, `created_at`, `updated_at`, `deleted_at`) VALUES ('2a1cc6de-780d-46cb-ac95-d7435a879a08', '1', '0b3f8e41-526b-4ba7-ac6b-e144babfcfa8', '$2a$10$fEfkf66Q91Jyef27VFMBYeYJkX.6aJFcXig7SQtsoixvsdoS0aIOu', '2022-05-12 15:01:36', '2022-05-12 15:01:36', '2022-05-12 15:19:36');
INSERT INTO `system_session` (`id`, `user_id`, `key`, `password_hash`, `created_at`, `updated_at`, `deleted_at`) VALUES ('2a96a088-fa4d-4074-b59a-372e7d3f8005', '1', '798e9f6e-7651-4e42-a2f4-4bf87dc3f1da', '$2a$10$fEfkf66Q91Jyef27VFMBYeYJkX.6aJFcXig7SQtsoixvsdoS0aIOu', '2022-05-09 08:30:58', '2022-05-09 08:30:58', '2022-05-09 17:06:24');
INSERT INTO `system_session` (`id`, `user_id`, `key`, `password_hash`, `created_at`, `updated_at`, `deleted_at`) VALUES ('2ad1934d-5651-4622-8997-8ffd6927ed3f', '1', '613660be-a2c1-4936-91fb-6939505b6e80', '$2a$10$fEfkf66Q91Jyef27VFMBYeYJkX.6aJFcXig7SQtsoixvsdoS0aIOu', '2022-08-12 16:35:13', '2022-08-12 16:35:13', '2022-08-12 17:24:17');
INSERT INTO `system_session` (`id`, `user_id`, `key`, `password_hash`, `created_at`, `updated_at`, `deleted_at`) VALUES ('2d02e441-535e-49fe-89f3-7b237ecb0e33', '1', '0ec97a19-64e2-4bdf-9acd-a824acbf89f7', '$2a$10$fEfkf66Q91Jyef27VFMBYeYJkX.6aJFcXig7SQtsoixvsdoS0aIOu', '2022-12-07 18:20:05', '2022-12-09 09:21:45', '2022-12-09 09:21:45');
INSERT INTO `system_session` (`id`, `user_id`, `key`, `password_hash`, `created_at`, `updated_at`, `deleted_at`) VALUES ('2e428bf5-d5ac-45d5-ab88-fe75b6b859dd', '1', '7159a57d-e425-4587-8e54-50ae0e043f00', '$2a$10$fEfkf66Q91Jyef27VFMBYeYJkX.6aJFcXig7SQtsoixvsdoS0aIOu', '2022-06-12 19:00:19', '2022-06-12 19:00:19', '2022-06-12 19:50:50');
INSERT INTO `system_session` (`id`, `user_id`, `key`, `password_hash`, `created_at`, `updated_at`, `deleted_at`) VALUES ('2eb9d871-51ba-4aab-8241-daf001d67fad', '1', 'd4747a73-6d9f-4b08-ab3f-2e34a2dca2a1', '$2a$10$fEfkf66Q91Jyef27VFMBYeYJkX.6aJFcXig7SQtsoixvsdoS0aIOu', '2022-08-19 20:55:39', '2022-08-19 20:55:39', '2022-08-19 22:46:42');
INSERT INTO `system_session` (`id`, `user_id`, `key`, `password_hash`, `created_at`, `updated_at`, `deleted_at`) VALUES ('2f6d7cf9-02ec-48e9-9877-6a3bc663a5fe', '1', '524560d4-48e1-4824-a992-ab82f91c04c1', '$2a$10$fEfkf66Q91Jyef27VFMBYeYJkX.6aJFcXig7SQtsoixvsdoS0aIOu', '2022-06-21 16:27:59', '2022-06-21 16:27:59', '2022-06-22 07:41:20');
INSERT INTO `system_session` (`id`, `user_id`, `key`, `password_hash`, `created_at`, `updated_at`, `deleted_at`) VALUES ('3000d58f-c98b-4942-80ae-bac76eee7c3a', '1', '3cae6f14-cd5a-4165-99f2-834a3fa07950', '$2a$10$fEfkf66Q91Jyef27VFMBYeYJkX.6aJFcXig7SQtsoixvsdoS0aIOu', '2022-07-13 17:54:30', '2022-07-13 17:54:30', '2022-07-13 18:35:19');
INSERT INTO `system_session` (`id`, `user_id`, `key`, `password_hash`, `created_at`, `updated_at`, `deleted_at`) VALUES ('312cf9b5-103e-4d98-b94d-057d1e425974', '1', 'e3741725-c292-4c9c-b859-244285598a19', '$2a$10$fEfkf66Q91Jyef27VFMBYeYJkX.6aJFcXig7SQtsoixvsdoS0aIOu', '2022-05-28 11:58:55', '2022-05-28 11:58:55', '2022-05-28 23:22:14');
INSERT INTO `system_session` (`id`, `user_id`, `key`, `password_hash`, `created_at`, `updated_at`, `deleted_at`) VALUES ('31d766ee-2b35-4e3d-bb88-ffa6c00c1db4', '1', 'bdf05e95-cd57-4742-b404-61a3bc05e514', '$2a$10$fEfkf66Q91Jyef27VFMBYeYJkX.6aJFcXig7SQtsoixvsdoS0aIOu', '2022-06-04 20:41:08', '2022-06-04 20:44:12', '2022-06-04 20:44:12');
INSERT INTO `system_session` (`id`, `user_id`, `key`, `password_hash`, `created_at`, `updated_at`, `deleted_at`) VALUES ('33ac4773-fe32-44c4-94e2-80a6cb884a0d', '1', 'bd1292f8-5441-41d0-b0e6-cb1d378a7ee7', '$2a$10$fEfkf66Q91Jyef27VFMBYeYJkX.6aJFcXig7SQtsoixvsdoS0aIOu', '2022-08-22 14:27:48', '2022-08-22 14:27:48', '2022-08-22 14:29:17');
INSERT INTO `system_session` (`id`, `user_id`, `key`, `password_hash`, `created_at`, `updated_at`, `deleted_at`) VALUES ('34dafd71-31a1-4d08-ba8b-18afd6adc563', '1', 'd5488459-34a1-4ae2-bd95-68a6f767394c', '$2a$10$fEfkf66Q91Jyef27VFMBYeYJkX.6aJFcXig7SQtsoixvsdoS0aIOu', '2022-06-12 11:40:35', '2022-06-12 11:40:35', '2022-06-12 11:47:51');
INSERT INTO `system_session` (`id`, `user_id`, `key`, `password_hash`, `created_at`, `updated_at`, `deleted_at`) VALUES ('3630b5db-1b30-469a-a75f-2eb5ae623dc2', '1', '2eec2887-f281-4634-9784-a4acff8c2264', '$2a$10$fEfkf66Q91Jyef27VFMBYeYJkX.6aJFcXig7SQtsoixvsdoS0aIOu', '2022-11-28 13:23:03', '2022-11-28 13:23:03', '2022-11-29 16:40:41');
INSERT INTO `system_session` (`id`, `user_id`, `key`, `password_hash`, `created_at`, `updated_at`, `deleted_at`) VALUES ('37bd9d76-673f-40ef-b8cf-179c3ad0059d', '1', '46b5dce2-6ea1-4c5e-8a76-e622b01b33e4', '$2a$10$fEfkf66Q91Jyef27VFMBYeYJkX.6aJFcXig7SQtsoixvsdoS0aIOu', '2022-08-22 14:39:48', '2022-08-22 14:39:48', '2022-08-22 14:40:34');
INSERT INTO `system_session` (`id`, `user_id`, `key`, `password_hash`, `created_at`, `updated_at`, `deleted_at`) VALUES ('38b71497-e852-40f5-8c46-b532c60d3264', '1', '93f95a5f-b642-4fd9-8614-f4f9c17c1239', '$2a$10$fEfkf66Q91Jyef27VFMBYeYJkX.6aJFcXig7SQtsoixvsdoS0aIOu', '2022-08-16 10:44:57', '2022-08-16 10:44:57', '2022-08-16 22:32:51');
INSERT INTO `system_session` (`id`, `user_id`, `key`, `password_hash`, `created_at`, `updated_at`, `deleted_at`) VALUES ('38e28c55-b89f-49a3-99c8-2d602aa25ac5', '1', '6d79da00-2a8f-4cb2-b59f-6bbf545e6d05', '$2a$10$fEfkf66Q91Jyef27VFMBYeYJkX.6aJFcXig7SQtsoixvsdoS0aIOu', '2022-05-30 14:56:46', '2022-05-30 14:56:46', '2022-05-31 08:26:43');
INSERT INTO `system_session` (`id`, `user_id`, `key`, `password_hash`, `created_at`, `updated_at`, `deleted_at`) VALUES ('392844c6-7295-4fa0-893a-cb14d11f78b9', '1', '0ac845c8-182b-428c-bbbe-471cc5730b75', '$2a$10$fEfkf66Q91Jyef27VFMBYeYJkX.6aJFcXig7SQtsoixvsdoS0aIOu', '2022-06-04 20:50:59', '2022-06-04 21:36:12', '2022-06-04 21:36:12');
INSERT INTO `system_session` (`id`, `user_id`, `key`, `password_hash`, `created_at`, `updated_at`, `deleted_at`) VALUES ('395b3e7b-8188-4282-b147-154ce4e29a8b', '1', '1aa7c93f-d06e-445a-860b-334eff9a1ac9', '$2a$10$fEfkf66Q91Jyef27VFMBYeYJkX.6aJFcXig7SQtsoixvsdoS0aIOu', '2022-06-22 11:56:46', '2022-06-22 11:56:46', '2022-06-22 15:20:27');
INSERT INTO `system_session` (`id`, `user_id`, `key`, `password_hash`, `created_at`, `updated_at`, `deleted_at`) VALUES ('3a79be19-04fa-465f-9152-72f590e1a09f', '1', 'f1d43cfb-c43f-40e8-a686-fefb573f636b', '$2a$10$fEfkf66Q91Jyef27VFMBYeYJkX.6aJFcXig7SQtsoixvsdoS0aIOu', '2022-05-25 14:01:05', '2022-05-25 14:01:05', '2022-05-25 15:03:19');
INSERT INTO `system_session` (`id`, `user_id`, `key`, `password_hash`, `created_at`, `updated_at`, `deleted_at`) VALUES ('3b2fa303-68bc-4bc7-8110-9d303125d5c7', '1', 'fe39e65d-7ff1-44e7-b64d-bd33038ecdd9', '$2a$10$fEfkf66Q91Jyef27VFMBYeYJkX.6aJFcXig7SQtsoixvsdoS0aIOu', '2022-08-22 11:53:54', '2022-08-22 11:53:54', '2022-08-22 12:03:54');
INSERT INTO `system_session` (`id`, `user_id`, `key`, `password_hash`, `created_at`, `updated_at`, `deleted_at`) VALUES ('3bac61da-9f58-4978-8667-07961e4ad525', '1', '542920da-d556-4544-86e7-014c0233a4b4', '$2a$10$fEfkf66Q91Jyef27VFMBYeYJkX.6aJFcXig7SQtsoixvsdoS0aIOu', '2022-05-11 14:36:26', '2022-05-11 14:36:26', '2022-05-11 14:40:23');
INSERT INTO `system_session` (`id`, `user_id`, `key`, `password_hash`, `created_at`, `updated_at`, `deleted_at`) VALUES ('3bd85714-a8f2-4414-a587-96d809df2bb6', '1', '92deab33-2b86-4661-a281-10f98aa3359c', '$2a$10$fEfkf66Q91Jyef27VFMBYeYJkX.6aJFcXig7SQtsoixvsdoS0aIOu', '2022-08-03 16:09:58', '2022-08-03 16:09:58', '2022-08-04 10:55:28');
INSERT INTO `system_session` (`id`, `user_id`, `key`, `password_hash`, `created_at`, `updated_at`, `deleted_at`) VALUES ('3bfe5887-6a62-428a-9d8c-2ab80d3bd7ec', '1', 'c742d219-ce9e-47f0-9a94-33a81f99c8fc', '$2a$10$fEfkf66Q91Jyef27VFMBYeYJkX.6aJFcXig7SQtsoixvsdoS0aIOu', '2022-06-11 23:46:53', '2022-06-11 23:46:53', '2022-06-12 11:31:43');
INSERT INTO `system_session` (`id`, `user_id`, `key`, `password_hash`, `created_at`, `updated_at`, `deleted_at`) VALUES ('3c82c1d1-c620-4443-ae42-8bd115eb4bd2', '1', '186ab3d6-a458-41ce-8442-0d37f2ef2179', '$2a$10$fEfkf66Q91Jyef27VFMBYeYJkX.6aJFcXig7SQtsoixvsdoS0aIOu', '2022-08-22 14:40:57', '2022-08-22 14:40:57', '2022-08-22 14:41:13');
INSERT INTO `system_session` (`id`, `user_id`, `key`, `password_hash`, `created_at`, `updated_at`, `deleted_at`) VALUES ('3dd10780-767b-4871-83b1-8f90320bfce7', '1', '292577a8-77ca-4f62-8945-dfad2eebacdd', '$2a$10$fEfkf66Q91Jyef27VFMBYeYJkX.6aJFcXig7SQtsoixvsdoS0aIOu', '2022-08-22 14:40:39', '2022-08-22 14:40:39', '2022-08-22 14:40:48');
INSERT INTO `system_session` (`id`, `user_id`, `key`, `password_hash`, `created_at`, `updated_at`, `deleted_at`) VALUES ('3dd4c72d-a4ee-4472-8f6a-9b5a299449a8', '1', 'a0c15449-46ff-4662-9b84-0c4de55673a7', '$2a$10$fEfkf66Q91Jyef27VFMBYeYJkX.6aJFcXig7SQtsoixvsdoS0aIOu', '2022-06-05 17:37:05', '2022-06-05 17:37:05', '2022-06-05 21:35:31');
INSERT INTO `system_session` (`id`, `user_id`, `key`, `password_hash`, `created_at`, `updated_at`, `deleted_at`) VALUES ('3e5f1fb3-4e5c-4b0e-9639-d7e64d811a43', '1', '02d4cddc-e021-4807-b02d-f600fea62772', '$2a$10$fEfkf66Q91Jyef27VFMBYeYJkX.6aJFcXig7SQtsoixvsdoS0aIOu', '2022-12-01 13:40:39', '2022-12-01 13:40:39', '2022-12-01 18:10:38');
INSERT INTO `system_session` (`id`, `user_id`, `key`, `password_hash`, `created_at`, `updated_at`, `deleted_at`) VALUES ('3f3e205b-baeb-4986-8b81-7fdd63f29d46', '1', '0a3735c3-7643-44cc-8c40-f32139d78337', '$2a$10$fEfkf66Q91Jyef27VFMBYeYJkX.6aJFcXig7SQtsoixvsdoS0aIOu', '2022-06-23 16:40:18', '2022-06-23 16:40:18', '2022-06-23 22:15:07');
INSERT INTO `system_session` (`id`, `user_id`, `key`, `password_hash`, `created_at`, `updated_at`, `deleted_at`) VALUES ('3fd91391-1dcc-4179-84cf-d2574d917141', '1', '53f7a2a2-55a4-4153-bd94-b5a5da5ac10d', '$2a$10$fEfkf66Q91Jyef27VFMBYeYJkX.6aJFcXig7SQtsoixvsdoS0aIOu', '2022-08-22 16:54:39', '2022-08-22 16:54:39', '2022-08-23 16:27:57');
INSERT INTO `system_session` (`id`, `user_id`, `key`, `password_hash`, `created_at`, `updated_at`, `deleted_at`) VALUES ('401a6ce7-bc07-430b-90c7-d2dcf352e594', '1', '9289a699-9f78-4ae7-bda0-2a10a189971f', '$2a$10$fEfkf66Q91Jyef27VFMBYeYJkX.6aJFcXig7SQtsoixvsdoS0aIOu', '2022-11-11 11:31:33', '2022-11-11 11:31:33', '2022-11-11 11:32:43');
INSERT INTO `system_session` (`id`, `user_id`, `key`, `password_hash`, `created_at`, `updated_at`, `deleted_at`) VALUES ('42068078-f2d0-4828-a77d-f7a3e22507dc', '1', '57bea7d3-db9b-4ecd-82fa-e8b62a1a4faa', '$2a$10$fEfkf66Q91Jyef27VFMBYeYJkX.6aJFcXig7SQtsoixvsdoS0aIOu', '2022-06-23 09:35:21', '2022-06-23 09:52:00', '2022-06-23 09:52:00');
INSERT INTO `system_session` (`id`, `user_id`, `key`, `password_hash`, `created_at`, `updated_at`, `deleted_at`) VALUES ('428cb9c9-d6dd-4bbd-8123-40914a7d2915', '1', '73b931ad-6609-449a-9c5b-aee174f68345', '$2a$10$fEfkf66Q91Jyef27VFMBYeYJkX.6aJFcXig7SQtsoixvsdoS0aIOu', '2022-06-30 11:15:28', '2022-06-30 11:15:28', '2022-06-30 17:56:16');
INSERT INTO `system_session` (`id`, `user_id`, `key`, `password_hash`, `created_at`, `updated_at`, `deleted_at`) VALUES ('44604d04-9c69-4858-a755-75ecb68fcde2', '1', '9a456ec0-4c32-4ee9-b2a7-cb3353534dab', '$2a$10$fEfkf66Q91Jyef27VFMBYeYJkX.6aJFcXig7SQtsoixvsdoS0aIOu', '2022-06-04 21:46:29', '2022-06-04 21:46:29', '2022-06-04 21:47:04');
INSERT INTO `system_session` (`id`, `user_id`, `key`, `password_hash`, `created_at`, `updated_at`, `deleted_at`) VALUES ('449b3195-81d9-4072-bec2-43bc4ce554f7', '1', '7063b607-c923-4aa8-8c6e-549c598a11a3', '$2a$10$fEfkf66Q91Jyef27VFMBYeYJkX.6aJFcXig7SQtsoixvsdoS0aIOu', '2022-08-16 22:32:51', '2022-08-16 22:32:51', '2022-08-18 18:57:02');
INSERT INTO `system_session` (`id`, `user_id`, `key`, `password_hash`, `created_at`, `updated_at`, `deleted_at`) VALUES ('44e96a24-838d-4df5-91fd-fe4e0edda594', '1', '7aa0e719-4405-49ce-aaa4-b363c31442c0', '$2a$10$fEfkf66Q91Jyef27VFMBYeYJkX.6aJFcXig7SQtsoixvsdoS0aIOu', '2022-08-19 22:46:42', '2022-08-19 22:46:42', '2022-08-19 22:52:30');
INSERT INTO `system_session` (`id`, `user_id`, `key`, `password_hash`, `created_at`, `updated_at`, `deleted_at`) VALUES ('45fd293e-ba5c-4acf-aa2d-6c086ccd6dbf', '1', '76190105-0d06-4468-8729-7c9a187c854e', '$2a$10$fEfkf66Q91Jyef27VFMBYeYJkX.6aJFcXig7SQtsoixvsdoS0aIOu', '2022-05-13 15:45:39', '2022-05-13 15:45:54', '2022-05-13 15:45:54');
INSERT INTO `system_session` (`id`, `user_id`, `key`, `password_hash`, `created_at`, `updated_at`, `deleted_at`) VALUES ('46f2ee89-fd57-42b8-a550-930b93aec956', '1', 'b741c948-fb0c-4fb7-84c3-bf6f91ba351b', '$2a$10$fEfkf66Q91Jyef27VFMBYeYJkX.6aJFcXig7SQtsoixvsdoS0aIOu', '2022-08-22 14:41:48', '2022-08-22 14:41:48', '2022-08-22 14:42:12');
INSERT INTO `system_session` (`id`, `user_id`, `key`, `password_hash`, `created_at`, `updated_at`, `deleted_at`) VALUES ('4714dca4-c24c-4d96-9628-2ecc3d7f9da9', '1', '1b3e735c-b69c-4832-95d6-57656f09ffa2', '$2a$10$fEfkf66Q91Jyef27VFMBYeYJkX.6aJFcXig7SQtsoixvsdoS0aIOu', '2022-10-11 09:45:23', '2022-10-11 09:45:23', '2022-10-11 10:52:48');
INSERT INTO `system_session` (`id`, `user_id`, `key`, `password_hash`, `created_at`, `updated_at`, `deleted_at`) VALUES ('475dc418-a2ed-4aba-a065-af585176915e', '1', '023694b5-3fba-4419-a63d-d5034f9c543b', '$2a$10$fEfkf66Q91Jyef27VFMBYeYJkX.6aJFcXig7SQtsoixvsdoS0aIOu', '2022-12-12 16:32:14', '2022-12-12 16:32:14', '2022-12-13 23:00:50');
INSERT INTO `system_session` (`id`, `user_id`, `key`, `password_hash`, `created_at`, `updated_at`, `deleted_at`) VALUES ('4771721e-b176-4528-b2aa-eccf389fff38', '1', 'cf878f1b-fd3c-45a3-acfc-b1d0ea2c597f', '$2a$10$fEfkf66Q91Jyef27VFMBYeYJkX.6aJFcXig7SQtsoixvsdoS0aIOu', '2022-05-12 14:51:28', '2022-05-12 14:51:28', '2022-05-12 14:54:22');
INSERT INTO `system_session` (`id`, `user_id`, `key`, `password_hash`, `created_at`, `updated_at`, `deleted_at`) VALUES ('47f4a981-dbc7-49ad-8011-b11708ae1991', '1', '80004be6-794d-45a6-b4b2-c7450f4a307b', '$2a$10$fEfkf66Q91Jyef27VFMBYeYJkX.6aJFcXig7SQtsoixvsdoS0aIOu', '2022-05-10 17:29:15', '2022-05-10 17:29:15', '2022-05-10 21:37:14');
INSERT INTO `system_session` (`id`, `user_id`, `key`, `password_hash`, `created_at`, `updated_at`, `deleted_at`) VALUES ('487f4504-2e56-4a7c-97f1-b35c18484556', '1', 'ffb88b90-4511-43ae-b0e3-bca1c555b7b3', '$2a$10$fEfkf66Q91Jyef27VFMBYeYJkX.6aJFcXig7SQtsoixvsdoS0aIOu', '2022-05-06 20:16:55', '2022-05-06 20:16:55', '2022-05-06 20:22:00');
INSERT INTO `system_session` (`id`, `user_id`, `key`, `password_hash`, `created_at`, `updated_at`, `deleted_at`) VALUES ('49bc6b31-00d2-4939-8c5e-0167ef7c6c26', '1', '08fa2d8e-cf29-45f8-a918-113e3ad4c500', '$2a$10$fEfkf66Q91Jyef27VFMBYeYJkX.6aJFcXig7SQtsoixvsdoS0aIOu', '2022-07-16 09:50:04', '2022-07-16 09:50:04', '2022-07-17 18:09:56');
INSERT INTO `system_session` (`id`, `user_id`, `key`, `password_hash`, `created_at`, `updated_at`, `deleted_at`) VALUES ('4b0bd56f-e06f-41de-a798-62fe693963b4', '1', 'c98c0361-f1fe-4baa-95b4-c44440d26873', '$2a$10$fEfkf66Q91Jyef27VFMBYeYJkX.6aJFcXig7SQtsoixvsdoS0aIOu', '2022-06-17 16:06:50', '2022-06-17 16:07:31', '2022-06-17 16:07:31');
INSERT INTO `system_session` (`id`, `user_id`, `key`, `password_hash`, `created_at`, `updated_at`, `deleted_at`) VALUES ('4b1dbfcd-1393-47c0-9425-6eca349f411f', '1', '766b325a-939e-40e2-b864-28127175fc96', '$2a$10$fEfkf66Q91Jyef27VFMBYeYJkX.6aJFcXig7SQtsoixvsdoS0aIOu', '2022-06-22 07:41:20', '2022-06-22 07:41:20', '2022-06-22 08:11:52');
INSERT INTO `system_session` (`id`, `user_id`, `key`, `password_hash`, `created_at`, `updated_at`, `deleted_at`) VALUES ('4b6e4ce3-b37a-409f-9722-6739981c69dd', '1', 'f556e111-2237-4dc0-9856-520b97b38b20', '$2a$10$fEfkf66Q91Jyef27VFMBYeYJkX.6aJFcXig7SQtsoixvsdoS0aIOu', '2022-08-05 21:29:51', '2022-08-05 21:29:51', '2022-08-07 21:42:13');
INSERT INTO `system_session` (`id`, `user_id`, `key`, `password_hash`, `created_at`, `updated_at`, `deleted_at`) VALUES ('4d32c7ba-c3fe-4878-9d9d-44725d9b5d08', '1', '1648a945-63b6-42ee-be6f-e41007fc5da9', '$2a$10$fEfkf66Q91Jyef27VFMBYeYJkX.6aJFcXig7SQtsoixvsdoS0aIOu', '2022-05-11 15:47:06', '2022-05-11 15:47:06', '2022-05-11 17:14:08');
INSERT INTO `system_session` (`id`, `user_id`, `key`, `password_hash`, `created_at`, `updated_at`, `deleted_at`) VALUES ('4d5934e4-10e7-48ed-afc8-5d0019be93af', '1', '247988d2-4f10-47bb-af11-e2213ea44810', '$2a$10$fEfkf66Q91Jyef27VFMBYeYJkX.6aJFcXig7SQtsoixvsdoS0aIOu', '2022-05-13 15:13:00', '2022-05-13 15:13:00', '2022-05-13 15:20:04');
INSERT INTO `system_session` (`id`, `user_id`, `key`, `password_hash`, `created_at`, `updated_at`, `deleted_at`) VALUES ('4d5fbc05-df44-4561-afdd-c35adcbf518c', '1', '765428f0-06b4-47c8-86a5-a97b1f389b0d', '$2a$10$fEfkf66Q91Jyef27VFMBYeYJkX.6aJFcXig7SQtsoixvsdoS0aIOu', '2022-06-19 19:45:54', '2022-06-19 19:45:54', '2022-06-20 08:08:34');
INSERT INTO `system_session` (`id`, `user_id`, `key`, `password_hash`, `created_at`, `updated_at`, `deleted_at`) VALUES ('4dd62ce2-860c-4a46-947e-a0a162720db4', '1', 'fa1b20b2-5b2b-4935-8998-e28488b16abc', '$2a$10$fEfkf66Q91Jyef27VFMBYeYJkX.6aJFcXig7SQtsoixvsdoS0aIOu', '2022-05-13 17:06:47', '2022-05-13 17:06:47', '2022-05-14 10:42:54');
INSERT INTO `system_session` (`id`, `user_id`, `key`, `password_hash`, `created_at`, `updated_at`, `deleted_at`) VALUES ('4e2d7c4a-80fc-41d0-aaa4-bcf1355be66a', '1', 'a01bebd8-e9ef-40df-87a7-64aefe472317', '$2a$10$fEfkf66Q91Jyef27VFMBYeYJkX.6aJFcXig7SQtsoixvsdoS0aIOu', '2022-06-22 11:19:25', '2022-06-22 11:19:25', '2022-06-22 11:56:46');
INSERT INTO `system_session` (`id`, `user_id`, `key`, `password_hash`, `created_at`, `updated_at`, `deleted_at`) VALUES ('4e672a05-0e74-4633-af06-0d6884ff75be', '1', '6b3e9bec-0549-4755-9405-d49cea3a2782', '$2a$10$fEfkf66Q91Jyef27VFMBYeYJkX.6aJFcXig7SQtsoixvsdoS0aIOu', '2022-05-05 23:06:04', '2022-05-05 23:06:04', '2022-05-06 11:52:32');
INSERT INTO `system_session` (`id`, `user_id`, `key`, `password_hash`, `created_at`, `updated_at`, `deleted_at`) VALUES ('4ef474bd-6df2-49d3-b496-6cb89b0de979', '1', '011c8d89-2bf2-402c-b782-b085484ee003', '$2a$10$fEfkf66Q91Jyef27VFMBYeYJkX.6aJFcXig7SQtsoixvsdoS0aIOu', '2022-08-15 16:23:59', '2022-08-15 16:23:59', '2022-08-15 16:36:31');
INSERT INTO `system_session` (`id`, `user_id`, `key`, `password_hash`, `created_at`, `updated_at`, `deleted_at`) VALUES ('4f052678-d1a8-42f3-b755-2e55d0802501', '1', '868e6131-b0d3-4c4e-908b-2172a5196764', '$2a$10$fEfkf66Q91Jyef27VFMBYeYJkX.6aJFcXig7SQtsoixvsdoS0aIOu', '2022-05-17 11:15:10', '2022-05-17 11:15:10', '2022-05-17 15:41:08');
INSERT INTO `system_session` (`id`, `user_id`, `key`, `password_hash`, `created_at`, `updated_at`, `deleted_at`) VALUES ('4fa815fc-6c5f-4fb6-9203-ec5526de5a02', '1', 'bad3b80e-e22f-4956-8b85-ed681dba7bad', '$2a$10$fEfkf66Q91Jyef27VFMBYeYJkX.6aJFcXig7SQtsoixvsdoS0aIOu', '2022-06-11 03:21:56', '2022-06-11 03:21:56', '2022-06-11 23:46:53');
INSERT INTO `system_session` (`id`, `user_id`, `key`, `password_hash`, `created_at`, `updated_at`, `deleted_at`) VALUES ('501e7db3-3393-4643-9efe-1e79e1b63786', '1', 'f1747254-cb96-4f4b-a1cf-984e22b67017', '$2a$10$fEfkf66Q91Jyef27VFMBYeYJkX.6aJFcXig7SQtsoixvsdoS0aIOu', '2022-08-10 12:50:26', '2022-08-10 12:50:26', '2022-08-10 13:05:43');
INSERT INTO `system_session` (`id`, `user_id`, `key`, `password_hash`, `created_at`, `updated_at`, `deleted_at`) VALUES ('51c246cf-9639-4279-b77c-3c95d7450794', '1', '8d4541a6-798f-4df2-9446-240296ec6de0', '$2a$10$fEfkf66Q91Jyef27VFMBYeYJkX.6aJFcXig7SQtsoixvsdoS0aIOu', '2022-05-15 11:47:26', '2022-05-15 11:47:26', '2022-05-15 17:21:58');
INSERT INTO `system_session` (`id`, `user_id`, `key`, `password_hash`, `created_at`, `updated_at`, `deleted_at`) VALUES ('525388a2-2508-4cd7-b19b-6fac7ff57e0c', '1', 'c9e0768e-7bb1-4ca9-bf44-11f97330531e', '$2a$10$fEfkf66Q91Jyef27VFMBYeYJkX.6aJFcXig7SQtsoixvsdoS0aIOu', '2022-08-07 21:42:13', '2022-08-07 21:42:13', '2022-08-08 11:40:03');
INSERT INTO `system_session` (`id`, `user_id`, `key`, `password_hash`, `created_at`, `updated_at`, `deleted_at`) VALUES ('548ac997-13ad-458c-ab87-815d6eff5258', '1', '9c60bf31-dd24-47cd-819b-63907e3c665f', '$2a$10$fEfkf66Q91Jyef27VFMBYeYJkX.6aJFcXig7SQtsoixvsdoS0aIOu', '2022-06-24 15:40:30', '2022-06-24 15:42:57', '2022-06-24 15:42:57');
INSERT INTO `system_session` (`id`, `user_id`, `key`, `password_hash`, `created_at`, `updated_at`, `deleted_at`) VALUES ('54d44f3b-639a-46c1-981b-66ae4154d0c2', '1', '28b887f6-da49-4c7d-b72d-1e862a182119', '$2a$10$fEfkf66Q91Jyef27VFMBYeYJkX.6aJFcXig7SQtsoixvsdoS0aIOu', '2022-05-06 20:22:00', '2022-05-06 20:22:00', '2022-05-07 09:38:11');
INSERT INTO `system_session` (`id`, `user_id`, `key`, `password_hash`, `created_at`, `updated_at`, `deleted_at`) VALUES ('556f7156-986a-49e7-ac0a-284423caf5dd', '1', '7b75929e-67a7-43b2-9244-f0ab05e57a17', '$2a$10$fEfkf66Q91Jyef27VFMBYeYJkX.6aJFcXig7SQtsoixvsdoS0aIOu', '2022-06-04 21:47:04', '2022-06-04 21:48:40', '2022-06-04 21:48:40');
INSERT INTO `system_session` (`id`, `user_id`, `key`, `password_hash`, `created_at`, `updated_at`, `deleted_at`) VALUES ('55bc4c21-e259-4461-b058-aef7de471a6b', '1', 'b10ef430-bbce-4ad5-9248-2d9dc2d84e36', '$2a$10$fEfkf66Q91Jyef27VFMBYeYJkX.6aJFcXig7SQtsoixvsdoS0aIOu', '2022-08-22 10:07:13', '2022-08-22 10:07:13', '2022-08-22 11:28:32');
INSERT INTO `system_session` (`id`, `user_id`, `key`, `password_hash`, `created_at`, `updated_at`, `deleted_at`) VALUES ('56906f0b-70e4-4339-b68a-649f5c5c7ded', '1', '1edcf5e0-cfc5-4268-aeeb-0563ef5dfe32', '$2a$10$fEfkf66Q91Jyef27VFMBYeYJkX.6aJFcXig7SQtsoixvsdoS0aIOu', '2022-07-27 15:00:36', '2022-07-27 15:00:36', '2022-08-02 20:36:47');
INSERT INTO `system_session` (`id`, `user_id`, `key`, `password_hash`, `created_at`, `updated_at`, `deleted_at`) VALUES ('56917a5c-0960-4b83-b5c6-933278a85093', '1', '917a37f2-2c48-4e1f-93e7-9493268b8ccb', '$2a$10$fEfkf66Q91Jyef27VFMBYeYJkX.6aJFcXig7SQtsoixvsdoS0aIOu', '2022-06-20 08:08:34', '2022-06-20 08:08:34', '2022-06-20 15:50:54');
INSERT INTO `system_session` (`id`, `user_id`, `key`, `password_hash`, `created_at`, `updated_at`, `deleted_at`) VALUES ('56bcb198-89cb-4f1f-b360-a3fef043ce02', '1', '28ee215e-13f6-46e2-b908-bc79f4bc7217', '$2a$10$fEfkf66Q91Jyef27VFMBYeYJkX.6aJFcXig7SQtsoixvsdoS0aIOu', '2022-06-28 14:43:46', '2022-06-28 14:43:46', '2022-06-28 17:34:33');
INSERT INTO `system_session` (`id`, `user_id`, `key`, `password_hash`, `created_at`, `updated_at`, `deleted_at`) VALUES ('57a69b4c-ede1-429a-aed8-8eafcaada2d6', '1', 'd2e65daa-52ec-4b8f-aaa4-98323b5a8b62', '$2a$10$fEfkf66Q91Jyef27VFMBYeYJkX.6aJFcXig7SQtsoixvsdoS0aIOu', '2022-06-16 21:15:00', '2022-06-16 21:15:00', '2022-06-16 21:15:54');
INSERT INTO `system_session` (`id`, `user_id`, `key`, `password_hash`, `created_at`, `updated_at`, `deleted_at`) VALUES ('57bd87f3-1cdb-4539-9e89-15d90ece0b81', '1', '37cbb0ca-ef0f-4a32-81f0-2f02e1366eea', '$2a$10$fEfkf66Q91Jyef27VFMBYeYJkX.6aJFcXig7SQtsoixvsdoS0aIOu', '2022-05-13 15:51:30', '2022-05-13 15:51:30', '2022-05-13 15:51:50');
INSERT INTO `system_session` (`id`, `user_id`, `key`, `password_hash`, `created_at`, `updated_at`, `deleted_at`) VALUES ('5846b512-90cb-4719-8bd6-949de11aae5b', '1', '3421810d-0d35-487e-9e2b-cd24e3ff9206', '$2a$10$fEfkf66Q91Jyef27VFMBYeYJkX.6aJFcXig7SQtsoixvsdoS0aIOu', '2022-05-13 15:22:33', '2022-05-13 15:22:33', '2022-05-13 15:23:49');
INSERT INTO `system_session` (`id`, `user_id`, `key`, `password_hash`, `created_at`, `updated_at`, `deleted_at`) VALUES ('58d6391c-1e13-467c-895c-d28ef46e1131', '1', '53a4e6ed-16d5-468a-9bea-546cb95c2779', '$2a$10$fEfkf66Q91Jyef27VFMBYeYJkX.6aJFcXig7SQtsoixvsdoS0aIOu', '2022-06-22 08:11:52', '2022-06-22 08:11:52', '2022-06-22 11:19:25');
INSERT INTO `system_session` (`id`, `user_id`, `key`, `password_hash`, `created_at`, `updated_at`, `deleted_at`) VALUES ('5a7fd9d7-ae1c-46c1-a7f2-71ffcdc7826f', '1', '350967bc-71f5-4b26-8d82-cba043eec5d6', '$2a$10$fEfkf66Q91Jyef27VFMBYeYJkX.6aJFcXig7SQtsoixvsdoS0aIOu', '2022-05-13 15:29:09', '2022-05-13 15:29:19', '2022-05-13 15:29:19');
INSERT INTO `system_session` (`id`, `user_id`, `key`, `password_hash`, `created_at`, `updated_at`, `deleted_at`) VALUES ('5af42329-cb61-405c-804c-3b326f42cd8a', '1', 'efa63dee-0d72-4ff1-80fd-794f640fe106', '$2a$10$fEfkf66Q91Jyef27VFMBYeYJkX.6aJFcXig7SQtsoixvsdoS0aIOu', '2022-11-11 11:41:51', '2022-11-11 11:41:51', '2022-11-11 11:42:57');
INSERT INTO `system_session` (`id`, `user_id`, `key`, `password_hash`, `created_at`, `updated_at`, `deleted_at`) VALUES ('5b741b1e-b270-41d7-adfd-eace64215fc2', '1', '40e68a06-6257-4616-926c-56e899527179', '$2a$10$fEfkf66Q91Jyef27VFMBYeYJkX.6aJFcXig7SQtsoixvsdoS0aIOu', '2022-12-02 21:00:27', '2022-12-02 21:00:27', '2022-12-06 14:47:45');
INSERT INTO `system_session` (`id`, `user_id`, `key`, `password_hash`, `created_at`, `updated_at`, `deleted_at`) VALUES ('5b90f6af-7a99-47ac-9656-3de871056674', '1', '7447db8e-a213-46b3-896d-e35b7c3f8a98', '$2a$10$fEfkf66Q91Jyef27VFMBYeYJkX.6aJFcXig7SQtsoixvsdoS0aIOu', '2022-05-27 16:07:12', '2022-05-27 16:07:12', '2022-05-28 01:55:21');
INSERT INTO `system_session` (`id`, `user_id`, `key`, `password_hash`, `created_at`, `updated_at`, `deleted_at`) VALUES ('5bac733c-9130-4c27-a5a8-b6e866da856a', '1', '72dad682-d48e-44b0-b3d1-e33b4da914e4', '$2a$10$fEfkf66Q91Jyef27VFMBYeYJkX.6aJFcXig7SQtsoixvsdoS0aIOu', '2022-12-11 14:43:30', '2022-12-11 14:43:30', '2022-12-12 11:07:18');
INSERT INTO `system_session` (`id`, `user_id`, `key`, `password_hash`, `created_at`, `updated_at`, `deleted_at`) VALUES ('5c06e589-e19e-40ad-a728-dd90aecf874f', '1', '86e8fb11-dae8-492f-ae49-e89a0a9787b9', '$2a$10$fEfkf66Q91Jyef27VFMBYeYJkX.6aJFcXig7SQtsoixvsdoS0aIOu', '2022-05-18 08:06:44', '2022-05-18 08:06:44', '2022-05-18 09:20:54');
INSERT INTO `system_session` (`id`, `user_id`, `key`, `password_hash`, `created_at`, `updated_at`, `deleted_at`) VALUES ('5c1345cc-e4fa-4af8-839a-f2fe2096bcdf', '1', 'b5c5693a-a0cc-4b28-88d9-e2d17b137a02', '$2a$10$fEfkf66Q91Jyef27VFMBYeYJkX.6aJFcXig7SQtsoixvsdoS0aIOu', '2022-06-03 20:55:11', '2022-06-03 20:55:11', '2022-06-03 22:41:19');
INSERT INTO `system_session` (`id`, `user_id`, `key`, `password_hash`, `created_at`, `updated_at`, `deleted_at`) VALUES ('5d4d02ec-8a48-4778-9c45-aae9ea2535a7', '1', '954db2c8-6911-43f4-bb98-c59c4ef9f449', '$2a$10$fEfkf66Q91Jyef27VFMBYeYJkX.6aJFcXig7SQtsoixvsdoS0aIOu', '2022-05-25 11:58:45', '2022-05-25 12:01:31', '2022-05-25 12:01:31');
INSERT INTO `system_session` (`id`, `user_id`, `key`, `password_hash`, `created_at`, `updated_at`, `deleted_at`) VALUES ('5db96d2b-6f66-41d0-814c-a149df9635c6', '1', '53af3cd5-c60d-4635-8c0e-6f5319db2acf', '$2a$10$fEfkf66Q91Jyef27VFMBYeYJkX.6aJFcXig7SQtsoixvsdoS0aIOu', '2022-06-07 14:36:44', '2022-06-07 14:36:44', '2022-06-07 22:36:32');
INSERT INTO `system_session` (`id`, `user_id`, `key`, `password_hash`, `created_at`, `updated_at`, `deleted_at`) VALUES ('5edd49bb-3530-49f4-ad53-b7b296a1b29f', '1', '390e1da2-3524-4310-9110-23e6c6e21cfd', '$2a$10$fEfkf66Q91Jyef27VFMBYeYJkX.6aJFcXig7SQtsoixvsdoS0aIOu', '2022-12-06 21:36:30', '2022-12-06 21:36:30', '2022-12-07 18:20:05');
INSERT INTO `system_session` (`id`, `user_id`, `key`, `password_hash`, `created_at`, `updated_at`, `deleted_at`) VALUES ('5f51be22-8ed8-4684-a3da-f86a3dd253aa', '1', '95ff3320-f8a1-415c-92c2-9171a5a83315', '$2a$10$fEfkf66Q91Jyef27VFMBYeYJkX.6aJFcXig7SQtsoixvsdoS0aIOu', '2022-05-17 09:35:10', '2022-05-17 09:35:10', '2022-05-17 10:24:57');
INSERT INTO `system_session` (`id`, `user_id`, `key`, `password_hash`, `created_at`, `updated_at`, `deleted_at`) VALUES ('5f936aec-4dfe-48f6-a5ae-81c8f6bb7479', '1', 'ac1aca24-4444-40ee-a177-bee46969be4c', '$2a$10$fEfkf66Q91Jyef27VFMBYeYJkX.6aJFcXig7SQtsoixvsdoS0aIOu', '2022-09-27 09:18:43', '2022-09-27 09:18:43', '2022-10-11 09:45:23');
INSERT INTO `system_session` (`id`, `user_id`, `key`, `password_hash`, `created_at`, `updated_at`, `deleted_at`) VALUES ('6056ed12-31fa-4589-aba7-2daa4142d544', '1', 'e3ead687-274c-4dea-933d-ff4e5da4e8f7', '$2a$10$fEfkf66Q91Jyef27VFMBYeYJkX.6aJFcXig7SQtsoixvsdoS0aIOu', '2022-08-22 15:04:25', '2022-08-22 15:04:25', '2022-08-22 15:22:47');
INSERT INTO `system_session` (`id`, `user_id`, `key`, `password_hash`, `created_at`, `updated_at`, `deleted_at`) VALUES ('60b2e2d9-fde1-4de4-8e8f-c5b5e54f2db8', '1', '199d6483-2736-41de-bf09-7be7ef22b4be', '$2a$10$fEfkf66Q91Jyef27VFMBYeYJkX.6aJFcXig7SQtsoixvsdoS0aIOu', '2022-06-04 20:44:50', '2022-06-04 20:50:34', '2022-06-04 20:50:34');
INSERT INTO `system_session` (`id`, `user_id`, `key`, `password_hash`, `created_at`, `updated_at`, `deleted_at`) VALUES ('6198d4b6-58fb-4b0b-97d7-04908e8d2650', '1', 'a74ff28c-8ff7-4427-871d-33fb3f46462b', '$2a$10$fEfkf66Q91Jyef27VFMBYeYJkX.6aJFcXig7SQtsoixvsdoS0aIOu', '2022-08-22 15:54:41', '2022-08-22 15:54:41', '2022-08-22 16:53:18');
INSERT INTO `system_session` (`id`, `user_id`, `key`, `password_hash`, `created_at`, `updated_at`, `deleted_at`) VALUES ('62a23e81-bb63-47a6-8953-6b02f411c845', '1', '9481223a-01b1-473c-87e2-9bb3db722102', '$2a$10$fEfkf66Q91Jyef27VFMBYeYJkX.6aJFcXig7SQtsoixvsdoS0aIOu', '2022-05-10 09:36:25', '2022-05-10 09:36:25', '2022-05-10 09:46:58');
INSERT INTO `system_session` (`id`, `user_id`, `key`, `password_hash`, `created_at`, `updated_at`, `deleted_at`) VALUES ('63de4c1c-4108-4af1-8946-f7f0587acab7', '1', '772a9a08-ead2-4815-ae17-4a6ac78af952', '$2a$10$fEfkf66Q91Jyef27VFMBYeYJkX.6aJFcXig7SQtsoixvsdoS0aIOu', '2022-07-01 09:23:42', '2022-07-01 09:23:42', '2022-07-01 21:51:52');
INSERT INTO `system_session` (`id`, `user_id`, `key`, `password_hash`, `created_at`, `updated_at`, `deleted_at`) VALUES ('63e4342b-c2e7-4ddb-992e-a05fd673fee7', '1', '43409e8b-d400-4d8a-9d5f-8a7bf9ea0879', '$2a$10$fEfkf66Q91Jyef27VFMBYeYJkX.6aJFcXig7SQtsoixvsdoS0aIOu', '2022-07-25 09:07:33', '2022-07-25 09:07:33', '2022-07-26 16:18:05');
INSERT INTO `system_session` (`id`, `user_id`, `key`, `password_hash`, `created_at`, `updated_at`, `deleted_at`) VALUES ('647183f0-3275-43a9-8763-d2aaf860e669', '1', '959d7985-2d20-496c-ae82-c2f08122d60a', '$2a$10$fEfkf66Q91Jyef27VFMBYeYJkX.6aJFcXig7SQtsoixvsdoS0aIOu', '2022-05-17 16:29:44', '2022-05-17 16:29:44', '2022-05-17 23:22:30');
INSERT INTO `system_session` (`id`, `user_id`, `key`, `password_hash`, `created_at`, `updated_at`, `deleted_at`) VALUES ('64cc2e3b-c3f8-4792-bb04-c7cbe229f5d9', '1', 'd3a5627c-a24e-4ef1-b6ac-e8a0057f81a6', '$2a$10$fEfkf66Q91Jyef27VFMBYeYJkX.6aJFcXig7SQtsoixvsdoS0aIOu', '2022-08-15 16:36:31', '2022-08-15 16:36:31', '2022-08-15 17:02:54');
INSERT INTO `system_session` (`id`, `user_id`, `key`, `password_hash`, `created_at`, `updated_at`, `deleted_at`) VALUES ('64cf236d-d4f6-4f81-983d-10d3c2ecf1a2', '1', 'b88a1eb4-72c6-40a5-8379-78a2d6161ddd', '$2a$10$fEfkf66Q91Jyef27VFMBYeYJkX.6aJFcXig7SQtsoixvsdoS0aIOu', '2022-05-12 15:36:09', '2022-05-12 15:52:23', '2022-05-12 15:52:23');
INSERT INTO `system_session` (`id`, `user_id`, `key`, `password_hash`, `created_at`, `updated_at`, `deleted_at`) VALUES ('656993dd-81e8-4a40-8487-478808269db2', '1', '044eac92-2fb0-4482-b778-2bea4c701638', '$2a$10$fEfkf66Q91Jyef27VFMBYeYJkX.6aJFcXig7SQtsoixvsdoS0aIOu', '2022-07-11 11:51:30', '2022-07-11 11:51:30', '2022-07-11 12:30:41');
INSERT INTO `system_session` (`id`, `user_id`, `key`, `password_hash`, `created_at`, `updated_at`, `deleted_at`) VALUES ('65b60d28-f044-4b77-82b0-42e46e256703', '1', 'd465a3da-b104-4a92-a4d7-a69489755399', '$2a$10$fEfkf66Q91Jyef27VFMBYeYJkX.6aJFcXig7SQtsoixvsdoS0aIOu', '2022-05-25 15:03:19', '2022-05-25 15:03:19', '2022-05-25 17:37:31');
INSERT INTO `system_session` (`id`, `user_id`, `key`, `password_hash`, `created_at`, `updated_at`, `deleted_at`) VALUES ('662e5ac4-8275-43d8-bfdd-80ca178573b4', '1', '4788fb1f-698e-407f-aa73-65453019539e', '$2a$10$fEfkf66Q91Jyef27VFMBYeYJkX.6aJFcXig7SQtsoixvsdoS0aIOu', '2022-05-25 10:45:48', '2022-05-25 10:45:48', '2022-05-25 11:58:45');
INSERT INTO `system_session` (`id`, `user_id`, `key`, `password_hash`, `created_at`, `updated_at`, `deleted_at`) VALUES ('673c23f2-a9df-4420-8690-49e0330d0760', '1', 'f8765ed5-27ef-4adc-81a2-0e3bdd899c71', '$2a$10$fEfkf66Q91Jyef27VFMBYeYJkX.6aJFcXig7SQtsoixvsdoS0aIOu', '2022-08-22 11:43:13', '2022-08-22 11:43:13', '2022-08-22 11:52:01');
INSERT INTO `system_session` (`id`, `user_id`, `key`, `password_hash`, `created_at`, `updated_at`, `deleted_at`) VALUES ('67937a0a-e2d4-4ff2-9a23-fd9291cc4386', '1', '8a1752d0-b3f4-4ff1-9872-ee34129c4cc1', '$2a$10$fEfkf66Q91Jyef27VFMBYeYJkX.6aJFcXig7SQtsoixvsdoS0aIOu', '2022-05-18 09:20:54', '2022-05-18 09:20:54', '2022-05-18 10:24:54');
INSERT INTO `system_session` (`id`, `user_id`, `key`, `password_hash`, `created_at`, `updated_at`, `deleted_at`) VALUES ('693d1321-f875-427d-a9e3-2459647a8640', '1', '93dd9889-200d-4016-a928-3ee25554e4ad', '$2a$10$fEfkf66Q91Jyef27VFMBYeYJkX.6aJFcXig7SQtsoixvsdoS0aIOu', '2022-06-30 09:22:53', '2022-06-30 09:22:53', '2022-06-30 11:15:28');
INSERT INTO `system_session` (`id`, `user_id`, `key`, `password_hash`, `created_at`, `updated_at`, `deleted_at`) VALUES ('69557003-2452-4473-8149-b0668abe8389', '1', '5cc80f79-8e18-45cd-a04e-df22abb9debf', '$2a$10$fEfkf66Q91Jyef27VFMBYeYJkX.6aJFcXig7SQtsoixvsdoS0aIOu', '2022-08-13 18:41:08', '2022-08-13 18:41:08', '2022-08-13 20:38:13');
INSERT INTO `system_session` (`id`, `user_id`, `key`, `password_hash`, `created_at`, `updated_at`, `deleted_at`) VALUES ('696a0f47-8305-4668-8105-ae6d517882a1', '1', '2ef6df7f-b3e1-4728-9ff1-dfeb34e0a5cb', '$2a$10$fEfkf66Q91Jyef27VFMBYeYJkX.6aJFcXig7SQtsoixvsdoS0aIOu', '2022-08-02 20:37:23', '2022-08-02 20:37:23', '2022-08-03 16:09:58');
INSERT INTO `system_session` (`id`, `user_id`, `key`, `password_hash`, `created_at`, `updated_at`, `deleted_at`) VALUES ('6a46fe75-f523-4e30-937b-2b2b23033651', '1', 'cdae54b9-2da8-4f81-9e57-c1c1023598f4', '$2a$10$fEfkf66Q91Jyef27VFMBYeYJkX.6aJFcXig7SQtsoixvsdoS0aIOu', '2022-05-17 10:24:57', '2022-05-17 10:24:57', '2022-05-17 11:11:25');
INSERT INTO `system_session` (`id`, `user_id`, `key`, `password_hash`, `created_at`, `updated_at`, `deleted_at`) VALUES ('6a748ef6-5f73-4733-8f9a-7327d113302f', '1', '6b0e0268-9e27-4c92-b024-f03d46c6a708', '$2a$10$fEfkf66Q91Jyef27VFMBYeYJkX.6aJFcXig7SQtsoixvsdoS0aIOu', '2022-05-31 09:49:34', '2022-05-31 09:49:34', '2022-05-31 11:09:24');
INSERT INTO `system_session` (`id`, `user_id`, `key`, `password_hash`, `created_at`, `updated_at`, `deleted_at`) VALUES ('6c36e1ad-ffff-420e-a937-790933cc2fb6', '1', '47d10d2b-b465-4ffa-92e2-39e94f41e420', '$2a$10$fEfkf66Q91Jyef27VFMBYeYJkX.6aJFcXig7SQtsoixvsdoS0aIOu', '2022-08-22 11:40:14', '2022-08-22 11:40:14', '2022-08-22 11:43:13');
INSERT INTO `system_session` (`id`, `user_id`, `key`, `password_hash`, `created_at`, `updated_at`, `deleted_at`) VALUES ('6c38fa6d-5932-4eae-89a6-6d4a72ec5f32', '1', 'f5e12491-83dc-4676-826e-b318ae149ad5', '$2a$10$fEfkf66Q91Jyef27VFMBYeYJkX.6aJFcXig7SQtsoixvsdoS0aIOu', '2022-06-20 18:00:50', '2022-06-20 18:00:50', '2022-06-20 18:15:32');
INSERT INTO `system_session` (`id`, `user_id`, `key`, `password_hash`, `created_at`, `updated_at`, `deleted_at`) VALUES ('6c3e154b-ea92-4861-a465-951c3c8a6c0d', '1', '0d18b39a-efdb-4db4-a812-0d713fc3c0a7', '$2a$10$fEfkf66Q91Jyef27VFMBYeYJkX.6aJFcXig7SQtsoixvsdoS0aIOu', '2022-05-07 15:43:36', '2022-05-07 15:43:36', '2022-05-07 22:25:23');
INSERT INTO `system_session` (`id`, `user_id`, `key`, `password_hash`, `created_at`, `updated_at`, `deleted_at`) VALUES ('6df3179f-ba9c-49fa-bc84-2ea1a2b0f248', '1', '9d9d81db-8b8b-42d8-8034-1a2d70d8c82d', '$2a$10$fEfkf66Q91Jyef27VFMBYeYJkX.6aJFcXig7SQtsoixvsdoS0aIOu', '2022-06-09 11:40:54', '2022-06-09 11:40:54', '2022-06-10 14:42:49');
INSERT INTO `system_session` (`id`, `user_id`, `key`, `password_hash`, `created_at`, `updated_at`, `deleted_at`) VALUES ('6dfaca65-9fe9-4f16-96e8-819138848659', '1', '33b5d69e-b569-474d-bba4-ca4ebcd51c42', '$2a$10$fEfkf66Q91Jyef27VFMBYeYJkX.6aJFcXig7SQtsoixvsdoS0aIOu', '2022-05-11 15:15:27', '2022-05-11 15:15:27', '2022-05-11 15:18:10');
INSERT INTO `system_session` (`id`, `user_id`, `key`, `password_hash`, `created_at`, `updated_at`, `deleted_at`) VALUES ('6e7cae53-0766-4816-afb4-91d00030a84e', '1', 'fb8e20cd-6fe9-40db-bf83-121c37ff38c2', '$2a$10$fEfkf66Q91Jyef27VFMBYeYJkX.6aJFcXig7SQtsoixvsdoS0aIOu', '2022-08-20 21:53:54', '2022-08-20 21:53:54', '2022-08-20 22:37:31');
INSERT INTO `system_session` (`id`, `user_id`, `key`, `password_hash`, `created_at`, `updated_at`, `deleted_at`) VALUES ('6f0f5775-40d1-4912-b15e-7462ad2714df', '1', 'b82285a4-3564-4ffd-a012-1d757da94731', '$2a$10$fEfkf66Q91Jyef27VFMBYeYJkX.6aJFcXig7SQtsoixvsdoS0aIOu', '2022-08-20 22:37:31', '2022-08-20 22:37:31', '2022-08-21 21:15:19');
INSERT INTO `system_session` (`id`, `user_id`, `key`, `password_hash`, `created_at`, `updated_at`, `deleted_at`) VALUES ('715f08aa-949b-4bed-9158-7dac40b07e89', '1', '5c2ee6fd-f2be-4d4d-9131-0e7fc1154734', '$2a$10$fEfkf66Q91Jyef27VFMBYeYJkX.6aJFcXig7SQtsoixvsdoS0aIOu', '2022-06-13 21:57:01', '2022-06-13 21:57:12', '2022-06-13 21:57:12');
INSERT INTO `system_session` (`id`, `user_id`, `key`, `password_hash`, `created_at`, `updated_at`, `deleted_at`) VALUES ('7352dc63-807e-44b6-b219-b1411bc6cfdb', '1', 'c1eb13f0-90c7-4a62-a856-0d6a3ed54e44', '$2a$10$fEfkf66Q91Jyef27VFMBYeYJkX.6aJFcXig7SQtsoixvsdoS0aIOu', '2022-06-15 10:58:33', '2022-06-15 10:59:20', '2022-06-15 10:59:20');
INSERT INTO `system_session` (`id`, `user_id`, `key`, `password_hash`, `created_at`, `updated_at`, `deleted_at`) VALUES ('743a7b23-2fcb-4ed5-983a-f55ba05ec9ca', '1', '93269e9d-bae9-4474-bf7f-2297012c728e', '$2a$10$fEfkf66Q91Jyef27VFMBYeYJkX.6aJFcXig7SQtsoixvsdoS0aIOu', '2022-05-19 15:50:14', '2022-05-19 15:50:14', '2022-05-19 15:56:21');
INSERT INTO `system_session` (`id`, `user_id`, `key`, `password_hash`, `created_at`, `updated_at`, `deleted_at`) VALUES ('75b0cd2e-ae49-4566-926d-bbb165940e19', '1', '32bd1a6e-fa0f-489a-add7-01f522a01c39', '$2a$10$fEfkf66Q91Jyef27VFMBYeYJkX.6aJFcXig7SQtsoixvsdoS0aIOu', '2022-05-22 16:47:41', '2022-05-22 16:47:41', '2022-05-22 16:51:05');
INSERT INTO `system_session` (`id`, `user_id`, `key`, `password_hash`, `created_at`, `updated_at`, `deleted_at`) VALUES ('75eb49d2-e724-4875-96d8-f65e9ec08932', '1', 'db83aa46-6635-4932-a060-adfcf5561612', '$2a$10$fEfkf66Q91Jyef27VFMBYeYJkX.6aJFcXig7SQtsoixvsdoS0aIOu', '2022-08-10 13:36:47', '2022-08-10 13:36:47', '2022-08-10 14:43:18');
INSERT INTO `system_session` (`id`, `user_id`, `key`, `password_hash`, `created_at`, `updated_at`, `deleted_at`) VALUES ('7643618d-2bc5-46ee-8b5b-a263f960863f', '1', '03423683-6dfc-490a-926f-d2dde308b1d9', '$2a$10$fEfkf66Q91Jyef27VFMBYeYJkX.6aJFcXig7SQtsoixvsdoS0aIOu', '2022-07-12 09:56:35', '2022-07-12 09:56:35', '2022-07-12 11:13:02');
INSERT INTO `system_session` (`id`, `user_id`, `key`, `password_hash`, `created_at`, `updated_at`, `deleted_at`) VALUES ('76fafae8-11bb-4a4f-8932-c6cd7e57d46e', '1', '21b4ef81-3611-4b09-bb1d-669df100df68', '$2a$10$fEfkf66Q91Jyef27VFMBYeYJkX.6aJFcXig7SQtsoixvsdoS0aIOu', '2022-05-18 10:24:54', '2022-05-18 10:34:32', '2022-05-18 10:34:32');
INSERT INTO `system_session` (`id`, `user_id`, `key`, `password_hash`, `created_at`, `updated_at`, `deleted_at`) VALUES ('77043a0a-896d-4d8a-9f55-31de6a0e510a', '1', 'd4838508-6a1a-4fe4-9a39-aa35a2ca1982', '$2a$10$fEfkf66Q91Jyef27VFMBYeYJkX.6aJFcXig7SQtsoixvsdoS0aIOu', '2022-05-13 15:22:00', '2022-05-13 15:22:08', '2022-05-13 15:22:08');
INSERT INTO `system_session` (`id`, `user_id`, `key`, `password_hash`, `created_at`, `updated_at`, `deleted_at`) VALUES ('772554ac-8b72-4ce6-a71a-d6420dd5d1d2', '1', 'f089e315-517f-4bc5-adc9-edd8ecb3bf82', '$2a$10$fEfkf66Q91Jyef27VFMBYeYJkX.6aJFcXig7SQtsoixvsdoS0aIOu', '2022-05-31 11:09:24', '2022-05-31 11:09:24', '2022-05-31 14:48:25');
INSERT INTO `system_session` (`id`, `user_id`, `key`, `password_hash`, `created_at`, `updated_at`, `deleted_at`) VALUES ('79e2c4ac-2ce7-4a15-ada6-98e8607a3200', '1', 'a5ab1410-bf0b-47b5-a79c-bc304e959c3d', '$2a$10$fEfkf66Q91Jyef27VFMBYeYJkX.6aJFcXig7SQtsoixvsdoS0aIOu', '2022-05-19 15:19:32', '2022-05-19 15:19:48', '2022-05-19 15:19:48');
INSERT INTO `system_session` (`id`, `user_id`, `key`, `password_hash`, `created_at`, `updated_at`, `deleted_at`) VALUES ('7a362f5c-d2cd-4642-870f-b7d3623ed827', '1', 'fcec9d68-2f57-4c75-a8b9-c2b86527f9d6', '$2a$10$fEfkf66Q91Jyef27VFMBYeYJkX.6aJFcXig7SQtsoixvsdoS0aIOu', '2022-08-15 03:47:18', '2022-08-15 03:47:18', '2022-08-15 16:09:43');
INSERT INTO `system_session` (`id`, `user_id`, `key`, `password_hash`, `created_at`, `updated_at`, `deleted_at`) VALUES ('7a966203-d993-4cde-8c2c-d9e80bbacb65', '1', '399243a9-e6bd-4a5f-aebf-cc59a71fce7f', '$2a$10$fEfkf66Q91Jyef27VFMBYeYJkX.6aJFcXig7SQtsoixvsdoS0aIOu', '2022-06-18 22:18:00', '2022-06-18 22:18:00', '2022-06-19 19:45:54');
INSERT INTO `system_session` (`id`, `user_id`, `key`, `password_hash`, `created_at`, `updated_at`, `deleted_at`) VALUES ('7a9d1417-34cb-4d09-bba0-dfbfa0445511', '1', 'c40b9341-6bd7-46f1-9809-5c14d0b88f59', '$2a$10$fEfkf66Q91Jyef27VFMBYeYJkX.6aJFcXig7SQtsoixvsdoS0aIOu', '2022-08-22 14:29:17', '2022-08-22 14:29:17', '2022-08-22 14:30:09');
INSERT INTO `system_session` (`id`, `user_id`, `key`, `password_hash`, `created_at`, `updated_at`, `deleted_at`) VALUES ('7cddef9c-9e69-4a9d-bde6-e30941c6d053', '1', '2385b646-636d-4241-863d-650230712107', '$2a$10$fEfkf66Q91Jyef27VFMBYeYJkX.6aJFcXig7SQtsoixvsdoS0aIOu', '2022-05-19 22:20:49', '2022-05-19 22:20:49', '2022-05-20 17:31:19');
INSERT INTO `system_session` (`id`, `user_id`, `key`, `password_hash`, `created_at`, `updated_at`, `deleted_at`) VALUES ('7d712325-4929-4f99-a3bb-852605a48b53', '1', '4c410985-f347-42d8-b26d-034129b51344', '$2a$10$fEfkf66Q91Jyef27VFMBYeYJkX.6aJFcXig7SQtsoixvsdoS0aIOu', '2022-08-22 14:30:09', '2022-08-22 14:30:09', '2022-08-22 14:39:48');
INSERT INTO `system_session` (`id`, `user_id`, `key`, `password_hash`, `created_at`, `updated_at`, `deleted_at`) VALUES ('7e879bfa-db13-49e0-8792-b187d399c461', '1', '7b519922-4994-4493-892a-d507baaf28c1', '$2a$10$fEfkf66Q91Jyef27VFMBYeYJkX.6aJFcXig7SQtsoixvsdoS0aIOu', '2022-08-19 22:52:30', '2022-08-19 22:52:30', '2022-08-20 10:57:55');
INSERT INTO `system_session` (`id`, `user_id`, `key`, `password_hash`, `created_at`, `updated_at`, `deleted_at`) VALUES ('7e91b27f-4915-415c-99ec-120ab344b5e6', '1', 'a59d5c06-0058-45f4-a75e-8db45707bddc', '$2a$10$fEfkf66Q91Jyef27VFMBYeYJkX.6aJFcXig7SQtsoixvsdoS0aIOu', '2022-08-10 17:33:10', '2022-08-10 17:33:10', '2022-08-10 20:27:27');
INSERT INTO `system_session` (`id`, `user_id`, `key`, `password_hash`, `created_at`, `updated_at`, `deleted_at`) VALUES ('7ef29124-536a-4e43-97dd-610eb96b4c1c', '1', 'a180e5f0-56fb-40fe-917b-fb19356f2df2', '$2a$10$fEfkf66Q91Jyef27VFMBYeYJkX.6aJFcXig7SQtsoixvsdoS0aIOu', '2022-05-05 07:46:45', '2022-05-05 07:46:45', '2022-05-05 08:32:57');
INSERT INTO `system_session` (`id`, `user_id`, `key`, `password_hash`, `created_at`, `updated_at`, `deleted_at`) VALUES ('7efa5767-b0b2-4198-bf8b-01db61b17747', '1', 'e3db70de-177e-4807-bbdb-c1b360142778', '$2a$10$fEfkf66Q91Jyef27VFMBYeYJkX.6aJFcXig7SQtsoixvsdoS0aIOu', '2022-05-17 09:10:55', '2022-05-17 09:10:55', '2022-05-17 09:29:22');
INSERT INTO `system_session` (`id`, `user_id`, `key`, `password_hash`, `created_at`, `updated_at`, `deleted_at`) VALUES ('7f1275c5-07d1-4cf1-90fa-b0e36e109170', '1', 'dd71cb75-18a2-4d2c-a536-00794dc52a91', '$2a$10$fEfkf66Q91Jyef27VFMBYeYJkX.6aJFcXig7SQtsoixvsdoS0aIOu', '2022-11-29 16:41:57', '2022-11-29 16:41:57', '2022-11-29 16:46:36');
INSERT INTO `system_session` (`id`, `user_id`, `key`, `password_hash`, `created_at`, `updated_at`, `deleted_at`) VALUES ('7f97e48b-a79d-4a2a-a1c3-dc640377e1f1', '1', 'ad209ac1-124a-4a72-9ccf-221a54d75a79', '$2a$10$fEfkf66Q91Jyef27VFMBYeYJkX.6aJFcXig7SQtsoixvsdoS0aIOu', '2022-08-15 17:06:30', '2022-08-15 17:06:30', '2022-08-16 10:42:13');
INSERT INTO `system_session` (`id`, `user_id`, `key`, `password_hash`, `created_at`, `updated_at`, `deleted_at`) VALUES ('8067bffc-8482-42ba-9ba6-b17134a652bc', '1', 'c3e28d12-0b9d-4666-a4e4-d57576c61e8a', '$2a$10$fEfkf66Q91Jyef27VFMBYeYJkX.6aJFcXig7SQtsoixvsdoS0aIOu', '2022-08-22 11:30:42', '2022-08-22 11:30:42', '2022-08-22 11:37:58');
INSERT INTO `system_session` (`id`, `user_id`, `key`, `password_hash`, `created_at`, `updated_at`, `deleted_at`) VALUES ('80ec135e-fa4e-442f-b08b-2618f2879d9d', '1', 'f44c5095-68a9-446f-8005-1b9dd48dc597', '$2a$10$fEfkf66Q91Jyef27VFMBYeYJkX.6aJFcXig7SQtsoixvsdoS0aIOu', '2022-12-01 18:10:38', '2022-12-01 18:10:38', '2022-12-01 18:21:39');
INSERT INTO `system_session` (`id`, `user_id`, `key`, `password_hash`, `created_at`, `updated_at`, `deleted_at`) VALUES ('826851e9-a170-4bea-b5d7-ccc37c471e77', '1', 'd824f323-05c5-4f6d-b634-45cd5192548c', '$2a$10$fEfkf66Q91Jyef27VFMBYeYJkX.6aJFcXig7SQtsoixvsdoS0aIOu', '2022-05-13 16:12:22', '2022-05-13 16:12:26', '2022-05-13 16:12:26');
INSERT INTO `system_session` (`id`, `user_id`, `key`, `password_hash`, `created_at`, `updated_at`, `deleted_at`) VALUES ('8275b66d-ee52-409a-8bf8-2a5d51310b0e', '1', 'd5ecfb3b-90da-4dd5-809e-435d404620db', '$2a$10$fEfkf66Q91Jyef27VFMBYeYJkX.6aJFcXig7SQtsoixvsdoS0aIOu', '2022-07-15 16:02:30', '2022-07-15 16:02:36', '2022-07-15 16:02:36');
INSERT INTO `system_session` (`id`, `user_id`, `key`, `password_hash`, `created_at`, `updated_at`, `deleted_at`) VALUES ('8412a1bf-f02d-47db-b3b1-7c9f1f708543', '1', '66770b75-cd56-4526-9e2d-5a0b6fd7a5a5', '$2a$10$fEfkf66Q91Jyef27VFMBYeYJkX.6aJFcXig7SQtsoixvsdoS0aIOu', '2022-08-22 15:03:17', '2022-08-22 15:03:17', '2022-08-22 15:04:25');
INSERT INTO `system_session` (`id`, `user_id`, `key`, `password_hash`, `created_at`, `updated_at`, `deleted_at`) VALUES ('847c70d9-c1fc-4108-a9e6-0f2114a69aea', '1', 'f61b20ad-3a4c-4fab-8f44-2b588514b950', '$2a$10$fEfkf66Q91Jyef27VFMBYeYJkX.6aJFcXig7SQtsoixvsdoS0aIOu', '2022-05-06 11:52:32', '2022-05-06 11:52:32', '2022-05-06 12:08:17');
INSERT INTO `system_session` (`id`, `user_id`, `key`, `password_hash`, `created_at`, `updated_at`, `deleted_at`) VALUES ('8563d31f-d031-4742-86e1-e4f143450f54', '1', '5d435378-a218-411c-b4a5-be2a13c82652', '$2a$10$fEfkf66Q91Jyef27VFMBYeYJkX.6aJFcXig7SQtsoixvsdoS0aIOu', '2022-05-12 15:57:07', '2022-05-12 15:57:07', '2022-05-13 09:58:43');
INSERT INTO `system_session` (`id`, `user_id`, `key`, `password_hash`, `created_at`, `updated_at`, `deleted_at`) VALUES ('8582a3ab-6392-490a-b073-e7179f46d7cd', '1', '730f1b7a-a84a-46fb-b499-bb9bc0960ed6', '$2a$10$fEfkf66Q91Jyef27VFMBYeYJkX.6aJFcXig7SQtsoixvsdoS0aIOu', '2022-05-17 09:33:31', '2022-05-17 09:33:31', '2022-05-17 09:35:10');
INSERT INTO `system_session` (`id`, `user_id`, `key`, `password_hash`, `created_at`, `updated_at`, `deleted_at`) VALUES ('85ab355e-94bd-45b3-b868-70965f596311', '1', '73431fde-6840-4023-a888-c3765adc9692', '$2a$10$fEfkf66Q91Jyef27VFMBYeYJkX.6aJFcXig7SQtsoixvsdoS0aIOu', '2022-06-28 17:34:33', '2022-06-28 17:34:33', '2022-06-28 17:43:15');
INSERT INTO `system_session` (`id`, `user_id`, `key`, `password_hash`, `created_at`, `updated_at`, `deleted_at`) VALUES ('85d55029-8d32-4621-b043-7ec1dd6faa0b', '1', 'b1bf5a7c-57f2-4847-9061-a80df4d4430e', '$2a$10$fEfkf66Q91Jyef27VFMBYeYJkX.6aJFcXig7SQtsoixvsdoS0aIOu', '2022-08-04 11:29:27', '2022-08-04 11:29:27', '2022-08-05 10:22:19');
INSERT INTO `system_session` (`id`, `user_id`, `key`, `password_hash`, `created_at`, `updated_at`, `deleted_at`) VALUES ('868afada-318f-4404-95a6-87e37754f6f7', '1', '6fd5fde2-ddd8-41b8-a337-6738da86c351', '$2a$10$fEfkf66Q91Jyef27VFMBYeYJkX.6aJFcXig7SQtsoixvsdoS0aIOu', '2022-05-13 11:17:32', '2022-05-13 11:17:32', '2022-05-13 11:18:01');
INSERT INTO `system_session` (`id`, `user_id`, `key`, `password_hash`, `created_at`, `updated_at`, `deleted_at`) VALUES ('869b811d-839d-4f9a-921b-83fa84407e46', '1', '09f8b6d8-c546-42d6-8bd6-ed185bf8ff07', '$2a$10$fEfkf66Q91Jyef27VFMBYeYJkX.6aJFcXig7SQtsoixvsdoS0aIOu', '2022-05-13 11:18:01', '2022-05-13 11:18:01', '2022-05-13 15:13:00');
INSERT INTO `system_session` (`id`, `user_id`, `key`, `password_hash`, `created_at`, `updated_at`, `deleted_at`) VALUES ('8888124a-4e49-47a8-99da-de723fa875b7', '1', 'd4d24d7c-3916-4d56-9620-c528933a47c6', '$2a$10$fEfkf66Q91Jyef27VFMBYeYJkX.6aJFcXig7SQtsoixvsdoS0aIOu', '2022-07-11 12:30:41', '2022-07-11 12:30:49', '2022-07-11 12:30:49');
INSERT INTO `system_session` (`id`, `user_id`, `key`, `password_hash`, `created_at`, `updated_at`, `deleted_at`) VALUES ('88f2b9e3-dcf1-485b-a450-c5e064fc6f5b', '1', '6d82adba-67bd-446f-8077-758649652b41', '$2a$10$fEfkf66Q91Jyef27VFMBYeYJkX.6aJFcXig7SQtsoixvsdoS0aIOu', '2022-08-09 21:38:10', '2022-08-09 21:38:10', '2022-08-09 21:45:21');
INSERT INTO `system_session` (`id`, `user_id`, `key`, `password_hash`, `created_at`, `updated_at`, `deleted_at`) VALUES ('8a6e13e8-4f91-416c-92c7-c69ad5310ca9', '1', '95ab83b3-53b0-4a33-92dc-c45d2da94462', '$2a$10$fEfkf66Q91Jyef27VFMBYeYJkX.6aJFcXig7SQtsoixvsdoS0aIOu', '2022-05-16 16:52:06', '2022-05-16 16:52:06', '2022-05-16 16:52:19');
INSERT INTO `system_session` (`id`, `user_id`, `key`, `password_hash`, `created_at`, `updated_at`, `deleted_at`) VALUES ('8ae63afe-ba76-4371-88e3-5859bcac57b0', '1', 'c91c641f-e736-4d8f-8adc-d6d0668c75be', '$2a$10$fEfkf66Q91Jyef27VFMBYeYJkX.6aJFcXig7SQtsoixvsdoS0aIOu', '2022-05-07 22:25:23', '2022-05-07 22:25:23', '2022-05-09 08:30:58');
INSERT INTO `system_session` (`id`, `user_id`, `key`, `password_hash`, `created_at`, `updated_at`, `deleted_at`) VALUES ('8b099e98-d5c3-46cf-829d-459110383680', '1', 'c9fa8b26-7d21-4eac-a008-c031443d8bb0', '$2a$10$fEfkf66Q91Jyef27VFMBYeYJkX.6aJFcXig7SQtsoixvsdoS0aIOu', '2022-08-13 20:38:13', '2022-08-13 20:38:13', '2022-08-15 03:47:18');
INSERT INTO `system_session` (`id`, `user_id`, `key`, `password_hash`, `created_at`, `updated_at`, `deleted_at`) VALUES ('8b0e7e30-8761-48dd-b0b9-6f084f5a0216', '1', '4a0dea4c-bc8e-4be3-8b24-a013e3b60311', '$2a$10$fEfkf66Q91Jyef27VFMBYeYJkX.6aJFcXig7SQtsoixvsdoS0aIOu', '2022-08-16 10:42:13', '2022-08-16 10:42:13', '2022-08-16 10:44:57');
INSERT INTO `system_session` (`id`, `user_id`, `key`, `password_hash`, `created_at`, `updated_at`, `deleted_at`) VALUES ('8b1b94f0-5e87-4cd4-8590-c98b97f34fe8', '1', 'a426b661-a89f-4098-8984-b969deb57739', '$2a$10$fEfkf66Q91Jyef27VFMBYeYJkX.6aJFcXig7SQtsoixvsdoS0aIOu', '2022-06-30 17:56:16', '2022-06-30 17:56:16', '2022-06-30 23:49:45');
INSERT INTO `system_session` (`id`, `user_id`, `key`, `password_hash`, `created_at`, `updated_at`, `deleted_at`) VALUES ('8c523fc3-d101-4ac0-b6ab-41efb36e21d2', '1', 'f5ed05a1-6796-4f53-b855-6208e33a8c89', '$2a$10$fEfkf66Q91Jyef27VFMBYeYJkX.6aJFcXig7SQtsoixvsdoS0aIOu', '2022-05-19 15:25:02', '2022-05-19 15:25:02', '2022-05-19 15:50:14');
INSERT INTO `system_session` (`id`, `user_id`, `key`, `password_hash`, `created_at`, `updated_at`, `deleted_at`) VALUES ('8c8a45e2-4498-4d31-8470-3d26c8f2f43b', '1', '7d534f26-1cd9-456b-a50e-bb6b2da278d2', '$2a$10$fEfkf66Q91Jyef27VFMBYeYJkX.6aJFcXig7SQtsoixvsdoS0aIOu', '2022-06-06 00:13:59', '2022-06-06 00:13:59', '2022-06-06 11:42:45');
INSERT INTO `system_session` (`id`, `user_id`, `key`, `password_hash`, `created_at`, `updated_at`, `deleted_at`) VALUES ('8e680619-a6ef-4a9d-9661-db730548dbb6', '1', '5c07d5cd-1460-495c-94b3-708c56e5136d', '$2a$10$fEfkf66Q91Jyef27VFMBYeYJkX.6aJFcXig7SQtsoixvsdoS0aIOu', '2022-06-25 18:24:41', '2022-06-25 18:24:41', '2022-06-27 14:02:52');
INSERT INTO `system_session` (`id`, `user_id`, `key`, `password_hash`, `created_at`, `updated_at`, `deleted_at`) VALUES ('8eebad2b-0e96-4e1c-a96e-27c0fe4af784', '1', '7dbbd09e-804a-4b4c-a187-03eca4948f37', '$2a$10$fEfkf66Q91Jyef27VFMBYeYJkX.6aJFcXig7SQtsoixvsdoS0aIOu', '2022-05-17 09:29:22', '2022-05-17 09:29:22', '2022-05-17 09:33:31');
INSERT INTO `system_session` (`id`, `user_id`, `key`, `password_hash`, `created_at`, `updated_at`, `deleted_at`) VALUES ('9149a81c-f8b5-4882-a15c-4190b573ca9f', '1', 'c501a17a-fdf2-4b8d-a4e7-e97e2a324c31', '$2a$10$fEfkf66Q91Jyef27VFMBYeYJkX.6aJFcXig7SQtsoixvsdoS0aIOu', '2022-05-18 23:22:43', '2022-05-18 23:22:43', '2022-05-19 15:19:32');
INSERT INTO `system_session` (`id`, `user_id`, `key`, `password_hash`, `created_at`, `updated_at`, `deleted_at`) VALUES ('926479b7-310d-4b1b-b35e-632d87668c4f', '1', '4aaf9c67-9b7b-464f-ae1e-3d3b3a148dc0', '$2a$10$fEfkf66Q91Jyef27VFMBYeYJkX.6aJFcXig7SQtsoixvsdoS0aIOu', '2022-08-15 17:02:54', '2022-08-15 17:02:54', '2022-08-15 17:06:30');
INSERT INTO `system_session` (`id`, `user_id`, `key`, `password_hash`, `created_at`, `updated_at`, `deleted_at`) VALUES ('934ab3b2-2966-49a8-acff-011727dca061', '1', '916bc5d4-3e87-444e-98bc-d5a19c8aabba', '$2a$10$fEfkf66Q91Jyef27VFMBYeYJkX.6aJFcXig7SQtsoixvsdoS0aIOu', '2022-07-12 11:17:00', '2022-07-12 11:17:00', '2022-07-12 20:50:08');
INSERT INTO `system_session` (`id`, `user_id`, `key`, `password_hash`, `created_at`, `updated_at`, `deleted_at`) VALUES ('93936607-5876-409b-a0b1-76b712aea251', '1', 'e203ad39-96f2-4728-ab22-bdd1082ae3e1', '$2a$10$fEfkf66Q91Jyef27VFMBYeYJkX.6aJFcXig7SQtsoixvsdoS0aIOu', '2022-06-10 23:54:50', '2022-06-10 23:54:50', '2022-06-11 03:21:56');
INSERT INTO `system_session` (`id`, `user_id`, `key`, `password_hash`, `created_at`, `updated_at`, `deleted_at`) VALUES ('9484ad21-cd40-4b43-9d23-76ef5a728903', '1', '4d1368ba-7326-4bdc-974c-fac6a1efd8a3', '$2a$10$fEfkf66Q91Jyef27VFMBYeYJkX.6aJFcXig7SQtsoixvsdoS0aIOu', '2022-06-23 11:00:01', '2022-06-23 11:00:35', '2022-06-23 11:00:35');
INSERT INTO `system_session` (`id`, `user_id`, `key`, `password_hash`, `created_at`, `updated_at`, `deleted_at`) VALUES ('9499d465-e5ce-497b-8c4a-7c740a8413b2', '1', 'dbf920e7-cd0b-435f-93b5-692c9b8c23d8', '$2a$10$fEfkf66Q91Jyef27VFMBYeYJkX.6aJFcXig7SQtsoixvsdoS0aIOu', '2022-06-08 10:33:12', '2022-06-08 10:33:12', '2022-06-09 09:40:36');
INSERT INTO `system_session` (`id`, `user_id`, `key`, `password_hash`, `created_at`, `updated_at`, `deleted_at`) VALUES ('955df8ea-a006-4bb9-9883-12fe54978aca', '1', '8d74309d-742e-4209-8dc1-3613299311ef', '$2a$10$fEfkf66Q91Jyef27VFMBYeYJkX.6aJFcXig7SQtsoixvsdoS0aIOu', '2022-07-13 18:35:19', '2022-07-13 18:35:19', '2022-07-14 09:20:45');
INSERT INTO `system_session` (`id`, `user_id`, `key`, `password_hash`, `created_at`, `updated_at`, `deleted_at`) VALUES ('959bc16c-06c6-46dd-a1d8-fb802fcbdbb6', '1', '5223b7a0-39fc-4111-a785-9707d02d7b11', '$2a$10$fEfkf66Q91Jyef27VFMBYeYJkX.6aJFcXig7SQtsoixvsdoS0aIOu', '2022-06-22 15:20:27', '2022-06-22 15:20:27', '2022-06-22 16:06:29');
INSERT INTO `system_session` (`id`, `user_id`, `key`, `password_hash`, `created_at`, `updated_at`, `deleted_at`) VALUES ('95e4a34e-5d99-4ef1-ab2a-78630052086b', '1', '5e6a9932-b935-4983-93f8-8ed293d055e3', '$2a$10$fEfkf66Q91Jyef27VFMBYeYJkX.6aJFcXig7SQtsoixvsdoS0aIOu', '2022-08-10 13:11:21', '2022-08-10 13:11:21', '2022-08-10 13:16:32');
INSERT INTO `system_session` (`id`, `user_id`, `key`, `password_hash`, `created_at`, `updated_at`, `deleted_at`) VALUES ('963117a2-1efd-49d3-acfb-5fa14f40e63d', '1', '1a0059e4-adf1-49ab-88da-133dc5b37b12', '$2a$10$fEfkf66Q91Jyef27VFMBYeYJkX.6aJFcXig7SQtsoixvsdoS0aIOu', '2022-05-10 09:48:31', '2022-05-10 09:48:31', '2022-05-10 14:53:45');
INSERT INTO `system_session` (`id`, `user_id`, `key`, `password_hash`, `created_at`, `updated_at`, `deleted_at`) VALUES ('96756bcf-2262-42c8-b3d4-709bf73d7dd7', '1', '4c117c2f-28a4-4faf-a4e8-255089ebac5a', '$2a$10$fEfkf66Q91Jyef27VFMBYeYJkX.6aJFcXig7SQtsoixvsdoS0aIOu', '2022-08-22 11:37:58', '2022-08-22 11:37:58', '2022-08-22 11:40:14');
INSERT INTO `system_session` (`id`, `user_id`, `key`, `password_hash`, `created_at`, `updated_at`, `deleted_at`) VALUES ('979f9d8a-2a50-4b5a-8e48-332a27df57df', '1', 'a62144ab-3fa8-40eb-95d4-8ff7d0a9ca04', '$2a$10$fEfkf66Q91Jyef27VFMBYeYJkX.6aJFcXig7SQtsoixvsdoS0aIOu', '2022-05-17 23:22:30', '2022-05-17 23:22:30', '2022-05-18 08:06:44');
INSERT INTO `system_session` (`id`, `user_id`, `key`, `password_hash`, `created_at`, `updated_at`, `deleted_at`) VALUES ('983f67ec-b943-485f-ba01-33d142bbcc00', '1', '040763ec-02fa-43ed-859d-ded4c30f61cc', '$2a$10$fEfkf66Q91Jyef27VFMBYeYJkX.6aJFcXig7SQtsoixvsdoS0aIOu', '2022-06-04 21:36:20', '2022-06-04 21:36:20', '2022-06-04 21:46:29');
INSERT INTO `system_session` (`id`, `user_id`, `key`, `password_hash`, `created_at`, `updated_at`, `deleted_at`) VALUES ('9848c484-ebbd-48b2-89f9-9cf93fd80cde', '1', '66f352a6-cdd9-49fe-89af-9b6a2b755033', '$2a$10$fEfkf66Q91Jyef27VFMBYeYJkX.6aJFcXig7SQtsoixvsdoS0aIOu', '2022-07-18 08:43:29', '2022-07-18 08:43:29', '2022-07-18 19:46:38');
INSERT INTO `system_session` (`id`, `user_id`, `key`, `password_hash`, `created_at`, `updated_at`, `deleted_at`) VALUES ('98ae37a6-76fc-4d27-b8d0-0e4ed6db89f4', '1', '1adaeec3-a0bf-48ef-9eff-5218cec8670a', '$2a$10$fEfkf66Q91Jyef27VFMBYeYJkX.6aJFcXig7SQtsoixvsdoS0aIOu', '2022-11-11 10:53:51', '2022-11-11 10:53:51', '2022-11-11 11:25:09');
INSERT INTO `system_session` (`id`, `user_id`, `key`, `password_hash`, `created_at`, `updated_at`, `deleted_at`) VALUES ('98c367c3-c999-46fc-84c6-f92760e47e9f', '1', '8ff51de6-0b23-4eb5-8b0e-f4b7fdb61d7b', '$2a$10$fEfkf66Q91Jyef27VFMBYeYJkX.6aJFcXig7SQtsoixvsdoS0aIOu', '2022-05-10 14:53:45', '2022-05-10 14:53:45', '2022-05-10 16:46:10');
INSERT INTO `system_session` (`id`, `user_id`, `key`, `password_hash`, `created_at`, `updated_at`, `deleted_at`) VALUES ('98fcfb97-b853-44ba-873a-9ec9ea98a538', '1', '31871977-7bfa-40b9-b273-c6ac84991e6d', '$2a$10$fEfkf66Q91Jyef27VFMBYeYJkX.6aJFcXig7SQtsoixvsdoS0aIOu', '2022-05-27 08:31:57', '2022-05-27 08:31:57', '2022-05-27 11:26:18');
INSERT INTO `system_session` (`id`, `user_id`, `key`, `password_hash`, `created_at`, `updated_at`, `deleted_at`) VALUES ('99959ec3-526d-4de5-bf7b-a8b21f9a3a10', '1', '0ad6d0b0-ad29-4978-a5b8-ca826e653ce5', '$2a$10$fEfkf66Q91Jyef27VFMBYeYJkX.6aJFcXig7SQtsoixvsdoS0aIOu', '2022-05-02 11:39:04', '2022-05-02 11:39:04', '2022-05-04 00:00:26');
INSERT INTO `system_session` (`id`, `user_id`, `key`, `password_hash`, `created_at`, `updated_at`, `deleted_at`) VALUES ('99a5c692-14b5-4f5a-8543-4f6232a71f56', '1', '84f82b3e-e51a-4217-982a-970062174b2f', '$2a$10$fEfkf66Q91Jyef27VFMBYeYJkX.6aJFcXig7SQtsoixvsdoS0aIOu', '2022-08-22 14:41:34', '2022-08-22 14:41:34', '2022-08-22 14:41:48');
INSERT INTO `system_session` (`id`, `user_id`, `key`, `password_hash`, `created_at`, `updated_at`, `deleted_at`) VALUES ('99e89aaa-9afe-4288-a1b9-62993695d42c', '1', '17f1a60b-d20a-46b6-9ec4-c2d482088a19', '$2a$10$fEfkf66Q91Jyef27VFMBYeYJkX.6aJFcXig7SQtsoixvsdoS0aIOu', '2022-05-13 16:08:35', '2022-05-13 16:08:41', '2022-05-13 16:08:41');
INSERT INTO `system_session` (`id`, `user_id`, `key`, `password_hash`, `created_at`, `updated_at`, `deleted_at`) VALUES ('9a3a4cc6-257f-4d2f-9a12-c13cd588f822', '1', 'd9b3e2fd-1f0f-4937-9860-f02608bfdb26', '$2a$10$fEfkf66Q91Jyef27VFMBYeYJkX.6aJFcXig7SQtsoixvsdoS0aIOu', '2022-12-13 23:00:50', '2022-12-13 23:00:50', NULL);
INSERT INTO `system_session` (`id`, `user_id`, `key`, `password_hash`, `created_at`, `updated_at`, `deleted_at`) VALUES ('9aa43ba6-7894-4c8d-8c37-fd8cfdd963e0', '1', '85397f53-77db-4ac9-87c4-a0cd8c195d34', '$2a$10$fEfkf66Q91Jyef27VFMBYeYJkX.6aJFcXig7SQtsoixvsdoS0aIOu', '2022-04-30 15:41:46', '2022-04-30 15:41:46', '2022-05-01 18:20:17');
INSERT INTO `system_session` (`id`, `user_id`, `key`, `password_hash`, `created_at`, `updated_at`, `deleted_at`) VALUES ('9ad371f0-aa5e-46db-a556-550773a9ac34', '1', 'e1a7d7ef-49b6-432a-b463-30b8540975bb', '$2a$10$fEfkf66Q91Jyef27VFMBYeYJkX.6aJFcXig7SQtsoixvsdoS0aIOu', '2022-05-02 01:23:34', '2022-05-02 01:23:34', '2022-05-02 11:39:04');
INSERT INTO `system_session` (`id`, `user_id`, `key`, `password_hash`, `created_at`, `updated_at`, `deleted_at`) VALUES ('9c8bb598-4756-4e19-8395-ff47bfe6af76', '1', '3d0f6ceb-76c9-46bf-a592-c3d7ca1f3c07', '$2a$10$fEfkf66Q91Jyef27VFMBYeYJkX.6aJFcXig7SQtsoixvsdoS0aIOu', '2022-08-10 20:40:18', '2022-08-10 20:40:18', '2022-08-10 20:57:24');
INSERT INTO `system_session` (`id`, `user_id`, `key`, `password_hash`, `created_at`, `updated_at`, `deleted_at`) VALUES ('9cec76e5-206f-4ec4-82e3-d9bbd0890fd1', '1', '8bf8645d-d0a8-4d40-a505-514546992346', '$2a$10$fEfkf66Q91Jyef27VFMBYeYJkX.6aJFcXig7SQtsoixvsdoS0aIOu', '2022-06-30 23:49:45', '2022-06-30 23:49:45', '2022-07-01 09:15:38');
INSERT INTO `system_session` (`id`, `user_id`, `key`, `password_hash`, `created_at`, `updated_at`, `deleted_at`) VALUES ('9d471776-3e36-4fad-97fb-7abb76ca7422', '1', '93213ca1-b1af-4f81-aa3f-cf368289ffd1', '$2a$10$fEfkf66Q91Jyef27VFMBYeYJkX.6aJFcXig7SQtsoixvsdoS0aIOu', '2022-06-16 17:15:00', '2022-06-16 18:33:26', '2022-06-16 18:33:26');
INSERT INTO `system_session` (`id`, `user_id`, `key`, `password_hash`, `created_at`, `updated_at`, `deleted_at`) VALUES ('9da2d559-e01e-45b1-8a4b-ae789e6348b2', '1', 'def2a1ad-7ae4-42b2-85a7-a2f6356a7678', '$2a$10$fEfkf66Q91Jyef27VFMBYeYJkX.6aJFcXig7SQtsoixvsdoS0aIOu', '2022-05-11 14:01:02', '2022-05-11 14:01:02', '2022-05-11 14:36:26');
INSERT INTO `system_session` (`id`, `user_id`, `key`, `password_hash`, `created_at`, `updated_at`, `deleted_at`) VALUES ('9e24d938-0f71-4bbd-97e6-db819f1f8c1e', '1', 'e73ebe2e-9ef2-42a2-9194-040fccf62b3f', '$2a$10$fEfkf66Q91Jyef27VFMBYeYJkX.6aJFcXig7SQtsoixvsdoS0aIOu', '2022-05-04 00:00:26', '2022-05-04 00:00:26', '2022-05-04 15:32:44');
INSERT INTO `system_session` (`id`, `user_id`, `key`, `password_hash`, `created_at`, `updated_at`, `deleted_at`) VALUES ('9e9f8520-691c-4304-8419-b39fdc45be62', '1', '243d1ed1-4766-46a1-b4e0-2cef9e7beaf3', '$2a$10$fEfkf66Q91Jyef27VFMBYeYJkX.6aJFcXig7SQtsoixvsdoS0aIOu', '2022-08-22 10:03:13', '2022-08-22 10:03:13', '2022-08-22 10:07:13');
INSERT INTO `system_session` (`id`, `user_id`, `key`, `password_hash`, `created_at`, `updated_at`, `deleted_at`) VALUES ('9f0ff1ae-ddfc-4404-8b95-fdfe66853167', '1', 'e2582784-e9ea-4a91-9b1f-9cf6daa6298d', '$2a$10$fEfkf66Q91Jyef27VFMBYeYJkX.6aJFcXig7SQtsoixvsdoS0aIOu', '2022-05-13 15:54:52', '2022-05-13 15:54:52', '2022-05-13 16:02:51');
INSERT INTO `system_session` (`id`, `user_id`, `key`, `password_hash`, `created_at`, `updated_at`, `deleted_at`) VALUES ('9ffe4df9-ddfb-4186-8dab-9ec05d31f274', '1', 'e2f10368-a339-4288-ade2-6e126c911c57', '$2a$10$fEfkf66Q91Jyef27VFMBYeYJkX.6aJFcXig7SQtsoixvsdoS0aIOu', '2022-08-10 22:58:19', '2022-08-10 22:59:57', '2022-08-10 22:59:57');
INSERT INTO `system_session` (`id`, `user_id`, `key`, `password_hash`, `created_at`, `updated_at`, `deleted_at`) VALUES ('a0266dfc-b832-4bff-b8b8-79e70074f6f7', '1', '5b8424e3-e777-424e-a746-da71a08466c4', '$2a$10$fEfkf66Q91Jyef27VFMBYeYJkX.6aJFcXig7SQtsoixvsdoS0aIOu', '2022-05-20 17:31:19', '2022-05-20 17:31:19', '2022-05-22 15:02:54');
INSERT INTO `system_session` (`id`, `user_id`, `key`, `password_hash`, `created_at`, `updated_at`, `deleted_at`) VALUES ('a06fd76e-23b0-4ea4-92fd-23fc88a2f8c9', '1', '8f89b19c-0b65-4dbf-82d3-7140a756e8cd', '$2a$10$fEfkf66Q91Jyef27VFMBYeYJkX.6aJFcXig7SQtsoixvsdoS0aIOu', '2022-05-10 16:46:10', '2022-05-10 16:46:10', '2022-05-10 17:29:15');
INSERT INTO `system_session` (`id`, `user_id`, `key`, `password_hash`, `created_at`, `updated_at`, `deleted_at`) VALUES ('a0b2b8e8-f4d5-474f-8f17-3218c83cf003', '1', '205f1114-6d8f-4810-9063-c148746afa51', '$2a$10$fEfkf66Q91Jyef27VFMBYeYJkX.6aJFcXig7SQtsoixvsdoS0aIOu', '2022-05-11 14:42:02', '2022-05-11 14:42:02', '2022-05-11 15:15:27');
INSERT INTO `system_session` (`id`, `user_id`, `key`, `password_hash`, `created_at`, `updated_at`, `deleted_at`) VALUES ('a2069945-279c-41d2-8917-95546dcc91e5', '1', '5dd99857-19e9-4fe2-9ab7-5f9260b7e705', '$2a$10$fEfkf66Q91Jyef27VFMBYeYJkX.6aJFcXig7SQtsoixvsdoS0aIOu', '2022-06-20 15:50:54', '2022-06-20 16:54:27', '2022-06-20 16:54:27');
INSERT INTO `system_session` (`id`, `user_id`, `key`, `password_hash`, `created_at`, `updated_at`, `deleted_at`) VALUES ('a2f71b40-a057-49c9-9a23-c22a2e09ae0c', '1', 'b39df949-a40d-4a3a-a4dd-18beb3bb9a53', '$2a$10$fEfkf66Q91Jyef27VFMBYeYJkX.6aJFcXig7SQtsoixvsdoS0aIOu', '2022-05-10 21:37:14', '2022-05-10 21:37:14', '2022-05-11 10:18:31');
INSERT INTO `system_session` (`id`, `user_id`, `key`, `password_hash`, `created_at`, `updated_at`, `deleted_at`) VALUES ('a36098f3-7722-430f-b297-51f3b53c6e06', '1', 'aeb7f084-6d8a-4aad-b88e-34d20be4ccac', '$2a$10$fEfkf66Q91Jyef27VFMBYeYJkX.6aJFcXig7SQtsoixvsdoS0aIOu', '2022-06-07 22:36:32', '2022-06-07 22:36:32', '2022-06-08 10:33:12');
INSERT INTO `system_session` (`id`, `user_id`, `key`, `password_hash`, `created_at`, `updated_at`, `deleted_at`) VALUES ('a3806dbb-deeb-4f88-a2f3-c2cd2aae358e', '1', '9fe4cea4-1cb8-4014-ab88-f6ea06db7a7a', '$2a$10$fEfkf66Q91Jyef27VFMBYeYJkX.6aJFcXig7SQtsoixvsdoS0aIOu', '2022-06-22 17:51:16', '2022-06-22 17:51:16', '2022-06-22 18:26:11');
INSERT INTO `system_session` (`id`, `user_id`, `key`, `password_hash`, `created_at`, `updated_at`, `deleted_at`) VALUES ('a3aac43f-a6e4-40a4-b367-630c5af08faa', '1', 'eefa6897-9df0-459f-a944-8bee03241533', '$2a$10$fEfkf66Q91Jyef27VFMBYeYJkX.6aJFcXig7SQtsoixvsdoS0aIOu', '2022-08-15 16:09:43', '2022-08-15 16:09:43', '2022-08-15 16:23:59');
INSERT INTO `system_session` (`id`, `user_id`, `key`, `password_hash`, `created_at`, `updated_at`, `deleted_at`) VALUES ('a3cac603-0d22-433e-805d-5245a43178ab', '1', 'd6ceb699-3577-478d-b549-f45ef2a515c8', '$2a$10$fEfkf66Q91Jyef27VFMBYeYJkX.6aJFcXig7SQtsoixvsdoS0aIOu', '2022-08-25 16:04:07', '2022-08-25 16:04:07', '2022-08-25 20:39:51');
INSERT INTO `system_session` (`id`, `user_id`, `key`, `password_hash`, `created_at`, `updated_at`, `deleted_at`) VALUES ('a49b06d1-4a64-4cae-9bce-73b36f2a6ee0', '1', '78168311-8063-4f94-b62d-0d9a7e992f16', '$2a$10$fEfkf66Q91Jyef27VFMBYeYJkX.6aJFcXig7SQtsoixvsdoS0aIOu', '2022-05-13 16:02:51', '2022-05-13 16:05:59', '2022-05-13 16:05:59');
INSERT INTO `system_session` (`id`, `user_id`, `key`, `password_hash`, `created_at`, `updated_at`, `deleted_at`) VALUES ('a60a2547-16cd-410a-aca8-be4bdfe4ffe9', '1', 'ba3e6f4e-df59-4e1b-832f-7d1ffe2affbf', '$2a$10$fEfkf66Q91Jyef27VFMBYeYJkX.6aJFcXig7SQtsoixvsdoS0aIOu', '2022-05-31 19:14:54', '2022-05-31 19:14:54', '2022-05-31 23:16:52');
INSERT INTO `system_session` (`id`, `user_id`, `key`, `password_hash`, `created_at`, `updated_at`, `deleted_at`) VALUES ('a691f70c-432b-4f69-a2e8-654cbde03ebc', '1', 'ca38e5d5-1684-4bcd-a8c6-f277d567fb64', '$2a$10$fEfkf66Q91Jyef27VFMBYeYJkX.6aJFcXig7SQtsoixvsdoS0aIOu', '2022-05-13 15:20:04', '2022-05-13 15:20:04', '2022-05-13 15:20:40');
INSERT INTO `system_session` (`id`, `user_id`, `key`, `password_hash`, `created_at`, `updated_at`, `deleted_at`) VALUES ('a87e4287-e59e-47a8-960a-38c765139270', '1', '7e71edc0-eba4-4dae-9c21-12d3a45651b7', '$2a$10$fEfkf66Q91Jyef27VFMBYeYJkX.6aJFcXig7SQtsoixvsdoS0aIOu', '2022-06-04 21:48:50', '2022-06-04 21:50:39', '2022-06-04 21:50:39');
INSERT INTO `system_session` (`id`, `user_id`, `key`, `password_hash`, `created_at`, `updated_at`, `deleted_at`) VALUES ('a8a6e08c-e8c0-4582-a975-030893eff69a', '1', '79cc212e-cac3-427f-bf07-4147a10b057b', '$2a$10$fEfkf66Q91Jyef27VFMBYeYJkX.6aJFcXig7SQtsoixvsdoS0aIOu', '2022-05-13 15:50:58', '2022-05-13 15:50:58', '2022-05-13 15:51:30');
INSERT INTO `system_session` (`id`, `user_id`, `key`, `password_hash`, `created_at`, `updated_at`, `deleted_at`) VALUES ('a8f050f3-d73e-4031-bffb-eec18e39fdc1', '1', '52ff5ac7-2040-4209-8219-359b70e8f62a', '$2a$10$fEfkf66Q91Jyef27VFMBYeYJkX.6aJFcXig7SQtsoixvsdoS0aIOu', '2022-08-09 20:47:26', '2022-08-09 20:47:26', '2022-08-09 21:38:10');
INSERT INTO `system_session` (`id`, `user_id`, `key`, `password_hash`, `created_at`, `updated_at`, `deleted_at`) VALUES ('a924ce4b-45b0-4181-b437-ff8bc38ac8c7', '1', '97b2662f-99f2-4e29-b7b7-e351c0d5e728', '$2a$10$fEfkf66Q91Jyef27VFMBYeYJkX.6aJFcXig7SQtsoixvsdoS0aIOu', '2022-06-12 17:20:08', '2022-06-12 17:20:08', '2022-06-12 19:00:19');
INSERT INTO `system_session` (`id`, `user_id`, `key`, `password_hash`, `created_at`, `updated_at`, `deleted_at`) VALUES ('a9992073-0de2-4d04-bff5-48f4cf17729d', '1', '87317ec5-b80e-4952-a5f0-6579f61fbd7d', '$2a$10$fEfkf66Q91Jyef27VFMBYeYJkX.6aJFcXig7SQtsoixvsdoS0aIOu', '2022-08-22 11:28:32', '2022-08-22 11:28:32', '2022-08-22 11:30:42');
INSERT INTO `system_session` (`id`, `user_id`, `key`, `password_hash`, `created_at`, `updated_at`, `deleted_at`) VALUES ('ab1d53a7-4647-4506-9282-97d273070d23', '1', '745942fa-6a5e-4233-89d4-f0d50e492006', '$2a$10$fEfkf66Q91Jyef27VFMBYeYJkX.6aJFcXig7SQtsoixvsdoS0aIOu', '2022-08-24 11:56:44', '2022-08-24 11:56:44', '2022-08-25 11:47:25');
INSERT INTO `system_session` (`id`, `user_id`, `key`, `password_hash`, `created_at`, `updated_at`, `deleted_at`) VALUES ('ab62376d-ff56-4ef9-abf8-af78604025a7', '1', '607500c7-6edd-4721-888c-17e7e16f668a', '$2a$10$fEfkf66Q91Jyef27VFMBYeYJkX.6aJFcXig7SQtsoixvsdoS0aIOu', '2022-05-14 14:26:52', '2022-05-14 14:28:25', '2022-05-14 14:28:25');
INSERT INTO `system_session` (`id`, `user_id`, `key`, `password_hash`, `created_at`, `updated_at`, `deleted_at`) VALUES ('ab8c011c-9ac1-44ad-bdf5-c961d9536345', '1', 'a6e8bc64-4a98-41cb-980a-7792c16326e4', '$2a$10$fEfkf66Q91Jyef27VFMBYeYJkX.6aJFcXig7SQtsoixvsdoS0aIOu', '2022-06-27 22:18:46', '2022-06-27 22:18:46', '2022-06-28 14:43:46');
INSERT INTO `system_session` (`id`, `user_id`, `key`, `password_hash`, `created_at`, `updated_at`, `deleted_at`) VALUES ('ad9f0a6a-11ae-47de-83d3-143ff5baac34', '1', '9e9120a1-af78-4def-95b2-d4fbba05f2d6', '$2a$10$fEfkf66Q91Jyef27VFMBYeYJkX.6aJFcXig7SQtsoixvsdoS0aIOu', '2022-06-12 21:35:55', '2022-06-12 21:35:55', '2022-06-13 13:53:03');
INSERT INTO `system_session` (`id`, `user_id`, `key`, `password_hash`, `created_at`, `updated_at`, `deleted_at`) VALUES ('adceeac6-34ea-4d32-81e2-8675d4985367', '1', '227408b8-9bf2-4105-95bf-45e64e3b282b', '$2a$10$fEfkf66Q91Jyef27VFMBYeYJkX.6aJFcXig7SQtsoixvsdoS0aIOu', '2022-08-05 17:24:07', '2022-08-05 17:24:07', '2022-08-05 21:29:51');
INSERT INTO `system_session` (`id`, `user_id`, `key`, `password_hash`, `created_at`, `updated_at`, `deleted_at`) VALUES ('ae31d514-398f-4aea-a967-c75e9529f075', '1', '166f50c1-0506-4a0b-afeb-2dfeb640c134', '$2a$10$fEfkf66Q91Jyef27VFMBYeYJkX.6aJFcXig7SQtsoixvsdoS0aIOu', '2022-06-10 14:42:49', '2022-06-10 14:48:15', '2022-06-10 14:48:15');
INSERT INTO `system_session` (`id`, `user_id`, `key`, `password_hash`, `created_at`, `updated_at`, `deleted_at`) VALUES ('b00ffdba-d17b-40a8-87aa-3c97e0acad6c', '1', '93e992f3-e5f4-44a4-945c-0bdc3935bede', '$2a$10$fEfkf66Q91Jyef27VFMBYeYJkX.6aJFcXig7SQtsoixvsdoS0aIOu', '2022-09-26 16:26:52', '2022-09-26 16:26:52', '2022-09-27 09:18:43');
INSERT INTO `system_session` (`id`, `user_id`, `key`, `password_hash`, `created_at`, `updated_at`, `deleted_at`) VALUES ('b06a7a2a-3ac6-402e-9e07-228a3f1afcc9', '1', '80c69a61-eaec-4ada-81da-3393b188d6c9', '$2a$10$fEfkf66Q91Jyef27VFMBYeYJkX.6aJFcXig7SQtsoixvsdoS0aIOu', '2022-06-09 09:40:36', '2022-06-09 09:40:36', '2022-06-09 11:40:54');
INSERT INTO `system_session` (`id`, `user_id`, `key`, `password_hash`, `created_at`, `updated_at`, `deleted_at`) VALUES ('b20370b9-ef2c-4645-8913-f87d4543c25d', '1', 'b278e088-516c-4771-92fe-a9d75941a743', '$2a$10$fEfkf66Q91Jyef27VFMBYeYJkX.6aJFcXig7SQtsoixvsdoS0aIOu', '2022-05-11 15:18:10', '2022-05-11 15:18:10', '2022-05-11 15:22:49');
INSERT INTO `system_session` (`id`, `user_id`, `key`, `password_hash`, `created_at`, `updated_at`, `deleted_at`) VALUES ('b23dfb6e-6738-49f7-b442-b05727fdfc1a', '1', '42ced733-93cb-4301-accb-acc7debbde85', '$2a$10$fEfkf66Q91Jyef27VFMBYeYJkX.6aJFcXig7SQtsoixvsdoS0aIOu', '2022-05-31 14:48:25', '2022-05-31 16:54:12', '2022-05-31 16:54:12');
INSERT INTO `system_session` (`id`, `user_id`, `key`, `password_hash`, `created_at`, `updated_at`, `deleted_at`) VALUES ('b31fbe7b-02ec-43df-a6bb-ca9567eb5670', '1', 'a0653450-05e2-4589-bc26-8f6c8aaa3c50', '$2a$10$fEfkf66Q91Jyef27VFMBYeYJkX.6aJFcXig7SQtsoixvsdoS0aIOu', '2022-12-02 20:38:03', '2022-12-02 20:38:03', '2022-12-02 21:00:27');
INSERT INTO `system_session` (`id`, `user_id`, `key`, `password_hash`, `created_at`, `updated_at`, `deleted_at`) VALUES ('b3255f3d-985b-42ca-8d1e-0a221b66be9d', '1', 'cbac6172-cbba-4ebc-9f01-a4f3f1bd8387', '$2a$10$fEfkf66Q91Jyef27VFMBYeYJkX.6aJFcXig7SQtsoixvsdoS0aIOu', '2022-05-09 17:06:24', '2022-05-09 17:06:24', '2022-05-10 09:36:25');
INSERT INTO `system_session` (`id`, `user_id`, `key`, `password_hash`, `created_at`, `updated_at`, `deleted_at`) VALUES ('b3f4c45a-76a6-4bcb-873f-c4067f28fa25', '1', 'ad7e932e-7730-41da-9f0f-596ea043712b', '$2a$10$fEfkf66Q91Jyef27VFMBYeYJkX.6aJFcXig7SQtsoixvsdoS0aIOu', '2022-08-20 10:57:55', '2022-08-20 10:57:55', '2022-08-20 15:59:12');
INSERT INTO `system_session` (`id`, `user_id`, `key`, `password_hash`, `created_at`, `updated_at`, `deleted_at`) VALUES ('b462a9e4-e989-4779-a38b-a5a3ddad3fde', '1', 'a0803ab5-b88e-4c4a-b727-501a3ad45ae0', '$2a$10$fEfkf66Q91Jyef27VFMBYeYJkX.6aJFcXig7SQtsoixvsdoS0aIOu', '2022-07-12 09:33:27', '2022-07-12 09:33:27', '2022-07-12 09:56:35');
INSERT INTO `system_session` (`id`, `user_id`, `key`, `password_hash`, `created_at`, `updated_at`, `deleted_at`) VALUES ('b67e7253-b421-4fc6-9acf-b65e65804c29', '1', 'b0e25f21-6169-412f-9dbd-8f55a497e014', '$2a$10$fEfkf66Q91Jyef27VFMBYeYJkX.6aJFcXig7SQtsoixvsdoS0aIOu', '2022-05-05 08:32:57', '2022-05-05 08:32:57', '2022-05-05 08:35:58');
INSERT INTO `system_session` (`id`, `user_id`, `key`, `password_hash`, `created_at`, `updated_at`, `deleted_at`) VALUES ('b6fe69cb-9b17-479a-a764-9bea161fead3', '1', 'dae2b347-50b1-4427-b2fa-6be75a211f84', '$2a$10$fEfkf66Q91Jyef27VFMBYeYJkX.6aJFcXig7SQtsoixvsdoS0aIOu', '2022-07-17 18:09:56', '2022-07-17 18:09:56', '2022-07-18 08:43:29');
INSERT INTO `system_session` (`id`, `user_id`, `key`, `password_hash`, `created_at`, `updated_at`, `deleted_at`) VALUES ('b77830b7-307c-4639-93a0-d2022b4c9a87', '1', '951fb869-8391-4aa7-9095-5406a9df7f16', '$2a$10$fEfkf66Q91Jyef27VFMBYeYJkX.6aJFcXig7SQtsoixvsdoS0aIOu', '2022-06-24 15:53:44', '2022-06-24 15:53:44', '2022-06-25 18:24:41');
INSERT INTO `system_session` (`id`, `user_id`, `key`, `password_hash`, `created_at`, `updated_at`, `deleted_at`) VALUES ('b77c7496-8148-42b7-acc5-cf407de3fc08', '1', '60babef9-dd0b-461c-9c7b-ebdec144eb97', '$2a$10$fEfkf66Q91Jyef27VFMBYeYJkX.6aJFcXig7SQtsoixvsdoS0aIOu', '2022-05-22 15:02:54', '2022-05-22 15:02:54', '2022-05-22 16:47:41');
INSERT INTO `system_session` (`id`, `user_id`, `key`, `password_hash`, `created_at`, `updated_at`, `deleted_at`) VALUES ('bab50303-4622-4795-83aa-eb36ac83fe83', '1', '9e2519e8-2d57-4130-956b-3b280d4d8d61', '$2a$10$fEfkf66Q91Jyef27VFMBYeYJkX.6aJFcXig7SQtsoixvsdoS0aIOu', '2022-05-28 01:55:21', '2022-05-28 01:55:21', '2022-05-28 11:58:55');
INSERT INTO `system_session` (`id`, `user_id`, `key`, `password_hash`, `created_at`, `updated_at`, `deleted_at`) VALUES ('bc80c8ff-6c98-44a1-999a-cbd8f381919a', '1', '3fa9ac7f-316b-4dbd-81a2-ed3121a8f42b', '$2a$10$fEfkf66Q91Jyef27VFMBYeYJkX.6aJFcXig7SQtsoixvsdoS0aIOu', '2022-05-16 16:52:19', '2022-05-16 16:52:19', '2022-05-17 08:55:20');
INSERT INTO `system_session` (`id`, `user_id`, `key`, `password_hash`, `created_at`, `updated_at`, `deleted_at`) VALUES ('be4fd8c9-c31d-4591-af36-eada3a7956fb', '1', 'c3eafca2-97d8-4659-9210-e69fa06bb5f1', '$2a$10$fEfkf66Q91Jyef27VFMBYeYJkX.6aJFcXig7SQtsoixvsdoS0aIOu', '2022-06-06 16:20:15', '2022-06-06 16:20:15', '2022-06-07 14:36:44');
INSERT INTO `system_session` (`id`, `user_id`, `key`, `password_hash`, `created_at`, `updated_at`, `deleted_at`) VALUES ('be622991-0a41-479b-b6f1-16fcae5ac912', '1', 'b1bbc307-e7ba-4810-8ba1-3bec48d93e41', '$2a$10$fEfkf66Q91Jyef27VFMBYeYJkX.6aJFcXig7SQtsoixvsdoS0aIOu', '2022-08-24 10:44:37', '2022-08-24 10:44:37', '2022-08-24 11:56:44');
INSERT INTO `system_session` (`id`, `user_id`, `key`, `password_hash`, `created_at`, `updated_at`, `deleted_at`) VALUES ('beb02d5e-4dab-4508-a1ba-ea6a97fcf749', '1', '663a03bd-0409-4cba-943c-0c3c39b6b56d', '$2a$10$fEfkf66Q91Jyef27VFMBYeYJkX.6aJFcXig7SQtsoixvsdoS0aIOu', '2022-05-13 09:58:43', '2022-05-13 09:58:43', '2022-05-13 11:17:32');
INSERT INTO `system_session` (`id`, `user_id`, `key`, `password_hash`, `created_at`, `updated_at`, `deleted_at`) VALUES ('bf8c09c1-7416-4f5b-a54e-fcf8de294c3d', '1', '89cdd5bf-213b-4858-be23-4b9a66274bff', '$2a$10$fEfkf66Q91Jyef27VFMBYeYJkX.6aJFcXig7SQtsoixvsdoS0aIOu', '2022-05-31 23:16:52', '2022-05-31 23:16:52', '2022-06-03 20:55:11');
INSERT INTO `system_session` (`id`, `user_id`, `key`, `password_hash`, `created_at`, `updated_at`, `deleted_at`) VALUES ('c125ab79-ce6e-494f-b345-cc67ea5bc57e', '1', '5195c0be-b2cd-4d1a-ae81-dc0495ca9d47', '$2a$10$fEfkf66Q91Jyef27VFMBYeYJkX.6aJFcXig7SQtsoixvsdoS0aIOu', '2022-08-22 14:40:48', '2022-08-22 14:40:48', '2022-08-22 14:40:57');
INSERT INTO `system_session` (`id`, `user_id`, `key`, `password_hash`, `created_at`, `updated_at`, `deleted_at`) VALUES ('c2ef0a4b-572c-4a48-b688-57c1f19667ca', '1', '7570e117-ee90-4f57-81fa-86ea7c367c53', '$2a$10$fEfkf66Q91Jyef27VFMBYeYJkX.6aJFcXig7SQtsoixvsdoS0aIOu', '2022-06-24 09:16:12', '2022-06-24 09:16:12', '2022-06-24 10:50:07');
INSERT INTO `system_session` (`id`, `user_id`, `key`, `password_hash`, `created_at`, `updated_at`, `deleted_at`) VALUES ('c579597e-0071-4346-971c-61a2dc01d972', '1', '3e860679-c94c-4686-a17a-96e6aacb3351', '$2a$10$fEfkf66Q91Jyef27VFMBYeYJkX.6aJFcXig7SQtsoixvsdoS0aIOu', '2022-06-16 21:13:40', '2022-06-16 21:13:40', '2022-06-16 21:15:00');
INSERT INTO `system_session` (`id`, `user_id`, `key`, `password_hash`, `created_at`, `updated_at`, `deleted_at`) VALUES ('c826abdc-2cba-4613-9846-b7e4370c64ca', '1', '19b7b47a-79b8-4eda-b049-3202eb7c51e9', '$2a$10$fEfkf66Q91Jyef27VFMBYeYJkX.6aJFcXig7SQtsoixvsdoS0aIOu', '2022-08-18 23:59:36', '2022-08-18 23:59:36', '2022-08-19 15:43:47');
INSERT INTO `system_session` (`id`, `user_id`, `key`, `password_hash`, `created_at`, `updated_at`, `deleted_at`) VALUES ('c870824c-691f-46b3-930f-ce2f068b1d42', '1', '663b1087-84af-416f-bd36-a8c55eb8a56e', '$2a$10$fEfkf66Q91Jyef27VFMBYeYJkX.6aJFcXig7SQtsoixvsdoS0aIOu', '2022-08-10 22:52:31', '2022-08-10 22:52:31', '2022-08-10 22:58:19');
INSERT INTO `system_session` (`id`, `user_id`, `key`, `password_hash`, `created_at`, `updated_at`, `deleted_at`) VALUES ('c8d224fe-2883-488d-8b24-fb529a440527', '1', '0cbc4051-0b17-4d6e-ad17-753df9be3498', '$2a$10$fEfkf66Q91Jyef27VFMBYeYJkX.6aJFcXig7SQtsoixvsdoS0aIOu', '2022-08-18 18:57:02', '2022-08-18 18:57:02', '2022-08-18 23:59:36');
INSERT INTO `system_session` (`id`, `user_id`, `key`, `password_hash`, `created_at`, `updated_at`, `deleted_at`) VALUES ('c9e2e8ac-6dbf-4a62-a652-b8ce08f41027', '1', 'a5313ca7-f126-4848-87dd-e50541afd212', '$2a$10$fEfkf66Q91Jyef27VFMBYeYJkX.6aJFcXig7SQtsoixvsdoS0aIOu', '2022-05-16 11:26:34', '2022-05-16 11:26:34', '2022-05-16 16:52:06');
INSERT INTO `system_session` (`id`, `user_id`, `key`, `password_hash`, `created_at`, `updated_at`, `deleted_at`) VALUES ('ca21d3e8-d6e7-4a42-9472-8282ecbb66cb', '1', '865a2fb9-83f3-497e-8833-c5d1ff326f40', '$2a$10$fEfkf66Q91Jyef27VFMBYeYJkX.6aJFcXig7SQtsoixvsdoS0aIOu', '2022-08-12 21:06:34', '2022-08-12 21:06:34', '2022-08-13 18:41:08');
INSERT INTO `system_session` (`id`, `user_id`, `key`, `password_hash`, `created_at`, `updated_at`, `deleted_at`) VALUES ('cbdfc492-95b8-4419-b353-4f3cc1eaf3bf', '1', 'd2edf450-2e01-498f-aa26-5162c1572518', '$2a$10$fEfkf66Q91Jyef27VFMBYeYJkX.6aJFcXig7SQtsoixvsdoS0aIOu', '2022-05-15 17:21:58', '2022-05-15 17:21:58', '2022-05-15 19:49:39');
INSERT INTO `system_session` (`id`, `user_id`, `key`, `password_hash`, `created_at`, `updated_at`, `deleted_at`) VALUES ('cde495d3-c3d3-4efc-9836-a881e4feac58', '1', 'eff078d2-f093-4cea-90c9-9d1808a895e6', '$2a$10$fEfkf66Q91Jyef27VFMBYeYJkX.6aJFcXig7SQtsoixvsdoS0aIOu', '2022-06-05 21:35:31', '2022-06-05 21:35:31', '2022-06-06 00:13:59');
INSERT INTO `system_session` (`id`, `user_id`, `key`, `password_hash`, `created_at`, `updated_at`, `deleted_at`) VALUES ('cdf8af03-2f4c-4157-8641-d6e90a8841b4', '1', '8c8e333d-e526-4ee9-9fb2-b99be308eaa1', '$2a$10$fEfkf66Q91Jyef27VFMBYeYJkX.6aJFcXig7SQtsoixvsdoS0aIOu', '2022-06-24 10:54:24', '2022-06-24 10:54:24', '2022-06-24 14:55:25');
INSERT INTO `system_session` (`id`, `user_id`, `key`, `password_hash`, `created_at`, `updated_at`, `deleted_at`) VALUES ('ce7c1acf-71ca-4c24-b841-940ae44dca9f', '1', '06b395d5-7c44-458f-a15e-ee398527a72b', '$2a$10$fEfkf66Q91Jyef27VFMBYeYJkX.6aJFcXig7SQtsoixvsdoS0aIOu', '2022-11-11 11:42:57', '2022-11-11 11:42:57', '2022-11-11 11:43:47');
INSERT INTO `system_session` (`id`, `user_id`, `key`, `password_hash`, `created_at`, `updated_at`, `deleted_at`) VALUES ('d1169954-4a68-4f6b-8af1-5e3ecaa01994', '1', '8901d2f0-5b99-46d8-a9a4-16275c32e20b', '$2a$10$fEfkf66Q91Jyef27VFMBYeYJkX.6aJFcXig7SQtsoixvsdoS0aIOu', '2022-05-11 14:40:23', '2022-05-11 14:40:23', '2022-05-11 14:42:02');
INSERT INTO `system_session` (`id`, `user_id`, `key`, `password_hash`, `created_at`, `updated_at`, `deleted_at`) VALUES ('d184ffca-6e0d-4044-a574-888ebf356b0e', '1', 'b4c01819-f3fe-4ff1-8487-d4e480f8d142', '$2a$10$fEfkf66Q91Jyef27VFMBYeYJkX.6aJFcXig7SQtsoixvsdoS0aIOu', '2022-12-12 11:07:18', '2022-12-12 11:07:18', '2022-12-12 16:32:14');
INSERT INTO `system_session` (`id`, `user_id`, `key`, `password_hash`, `created_at`, `updated_at`, `deleted_at`) VALUES ('d1a6be4f-9081-4a49-ac87-f3c01cb2a9fa', '1', '446af771-5232-4737-9d3c-8b7c837edc7f', '$2a$10$fEfkf66Q91Jyef27VFMBYeYJkX.6aJFcXig7SQtsoixvsdoS0aIOu', '2022-08-22 14:40:34', '2022-08-22 14:40:34', '2022-08-22 14:40:39');
INSERT INTO `system_session` (`id`, `user_id`, `key`, `password_hash`, `created_at`, `updated_at`, `deleted_at`) VALUES ('d2851110-a74f-4361-b6ef-f68e252e3d04', '1', 'b596a40c-1154-47dd-9783-e79406536b4a', '$2a$10$fEfkf66Q91Jyef27VFMBYeYJkX.6aJFcXig7SQtsoixvsdoS0aIOu', '2022-07-19 14:26:30', '2022-07-19 14:26:30', '2022-07-19 17:23:15');
INSERT INTO `system_session` (`id`, `user_id`, `key`, `password_hash`, `created_at`, `updated_at`, `deleted_at`) VALUES ('d39229cf-a6f0-4390-8a29-2289fcd1cfbb', '1', 'c822f1d7-a842-4b49-b602-2decd2993454', '$2a$10$fEfkf66Q91Jyef27VFMBYeYJkX.6aJFcXig7SQtsoixvsdoS0aIOu', '2022-08-22 12:03:54', '2022-08-22 12:03:54', '2022-08-22 14:27:48');
INSERT INTO `system_session` (`id`, `user_id`, `key`, `password_hash`, `created_at`, `updated_at`, `deleted_at`) VALUES ('d41ffa7d-56e3-446b-863c-d6ffe0c82985', '1', 'aa5a5d36-6ac1-4c28-928e-ed813a1e1e51', '$2a$10$fEfkf66Q91Jyef27VFMBYeYJkX.6aJFcXig7SQtsoixvsdoS0aIOu', '2022-05-13 16:52:45', '2022-05-13 16:52:45', '2022-05-13 17:06:47');
INSERT INTO `system_session` (`id`, `user_id`, `key`, `password_hash`, `created_at`, `updated_at`, `deleted_at`) VALUES ('d4618045-e8c9-42b4-aef6-c9a21b940571', '1', 'd615d8ee-1bb3-4ed9-b758-d138b79fac5c', '$2a$10$fEfkf66Q91Jyef27VFMBYeYJkX.6aJFcXig7SQtsoixvsdoS0aIOu', '2022-06-10 18:55:16', '2022-06-10 18:55:16', '2022-06-10 23:54:50');
INSERT INTO `system_session` (`id`, `user_id`, `key`, `password_hash`, `created_at`, `updated_at`, `deleted_at`) VALUES ('d5827495-483f-4972-8918-9f6ef7479db2', '1', 'c7f2713a-06be-4280-943e-3ef742dbd191', '$2a$10$fEfkf66Q91Jyef27VFMBYeYJkX.6aJFcXig7SQtsoixvsdoS0aIOu', '2022-06-05 13:39:16', '2022-06-05 13:39:16', '2022-06-05 17:37:05');
INSERT INTO `system_session` (`id`, `user_id`, `key`, `password_hash`, `created_at`, `updated_at`, `deleted_at`) VALUES ('d69df19e-5b8f-41a7-b6c3-ea7acc7730b7', '1', 'b4c4efad-d420-41ba-ac47-17b046619a7b', '$2a$10$fEfkf66Q91Jyef27VFMBYeYJkX.6aJFcXig7SQtsoixvsdoS0aIOu', '2022-08-23 16:27:57', '2022-08-23 16:27:57', '2022-08-24 10:44:37');
INSERT INTO `system_session` (`id`, `user_id`, `key`, `password_hash`, `created_at`, `updated_at`, `deleted_at`) VALUES ('d71ecf10-351a-4559-9e2b-39b4be8eff00', '1', '7e4525a9-a177-408a-86e6-64070987a229', '$2a$10$fEfkf66Q91Jyef27VFMBYeYJkX.6aJFcXig7SQtsoixvsdoS0aIOu', '2022-05-07 09:38:11', '2022-05-07 09:38:11', '2022-05-07 15:43:36');
INSERT INTO `system_session` (`id`, `user_id`, `key`, `password_hash`, `created_at`, `updated_at`, `deleted_at`) VALUES ('d7a7e8bc-46d7-4b17-b920-53d76daf5640', '1', 'd6f1edb6-8629-46a6-bccf-151f9e76064c', '$2a$10$fEfkf66Q91Jyef27VFMBYeYJkX.6aJFcXig7SQtsoixvsdoS0aIOu', '2022-06-12 21:27:28', '2022-06-12 21:35:29', '2022-06-12 21:35:29');
INSERT INTO `system_session` (`id`, `user_id`, `key`, `password_hash`, `created_at`, `updated_at`, `deleted_at`) VALUES ('d80d2738-f8c4-44c0-b024-3214e44ddca8', '1', '739f61fa-ed55-43e1-9f03-b1b5e52d4b7a', '$2a$10$fEfkf66Q91Jyef27VFMBYeYJkX.6aJFcXig7SQtsoixvsdoS0aIOu', '2022-06-22 16:06:29', '2022-06-22 16:06:29', '2022-06-22 16:33:19');
INSERT INTO `system_session` (`id`, `user_id`, `key`, `password_hash`, `created_at`, `updated_at`, `deleted_at`) VALUES ('d98a41e4-ebdc-4559-9277-033c0df5ed1c', '1', 'bcae3ea5-f1ad-4b17-bce3-7fb93f2a8375', '$2a$10$fEfkf66Q91Jyef27VFMBYeYJkX.6aJFcXig7SQtsoixvsdoS0aIOu', '2022-07-12 11:13:02', '2022-07-12 11:13:02', '2022-07-12 11:17:00');
INSERT INTO `system_session` (`id`, `user_id`, `key`, `password_hash`, `created_at`, `updated_at`, `deleted_at`) VALUES ('d98a7db0-4847-43fe-95ab-22bb6ab590e1', '1', '3f9cdfe4-6f7c-4f30-930a-6bbfcf9b468e', '$2a$10$fEfkf66Q91Jyef27VFMBYeYJkX.6aJFcXig7SQtsoixvsdoS0aIOu', '2022-05-13 15:43:58', '2022-05-13 15:44:25', '2022-05-13 15:44:25');
INSERT INTO `system_session` (`id`, `user_id`, `key`, `password_hash`, `created_at`, `updated_at`, `deleted_at`) VALUES ('dabcbc3f-22d4-4159-ada5-de6672f0fb22', '1', 'cf67c6b4-9061-422f-b819-7c772bc1dd23', '$2a$10$fEfkf66Q91Jyef27VFMBYeYJkX.6aJFcXig7SQtsoixvsdoS0aIOu', '2022-05-12 15:19:36', '2022-05-12 15:19:36', '2022-05-12 15:36:09');
INSERT INTO `system_session` (`id`, `user_id`, `key`, `password_hash`, `created_at`, `updated_at`, `deleted_at`) VALUES ('dad3bae3-13b5-497b-8e31-ca72fba693f2', '1', '8ce62d4b-1f9a-4407-9ec4-9063b250d902', '$2a$10$fEfkf66Q91Jyef27VFMBYeYJkX.6aJFcXig7SQtsoixvsdoS0aIOu', '2022-08-22 16:53:18', '2022-08-22 16:53:18', '2022-08-22 16:54:39');
INSERT INTO `system_session` (`id`, `user_id`, `key`, `password_hash`, `created_at`, `updated_at`, `deleted_at`) VALUES ('daf819b8-ab56-4ab9-b18d-b9e5eddbe2aa', '1', '2d49a46c-74e9-4327-9385-0bda6e7e0a5f', '$2a$10$fEfkf66Q91Jyef27VFMBYeYJkX.6aJFcXig7SQtsoixvsdoS0aIOu', '2022-06-16 21:13:05', '2022-06-16 21:13:05', '2022-06-16 21:13:40');
INSERT INTO `system_session` (`id`, `user_id`, `key`, `password_hash`, `created_at`, `updated_at`, `deleted_at`) VALUES ('db7db8c9-cde5-44d0-ba8f-0ce06b7d0e32', '1', 'c860b4d9-3db4-4193-b6a6-0c783f35de82', '$2a$10$fEfkf66Q91Jyef27VFMBYeYJkX.6aJFcXig7SQtsoixvsdoS0aIOu', '2022-05-13 16:07:41', '2022-05-13 16:07:44', '2022-05-13 16:07:44');
INSERT INTO `system_session` (`id`, `user_id`, `key`, `password_hash`, `created_at`, `updated_at`, `deleted_at`) VALUES ('dc0c9549-38c8-4b87-af47-7b7ff4b15cf0', '1', 'b85e9069-195c-457d-b6e3-b69c61ab4d28', '$2a$10$fEfkf66Q91Jyef27VFMBYeYJkX.6aJFcXig7SQtsoixvsdoS0aIOu', '2022-07-14 09:20:45', '2022-07-14 09:20:45', '2022-07-15 16:02:30');
INSERT INTO `system_session` (`id`, `user_id`, `key`, `password_hash`, `created_at`, `updated_at`, `deleted_at`) VALUES ('dc536a05-4c97-4408-978f-ef9d8ee53d88', '1', 'ab34cebc-b230-4367-ad73-cbdb07ee96ac', '$2a$10$fEfkf66Q91Jyef27VFMBYeYJkX.6aJFcXig7SQtsoixvsdoS0aIOu', '2022-05-11 12:20:38', '2022-05-11 12:20:38', '2022-05-11 14:01:02');
INSERT INTO `system_session` (`id`, `user_id`, `key`, `password_hash`, `created_at`, `updated_at`, `deleted_at`) VALUES ('dd00d1fe-3d57-43cf-9f0c-d20960eccad2', '1', 'ec7a3081-7740-4015-b9d2-2edcf54d8ccb', '$2a$10$fEfkf66Q91Jyef27VFMBYeYJkX.6aJFcXig7SQtsoixvsdoS0aIOu', '2022-11-29 16:40:41', '2022-11-29 16:41:25', '2022-11-29 16:41:25');
INSERT INTO `system_session` (`id`, `user_id`, `key`, `password_hash`, `created_at`, `updated_at`, `deleted_at`) VALUES ('dd29b8e9-1f8d-49da-8dd7-b6854be10c8f', '1', '9018412c-33e4-42b2-911a-374bd4a5d343', '$2a$10$fEfkf66Q91Jyef27VFMBYeYJkX.6aJFcXig7SQtsoixvsdoS0aIOu', '2022-06-12 19:50:50', '2022-06-12 19:50:50', '2022-06-12 21:27:28');
INSERT INTO `system_session` (`id`, `user_id`, `key`, `password_hash`, `created_at`, `updated_at`, `deleted_at`) VALUES ('dd756180-9996-4b82-a4ac-c1596d1d1975', '1', '0d6f9985-7b1f-48c6-a564-29f478f97e65', '$2a$10$fEfkf66Q91Jyef27VFMBYeYJkX.6aJFcXig7SQtsoixvsdoS0aIOu', '2022-06-24 10:50:07', '2022-06-24 10:50:07', '2022-06-24 10:54:24');
INSERT INTO `system_session` (`id`, `user_id`, `key`, `password_hash`, `created_at`, `updated_at`, `deleted_at`) VALUES ('dfedd3ec-f06e-400e-bc6f-352d4cf72c3c', '1', 'bfd7ed23-0980-4014-989b-ffd1e2359eb3', '$2a$10$fEfkf66Q91Jyef27VFMBYeYJkX.6aJFcXig7SQtsoixvsdoS0aIOu', '2022-05-11 17:14:08', '2022-05-11 17:14:08', '2022-05-12 14:51:28');
INSERT INTO `system_session` (`id`, `user_id`, `key`, `password_hash`, `created_at`, `updated_at`, `deleted_at`) VALUES ('e125354e-e01d-49b9-961e-2c9aa75e2b07', '1', 'f1ca6675-1ba5-490e-b857-932c2d25d784', '$2a$10$fEfkf66Q91Jyef27VFMBYeYJkX.6aJFcXig7SQtsoixvsdoS0aIOu', '2022-05-13 15:20:40', '2022-05-13 15:20:40', '2022-05-13 15:22:00');
INSERT INTO `system_session` (`id`, `user_id`, `key`, `password_hash`, `created_at`, `updated_at`, `deleted_at`) VALUES ('e186a527-a36b-478b-97f3-141078498368', '1', '30922b67-d687-4813-a7a6-acb0f705e3f3', '$2a$10$fEfkf66Q91Jyef27VFMBYeYJkX.6aJFcXig7SQtsoixvsdoS0aIOu', '2022-07-09 16:35:07', '2022-07-09 16:35:07', '2022-07-10 21:10:58');
INSERT INTO `system_session` (`id`, `user_id`, `key`, `password_hash`, `created_at`, `updated_at`, `deleted_at`) VALUES ('e2628270-1f18-4d02-ad4a-8d6724741e6b', '1', '9b7e63f6-27d5-455f-9549-6aa552c2ea4f', '$2a$10$fEfkf66Q91Jyef27VFMBYeYJkX.6aJFcXig7SQtsoixvsdoS0aIOu', '2022-08-09 22:28:30', '2022-08-09 22:30:10', '2022-08-09 22:30:10');
INSERT INTO `system_session` (`id`, `user_id`, `key`, `password_hash`, `created_at`, `updated_at`, `deleted_at`) VALUES ('e2701cf7-3582-4fbe-b706-d3123f1bf83d', '1', 'ceccde13-c871-4242-9412-f602064a70fd', '$2a$10$fEfkf66Q91Jyef27VFMBYeYJkX.6aJFcXig7SQtsoixvsdoS0aIOu', '2022-05-15 11:08:59', '2022-05-15 11:13:06', '2022-05-15 11:13:06');
INSERT INTO `system_session` (`id`, `user_id`, `key`, `password_hash`, `created_at`, `updated_at`, `deleted_at`) VALUES ('e2fceb32-70af-436a-81fa-b227538018dd', '1', 'd4db0eeb-fd7e-49fe-8554-b7b35a07d216', '$2a$10$fEfkf66Q91Jyef27VFMBYeYJkX.6aJFcXig7SQtsoixvsdoS0aIOu', '2022-08-21 21:15:19', '2022-08-21 21:15:19', '2022-08-22 08:56:56');
INSERT INTO `system_session` (`id`, `user_id`, `key`, `password_hash`, `created_at`, `updated_at`, `deleted_at`) VALUES ('e3b8b6a7-3c0e-4306-9327-c38c7fd53219', '1', '4080b553-5621-4518-abbf-e4eeaa08218a', '$2a$10$fEfkf66Q91Jyef27VFMBYeYJkX.6aJFcXig7SQtsoixvsdoS0aIOu', '2022-05-13 15:28:21', '2022-05-13 15:28:21', '2022-05-13 15:29:09');
INSERT INTO `system_session` (`id`, `user_id`, `key`, `password_hash`, `created_at`, `updated_at`, `deleted_at`) VALUES ('e4180be6-447d-48e6-95da-8e68657d4ac3', '1', '0b865ef4-e763-46be-ae86-bb4c09b46b30', '$2a$10$fEfkf66Q91Jyef27VFMBYeYJkX.6aJFcXig7SQtsoixvsdoS0aIOu', '2022-05-13 15:40:18', '2022-05-13 15:40:33', '2022-05-13 15:40:33');
INSERT INTO `system_session` (`id`, `user_id`, `key`, `password_hash`, `created_at`, `updated_at`, `deleted_at`) VALUES ('e4b12e04-ab19-408a-b425-3b8c8b79e240', '1', '08ffe5fd-e5e5-4435-8556-7f146b9b5a18', '$2a$10$fEfkf66Q91Jyef27VFMBYeYJkX.6aJFcXig7SQtsoixvsdoS0aIOu', '2022-05-17 15:41:08', '2022-05-17 15:41:08', '2022-05-17 16:29:44');
INSERT INTO `system_session` (`id`, `user_id`, `key`, `password_hash`, `created_at`, `updated_at`, `deleted_at`) VALUES ('e54984d4-4251-497d-a24a-fafb5ca41b0f', '1', '63ebcfce-748e-4afc-8370-e2d6a5492265', '$2a$10$fEfkf66Q91Jyef27VFMBYeYJkX.6aJFcXig7SQtsoixvsdoS0aIOu', '2022-05-01 18:20:17', '2022-05-01 18:20:17', '2022-05-02 01:23:34');
INSERT INTO `system_session` (`id`, `user_id`, `key`, `password_hash`, `created_at`, `updated_at`, `deleted_at`) VALUES ('e576513e-5588-48a5-bdbd-728c445901a8', '1', '6ebb1bb4-5a04-4806-9599-39fb11958052', '$2a$10$fEfkf66Q91Jyef27VFMBYeYJkX.6aJFcXig7SQtsoixvsdoS0aIOu', '2022-05-12 15:52:27', '2022-05-12 15:52:27', '2022-05-12 15:57:07');
INSERT INTO `system_session` (`id`, `user_id`, `key`, `password_hash`, `created_at`, `updated_at`, `deleted_at`) VALUES ('e7358da8-caff-4144-9206-f5e250a336f4', '1', 'bffe8709-d7b8-4086-9497-a68bd63377ea', '$2a$10$fEfkf66Q91Jyef27VFMBYeYJkX.6aJFcXig7SQtsoixvsdoS0aIOu', '2022-07-01 21:51:52', '2022-07-01 21:51:52', '2022-07-01 22:19:02');
INSERT INTO `system_session` (`id`, `user_id`, `key`, `password_hash`, `created_at`, `updated_at`, `deleted_at`) VALUES ('e79305cd-0a98-44a9-aaf6-bf72e8465b9e', '1', '71ce2adc-1946-4f6c-9884-cf3c1f377365', '$2a$10$fEfkf66Q91Jyef27VFMBYeYJkX.6aJFcXig7SQtsoixvsdoS0aIOu', '2022-05-17 08:55:20', '2022-05-17 08:55:20', '2022-05-17 09:10:55');
INSERT INTO `system_session` (`id`, `user_id`, `key`, `password_hash`, `created_at`, `updated_at`, `deleted_at`) VALUES ('e8de23b1-0f55-456b-bfd9-3112bae99aa3', '1', 'bc04cf23-ce64-4a1e-b5ca-6a4fcdac1c33', '$2a$10$fEfkf66Q91Jyef27VFMBYeYJkX.6aJFcXig7SQtsoixvsdoS0aIOu', '2022-06-22 18:50:31', '2022-06-22 18:50:31', '2022-06-23 09:30:30');
INSERT INTO `system_session` (`id`, `user_id`, `key`, `password_hash`, `created_at`, `updated_at`, `deleted_at`) VALUES ('e96165d8-999d-4be2-992d-a7c97ed45803', '1', '8fea72bb-cf57-4f4c-9339-7f193c6499b0', '$2a$10$fEfkf66Q91Jyef27VFMBYeYJkX.6aJFcXig7SQtsoixvsdoS0aIOu', '2022-05-13 15:41:15', '2022-05-13 15:43:44', '2022-05-13 15:43:44');
INSERT INTO `system_session` (`id`, `user_id`, `key`, `password_hash`, `created_at`, `updated_at`, `deleted_at`) VALUES ('e9ab3a1b-0153-4f9d-a52f-dfe40868ae76', '1', 'c7b773e9-d0b6-473e-a564-9962e90a0b66', '$2a$10$fEfkf66Q91Jyef27VFMBYeYJkX.6aJFcXig7SQtsoixvsdoS0aIOu', '2022-07-19 17:23:15', '2022-07-19 17:23:15', '2022-07-20 01:52:48');
INSERT INTO `system_session` (`id`, `user_id`, `key`, `password_hash`, `created_at`, `updated_at`, `deleted_at`) VALUES ('ea3c6fb0-65e3-4e7d-b4d6-5f6cd555a5cc', '1', '6f62b05b-fe5a-47d6-b4c3-f2ff30f9bc05', '$2a$10$fEfkf66Q91Jyef27VFMBYeYJkX.6aJFcXig7SQtsoixvsdoS0aIOu', '2022-07-20 13:20:13', '2022-07-20 13:20:13', '2022-07-20 17:27:54');
INSERT INTO `system_session` (`id`, `user_id`, `key`, `password_hash`, `created_at`, `updated_at`, `deleted_at`) VALUES ('ea47f552-d19e-45a6-9b37-e143d2659651', '1', '1468fd6a-22d2-4557-ba48-9bad1680626a', '$2a$10$fEfkf66Q91Jyef27VFMBYeYJkX.6aJFcXig7SQtsoixvsdoS0aIOu', '2022-11-29 16:50:54', '2022-11-29 16:50:54', '2022-11-29 21:11:10');
INSERT INTO `system_session` (`id`, `user_id`, `key`, `password_hash`, `created_at`, `updated_at`, `deleted_at`) VALUES ('eaa0ba91-cc5c-4d85-93ac-2cb08feff1fb', '1', 'a7f9c82f-cdd5-4378-96f9-193074297003', '$2a$10$fEfkf66Q91Jyef27VFMBYeYJkX.6aJFcXig7SQtsoixvsdoS0aIOu', '2022-11-11 11:32:43', '2022-11-11 11:32:43', '2022-11-11 11:41:51');
INSERT INTO `system_session` (`id`, `user_id`, `key`, `password_hash`, `created_at`, `updated_at`, `deleted_at`) VALUES ('eae46ab3-4d4b-4c88-bcba-5f12395fb7e2', '1', '19bf2128-9130-4e85-825c-9c3461fd1abe', '$2a$10$fEfkf66Q91Jyef27VFMBYeYJkX.6aJFcXig7SQtsoixvsdoS0aIOu', '2022-06-12 11:31:43', '2022-06-12 11:31:43', '2022-06-12 11:40:35');
INSERT INTO `system_session` (`id`, `user_id`, `key`, `password_hash`, `created_at`, `updated_at`, `deleted_at`) VALUES ('eb2d8b89-1e8e-4eef-981a-453739d8251e', '1', '84dadda2-9c5b-4381-9a30-d818dffbe1dd', '$2a$10$fEfkf66Q91Jyef27VFMBYeYJkX.6aJFcXig7SQtsoixvsdoS0aIOu', '2022-11-11 11:43:47', '2022-11-11 11:43:47', '2022-11-28 13:23:03');
INSERT INTO `system_session` (`id`, `user_id`, `key`, `password_hash`, `created_at`, `updated_at`, `deleted_at`) VALUES ('eb56d61a-e0d0-4b65-9c72-27a5739deb69', '1', 'f44b34c8-9395-4b0c-880d-3b42497cef40', '$2a$10$fEfkf66Q91Jyef27VFMBYeYJkX.6aJFcXig7SQtsoixvsdoS0aIOu', '2022-08-05 10:22:19', '2022-08-05 10:22:19', '2022-08-05 16:14:36');
INSERT INTO `system_session` (`id`, `user_id`, `key`, `password_hash`, `created_at`, `updated_at`, `deleted_at`) VALUES ('eb807d91-5e69-4e6e-a7a6-4d2c6c1fb991', '1', '9b7b8ef7-f8b3-4f15-88c7-23623ca549f7', '$2a$10$fEfkf66Q91Jyef27VFMBYeYJkX.6aJFcXig7SQtsoixvsdoS0aIOu', '2022-07-13 08:02:49', '2022-07-13 08:02:49', '2022-07-13 17:54:30');
INSERT INTO `system_session` (`id`, `user_id`, `key`, `password_hash`, `created_at`, `updated_at`, `deleted_at`) VALUES ('ec318ec0-30a8-4f93-a4e5-e8e8192f66b0', '1', '7ae06a6d-13a3-4a80-a037-9604cc7d8127', '$2a$10$fEfkf66Q91Jyef27VFMBYeYJkX.6aJFcXig7SQtsoixvsdoS0aIOu', '2022-12-06 14:47:45', '2022-12-06 14:47:45', '2022-12-06 21:36:30');
INSERT INTO `system_session` (`id`, `user_id`, `key`, `password_hash`, `created_at`, `updated_at`, `deleted_at`) VALUES ('ec5af815-b9aa-4b27-8e1a-14f650f4df32', '1', '71797ebd-cd0e-42af-8c89-629719244f3f', '$2a$10$fEfkf66Q91Jyef27VFMBYeYJkX.6aJFcXig7SQtsoixvsdoS0aIOu', '2022-08-20 15:59:12', '2022-08-20 16:17:20', '2022-08-20 16:17:20');
INSERT INTO `system_session` (`id`, `user_id`, `key`, `password_hash`, `created_at`, `updated_at`, `deleted_at`) VALUES ('ec7d2311-7905-47ee-a39f-9dfcf8811117', '1', 'd3d6e43f-ac9a-4953-8ae4-a9587f9a1df5', '$2a$10$fEfkf66Q91Jyef27VFMBYeYJkX.6aJFcXig7SQtsoixvsdoS0aIOu', '2022-08-22 14:42:12', '2022-08-22 14:42:12', '2022-08-22 15:03:17');
INSERT INTO `system_session` (`id`, `user_id`, `key`, `password_hash`, `created_at`, `updated_at`, `deleted_at`) VALUES ('eccc9ddf-3413-4c97-897d-5dceecac21b9', '1', '73984774-7d2a-46c4-abde-147172bc5296', '$2a$10$fEfkf66Q91Jyef27VFMBYeYJkX.6aJFcXig7SQtsoixvsdoS0aIOu', '2022-05-11 15:22:49', '2022-05-11 15:22:49', '2022-05-11 15:47:06');
INSERT INTO `system_session` (`id`, `user_id`, `key`, `password_hash`, `created_at`, `updated_at`, `deleted_at`) VALUES ('eec4c7ef-753a-4dea-88ad-572ad4e3dc18', '1', '90642ac5-78e8-41a8-8067-d7d8eb4c2d9d', '$2a$10$fEfkf66Q91Jyef27VFMBYeYJkX.6aJFcXig7SQtsoixvsdoS0aIOu', '2022-06-23 22:15:07', '2022-06-23 22:17:13', '2022-06-23 22:17:13');
INSERT INTO `system_session` (`id`, `user_id`, `key`, `password_hash`, `created_at`, `updated_at`, `deleted_at`) VALUES ('ef499f89-7d05-4887-b27c-123c3b649c4c', '1', '7fb0eb8a-0280-47fc-b8f6-6816397d5cba', '$2a$10$fEfkf66Q91Jyef27VFMBYeYJkX.6aJFcXig7SQtsoixvsdoS0aIOu', '2022-07-20 17:27:54', '2022-07-20 17:27:54', '2022-07-25 09:07:33');
INSERT INTO `system_session` (`id`, `user_id`, `key`, `password_hash`, `created_at`, `updated_at`, `deleted_at`) VALUES ('ef7360b8-5b71-4ea2-8ce8-d5125cc93c2d', '1', 'f9c8bbf6-3d35-49c0-bc7f-f22f3f89ae85', '$2a$10$fEfkf66Q91Jyef27VFMBYeYJkX.6aJFcXig7SQtsoixvsdoS0aIOu', '2022-06-14 20:00:21', '2022-06-14 20:00:21', '2022-06-15 10:58:33');
INSERT INTO `system_session` (`id`, `user_id`, `key`, `password_hash`, `created_at`, `updated_at`, `deleted_at`) VALUES ('f0a3803f-4b49-4be6-9e91-949863a1dd90', '1', '2a46264f-9007-4512-a474-9faebae41614', '$2a$10$fEfkf66Q91Jyef27VFMBYeYJkX.6aJFcXig7SQtsoixvsdoS0aIOu', '2022-05-13 15:51:50', '2022-05-13 15:51:50', '2022-05-13 15:54:52');
INSERT INTO `system_session` (`id`, `user_id`, `key`, `password_hash`, `created_at`, `updated_at`, `deleted_at`) VALUES ('f0ddf4e4-8a99-44e3-815a-ec9c3028ced4', '1', 'ccf7fdb4-d920-4442-85ce-f7b736013eef', '$2a$10$fEfkf66Q91Jyef27VFMBYeYJkX.6aJFcXig7SQtsoixvsdoS0aIOu', '2022-05-04 15:32:44', '2022-05-04 15:32:44', '2022-05-05 07:46:45');
INSERT INTO `system_session` (`id`, `user_id`, `key`, `password_hash`, `created_at`, `updated_at`, `deleted_at`) VALUES ('f1a0b388-8e1d-44c2-b144-eb23b36af7d8', '1', 'eb0923e7-3f04-454c-b712-b6c1e266f90a', '$2a$10$fEfkf66Q91Jyef27VFMBYeYJkX.6aJFcXig7SQtsoixvsdoS0aIOu', '2022-05-15 19:49:39', '2022-05-15 19:49:39', '2022-05-16 11:26:34');
INSERT INTO `system_session` (`id`, `user_id`, `key`, `password_hash`, `created_at`, `updated_at`, `deleted_at`) VALUES ('f255e0c0-dd91-4436-af4c-96d280dcd7f3', '1', '7286e5ea-5256-454b-a746-7d2c42556577', '$2a$10$fEfkf66Q91Jyef27VFMBYeYJkX.6aJFcXig7SQtsoixvsdoS0aIOu', '2022-05-31 08:26:43', '2022-05-31 08:26:43', '2022-05-31 09:40:41');
INSERT INTO `system_session` (`id`, `user_id`, `key`, `password_hash`, `created_at`, `updated_at`, `deleted_at`) VALUES ('f26faac0-5938-442e-a434-b426ed9f5a42', '1', '2a980d2a-b20f-4a77-8d50-e7d4a43bd0e2', '$2a$10$fEfkf66Q91Jyef27VFMBYeYJkX.6aJFcXig7SQtsoixvsdoS0aIOu', '2022-08-10 13:05:43', '2022-08-10 13:05:43', '2022-08-10 13:11:21');
INSERT INTO `system_session` (`id`, `user_id`, `key`, `password_hash`, `created_at`, `updated_at`, `deleted_at`) VALUES ('f32814f2-3936-40cb-8656-4b8a0d894273', '1', 'b8526ede-7a18-41b5-a12b-f1624abbc02e', '$2a$10$fEfkf66Q91Jyef27VFMBYeYJkX.6aJFcXig7SQtsoixvsdoS0aIOu', '2022-06-13 13:53:03', '2022-06-13 13:53:03', '2022-06-13 21:57:01');
INSERT INTO `system_session` (`id`, `user_id`, `key`, `password_hash`, `created_at`, `updated_at`, `deleted_at`) VALUES ('f396b820-ace5-41d5-953b-8af182ec2866', '1', '742b5abd-b139-49e7-9705-7e9cfd82cde6', '$2a$10$fEfkf66Q91Jyef27VFMBYeYJkX.6aJFcXig7SQtsoixvsdoS0aIOu', '2022-06-27 14:02:52', '2022-06-27 14:02:52', '2022-06-27 18:52:47');
INSERT INTO `system_session` (`id`, `user_id`, `key`, `password_hash`, `created_at`, `updated_at`, `deleted_at`) VALUES ('f3f5818c-9615-4c41-9a4f-d2e8f1ce9dac', '1', '3ae94889-486f-42fa-a386-ca2f29484f95', '$2a$10$fEfkf66Q91Jyef27VFMBYeYJkX.6aJFcXig7SQtsoixvsdoS0aIOu', '2022-05-19 15:56:21', '2022-05-19 15:56:21', '2022-05-19 20:40:46');
INSERT INTO `system_session` (`id`, `user_id`, `key`, `password_hash`, `created_at`, `updated_at`, `deleted_at`) VALUES ('f49f6b9f-4fb7-445c-8b97-11a949fae3e6', '1', '20766415-b332-42a3-b563-d624e53a7955', '$2a$10$fEfkf66Q91Jyef27VFMBYeYJkX.6aJFcXig7SQtsoixvsdoS0aIOu', '2022-04-29 14:38:51', '2022-04-29 14:38:51', '2022-04-30 15:41:46');
INSERT INTO `system_session` (`id`, `user_id`, `key`, `password_hash`, `created_at`, `updated_at`, `deleted_at`) VALUES ('f4cf383a-317b-4678-a60c-aa0a6a3e7b21', '1', 'd8362292-b8fb-442f-a0bb-e3c9819d77c8', '$2a$10$fEfkf66Q91Jyef27VFMBYeYJkX.6aJFcXig7SQtsoixvsdoS0aIOu', '2022-05-29 14:12:29', '2022-05-29 14:12:29', '2022-05-30 14:56:46');
INSERT INTO `system_session` (`id`, `user_id`, `key`, `password_hash`, `created_at`, `updated_at`, `deleted_at`) VALUES ('f524d7ac-5a0c-4755-96ae-828ffe564a3b', '1', 'a3bff2b1-a893-42b2-96a7-20e72a7120d1', '$2a$10$fEfkf66Q91Jyef27VFMBYeYJkX.6aJFcXig7SQtsoixvsdoS0aIOu', '2022-06-29 16:36:27', '2022-06-29 16:36:27', '2022-06-30 09:22:53');
INSERT INTO `system_session` (`id`, `user_id`, `key`, `password_hash`, `created_at`, `updated_at`, `deleted_at`) VALUES ('f53e2c2f-00d6-4e65-9dc6-eedfc4a8570b', '1', '28193bdf-ac72-4cf9-9321-ddef088e05c5', '$2a$10$fEfkf66Q91Jyef27VFMBYeYJkX.6aJFcXig7SQtsoixvsdoS0aIOu', '2022-08-11 06:21:51', '2022-08-11 06:21:51', '2022-08-12 16:35:13');
INSERT INTO `system_session` (`id`, `user_id`, `key`, `password_hash`, `created_at`, `updated_at`, `deleted_at`) VALUES ('f6007156-5ad3-4459-aaee-4783ae7875a7', '1', '48db6290-7c8f-46e7-b90d-caf49cc92de9', '$2a$10$fEfkf66Q91Jyef27VFMBYeYJkX.6aJFcXig7SQtsoixvsdoS0aIOu', '2022-08-22 15:22:47', '2022-08-22 15:22:47', '2022-08-22 15:54:41');
INSERT INTO `system_session` (`id`, `user_id`, `key`, `password_hash`, `created_at`, `updated_at`, `deleted_at`) VALUES ('f61e1dad-3b5a-461f-81d9-4b5c6a179a3a', '1', '718ffe4f-1453-491c-b079-d135cea5158c', '$2a$10$fEfkf66Q91Jyef27VFMBYeYJkX.6aJFcXig7SQtsoixvsdoS0aIOu', '2022-08-09 22:30:12', '2022-08-09 22:30:12', '2022-08-10 12:50:26');
INSERT INTO `system_session` (`id`, `user_id`, `key`, `password_hash`, `created_at`, `updated_at`, `deleted_at`) VALUES ('f6b2350c-08ad-4794-ac4f-bdd5cd326ad6', '1', '759d254a-de12-47a4-a7c2-0de85f3b3485', '$2a$10$fEfkf66Q91Jyef27VFMBYeYJkX.6aJFcXig7SQtsoixvsdoS0aIOu', '2022-07-10 21:10:58', '2022-07-10 21:14:54', '2022-07-10 21:14:54');
INSERT INTO `system_session` (`id`, `user_id`, `key`, `password_hash`, `created_at`, `updated_at`, `deleted_at`) VALUES ('f83791c5-9fa5-4058-8fa0-c142b61d0238', '1', 'ba7ee328-bb85-43e3-b924-470c3ff1cea0', '$2a$10$fEfkf66Q91Jyef27VFMBYeYJkX.6aJFcXig7SQtsoixvsdoS0aIOu', '2022-08-25 11:47:25', '2022-08-25 11:47:25', '2022-08-25 16:04:07');
INSERT INTO `system_session` (`id`, `user_id`, `key`, `password_hash`, `created_at`, `updated_at`, `deleted_at`) VALUES ('f9199524-ab19-404c-ac8e-541d704e7da6', '1', 'ba5a8664-9c04-4e79-b2ce-e2aadff55ff4', '$2a$10$fEfkf66Q91Jyef27VFMBYeYJkX.6aJFcXig7SQtsoixvsdoS0aIOu', '2022-05-19 20:40:46', '2022-05-19 20:40:46', '2022-05-19 22:20:49');
INSERT INTO `system_session` (`id`, `user_id`, `key`, `password_hash`, `created_at`, `updated_at`, `deleted_at`) VALUES ('fa660360-2845-4436-90a6-9d9d36ef3118', '1', '09106c48-e815-461a-9dee-c1519a701cb0', '$2a$10$fEfkf66Q91Jyef27VFMBYeYJkX.6aJFcXig7SQtsoixvsdoS0aIOu', '2022-06-12 11:47:51', '2022-06-12 11:47:51', '2022-06-12 17:20:08');
INSERT INTO `system_session` (`id`, `user_id`, `key`, `password_hash`, `created_at`, `updated_at`, `deleted_at`) VALUES ('fa8f1ea2-6075-4c29-98b6-b7d243ead4ef', '1', 'c36d991e-5279-442e-9156-71f9de8c9786', '$2a$10$fEfkf66Q91Jyef27VFMBYeYJkX.6aJFcXig7SQtsoixvsdoS0aIOu', '2022-06-20 18:15:32', '2022-06-20 18:16:07', '2022-06-20 18:16:07');
INSERT INTO `system_session` (`id`, `user_id`, `key`, `password_hash`, `created_at`, `updated_at`, `deleted_at`) VALUES ('fab88b1c-c3ab-42fe-9cc3-fcbb774cd478', '1', 'f08610d5-7a37-4203-93a4-3ade6bf494f5', '$2a$10$fEfkf66Q91Jyef27VFMBYeYJkX.6aJFcXig7SQtsoixvsdoS0aIOu', '2022-05-11 11:22:06', '2022-05-11 11:22:06', '2022-05-11 12:20:38');
INSERT INTO `system_session` (`id`, `user_id`, `key`, `password_hash`, `created_at`, `updated_at`, `deleted_at`) VALUES ('fafe61c9-997f-4705-99aa-3f3aabadb3dd', '1', 'fec5e379-5a9c-42bd-a71f-e349f2fa7a34', '$2a$10$fEfkf66Q91Jyef27VFMBYeYJkX.6aJFcXig7SQtsoixvsdoS0aIOu', '2022-08-22 08:56:56', '2022-08-22 08:56:56', '2022-08-22 10:03:13');
INSERT INTO `system_session` (`id`, `user_id`, `key`, `password_hash`, `created_at`, `updated_at`, `deleted_at`) VALUES ('fbfd77fa-0f17-408e-9add-af6c1cd4e618', '1', '5c628da4-f41e-445b-b106-7a06eb342e07', '$2a$10$fEfkf66Q91Jyef27VFMBYeYJkX.6aJFcXig7SQtsoixvsdoS0aIOu', '2022-04-29 08:42:28', '2022-04-29 08:42:28', '2022-04-29 14:38:51');
INSERT INTO `system_session` (`id`, `user_id`, `key`, `password_hash`, `created_at`, `updated_at`, `deleted_at`) VALUES ('fcc0c547-0b10-40c4-a375-9d860e3484e0', '1', 'ed84fa3c-bd86-40de-92f4-65b716be96fc', '$2a$10$fEfkf66Q91Jyef27VFMBYeYJkX.6aJFcXig7SQtsoixvsdoS0aIOu', '2022-07-12 20:50:08', '2022-07-12 20:50:08', '2022-07-13 08:02:49');
INSERT INTO `system_session` (`id`, `user_id`, `key`, `password_hash`, `created_at`, `updated_at`, `deleted_at`) VALUES ('fd723391-aadd-4823-9be7-72a7997f39bf', '1', '82a324d2-8217-4f7d-948f-e3c2f4d73571', '$2a$10$fEfkf66Q91Jyef27VFMBYeYJkX.6aJFcXig7SQtsoixvsdoS0aIOu', '2022-08-05 16:14:36', '2022-08-05 16:17:15', '2022-08-05 16:17:15');
INSERT INTO `system_session` (`id`, `user_id`, `key`, `password_hash`, `created_at`, `updated_at`, `deleted_at`) VALUES ('fe19d161-06fd-4cd9-89db-36e80a50f09a', '1', 'b288ebac-6ea9-41c5-a172-aa15cb30c29f', '$2a$10$fEfkf66Q91Jyef27VFMBYeYJkX.6aJFcXig7SQtsoixvsdoS0aIOu', '2022-06-13 21:57:31', '2022-06-13 21:58:30', '2022-06-13 21:58:30');
INSERT INTO `system_session` (`id`, `user_id`, `key`, `password_hash`, `created_at`, `updated_at`, `deleted_at`) VALUES ('fe55d51c-5901-4e22-8b1f-9639a276f9b9', '1', '9cf4a318-295e-4f44-bd81-0e8845b6a869', '$2a$10$fEfkf66Q91Jyef27VFMBYeYJkX.6aJFcXig7SQtsoixvsdoS0aIOu', '2022-07-11 13:02:05', '2022-07-11 13:03:29', '2022-07-11 13:03:29');
INSERT INTO `system_session` (`id`, `user_id`, `key`, `password_hash`, `created_at`, `updated_at`, `deleted_at`) VALUES ('ff960886-c8bd-4ae7-b8d6-d25c573fb961', '1', '4dfd8c6b-ed78-46d1-b52b-6f5f19f22a42', '$2a$10$fEfkf66Q91Jyef27VFMBYeYJkX.6aJFcXig7SQtsoixvsdoS0aIOu', '2022-07-10 21:16:38', '2022-07-10 21:17:13', '2022-07-10 21:17:13');
INSERT INTO `system_session` (`id`, `user_id`, `key`, `password_hash`, `created_at`, `updated_at`, `deleted_at`) VALUES ('fffeaff5-1cff-40cc-91ac-aef7e2581947', '1', 'cef71cd9-7a12-475d-a208-e3a7d274d94e', '$2a$10$fEfkf66Q91Jyef27VFMBYeYJkX.6aJFcXig7SQtsoixvsdoS0aIOu', '2022-05-13 15:48:33', '2022-05-13 15:48:33', '2022-05-13 15:50:58');
COMMIT;

-- ----------------------------
-- Table structure for system_user
-- ----------------------------
DROP TABLE IF EXISTS `system_user`;
CREATE TABLE `system_user` (
  `id` char(36) CHARACTER SET utf8mb4 COLLATE utf8mb4_bin NOT NULL,
  `username` varchar(255) DEFAULT NULL COMMENT '用户名',
  `password` varchar(255) DEFAULT NULL COMMENT '密码',
  `display_name` varchar(255) DEFAULT NULL COMMENT '显示名称',
  `real_name` varchar(255) DEFAULT NULL COMMENT '真实名称',
  `position` varchar(255) DEFAULT NULL COMMENT '职位',
  `company` varchar(255) DEFAULT NULL COMMENT '公司',
  `email` varchar(255) DEFAULT NULL COMMENT '邮箱',
  `mobile` varchar(255) DEFAULT NULL COMMENT '手机',
  `sex` enum('1','2') DEFAULT '1' COMMENT '性别：1:男 2：女',
  `avatar` varchar(255) DEFAULT NULL COMMENT '头像',
  `introduction` varchar(255) DEFAULT NULL COMMENT '简介',
  `github_id` varchar(255) DEFAULT NULL COMMENT 'githubId',
  `status` enum('1','2') DEFAULT '1' COMMENT '状态：1:启用 2：禁用',
  `created_at` datetime NOT NULL,
  `updated_at` datetime NOT NULL,
  `deleted_at` datetime DEFAULT NULL,
  PRIMARY KEY (`id`)
) ENGINE=InnoDB DEFAULT CHARSET=utf8mb4 COLLATE=utf8mb4_0900_ai_ci COMMENT='系统-用户表';

-- ----------------------------
-- Records of system_user
-- ----------------------------
BEGIN;
INSERT INTO `system_user` (`id`, `username`, `password`, `display_name`, `real_name`, `position`, `company`, `email`, `mobile`, `sex`, `avatar`, `introduction`, `github_id`, `status`, `created_at`, `updated_at`, `deleted_at`) VALUES ('0cc320ca-a02d-4bc5-8fb7-57ae423a765b', '12', '$2a$10$QmALOAKIJMAChXJQlGDbUeXYONeu6S2T8JBF0WTXt2GQL9NrVr7Ey', '', '12', NULL, NULL, '', '12', '1', '', '', NULL, '1', '2021-09-07 22:11:48', '2021-09-07 22:12:12', '2021-09-07 22:12:12');
INSERT INTO `system_user` (`id`, `username`, `password`, `display_name`, `real_name`, `position`, `company`, `email`, `mobile`, `sex`, `avatar`, `introduction`, `github_id`, `status`, `created_at`, `updated_at`, `deleted_at`) VALUES ('0ec76a3c-14f9-444b-977b-3a3466fe363c', 'zhangsan', '$2a$10$jQxIbMl1a6ho1wMcOIvb4OXzwOluYyej.L8XenMH7Y7ZPHncprq/C', '', 'zhangsan', NULL, NULL, '', '13173013779', '1', '', '', NULL, '1', '2022-03-24 10:20:04', '2022-03-24 10:20:04', NULL);
INSERT INTO `system_user` (`id`, `username`, `password`, `display_name`, `real_name`, `position`, `company`, `email`, `mobile`, `sex`, `avatar`, `introduction`, `github_id`, `status`, `created_at`, `updated_at`, `deleted_at`) VALUES ('1', 'admin', '$2a$10$fEfkf66Q91Jyef27VFMBYeYJkX.6aJFcXig7SQtsoixvsdoS0aIOu', '管理员', '超级管理员', NULL, NULL, 'hilanmiao@126.com', '18353674768', '1', '/public/upload/avatars/2022/10/11/1665457005845113.jpg', '努力做一个不平凡的人，同时做好平凡的事！', NULL, '1', '2021-04-01 00:00:00', '2022-11-11 11:43:29', NULL);
INSERT INTO `system_user` (`id`, `username`, `password`, `display_name`, `real_name`, `position`, `company`, `email`, `mobile`, `sex`, `avatar`, `introduction`, `github_id`, `status`, `created_at`, `updated_at`, `deleted_at`) VALUES ('6aff90c3-3615-426d-b2be-beb1cd617dfb', '123', '$2a$10$l/C4wlYvVZGeATZpgrnK2OXUiVN5YoaxTlF1rvF0tteIf5LUctNcK', '', '', NULL, NULL, '', '123', '1', '', '', NULL, '1', '2022-07-10 21:17:08', '2022-07-10 21:17:08', NULL);
INSERT INTO `system_user` (`id`, `username`, `password`, `display_name`, `real_name`, `position`, `company`, `email`, `mobile`, `sex`, `avatar`, `introduction`, `github_id`, `status`, `created_at`, `updated_at`, `deleted_at`) VALUES ('7147ca09-0930-4d41-b3d1-3d684d9ee85e', 'hy', '$2a$10$0MBYfjPQJZgmKGEETMn7meTZji4XHvgT5C.c33ZvHkiw2SKtWAmPK', 'Kris', '桑鸿煜', NULL, NULL, 'sheepking@vip.qq.com', '15000903896', '1', '', '', NULL, '1', '2022-02-26 05:33:13', '2022-02-26 05:33:13', NULL);
INSERT INTO `system_user` (`id`, `username`, `password`, `display_name`, `real_name`, `position`, `company`, `email`, `mobile`, `sex`, `avatar`, `introduction`, `github_id`, `status`, `created_at`, `updated_at`, `deleted_at`) VALUES ('85dd811f-d50b-4083-8981-ae11b4694d32', 'test2', '$2a$10$iajx6r8HFH5QXAVdo6rEHeqMZVcGI7NGy6Kd3GFNKJVosY4DvEfSu', '', '', NULL, NULL, '', '18353674768', '1', '', '', NULL, '1', '2021-12-06 19:57:34', '2022-02-26 05:30:18', '2022-02-26 05:30:18');
INSERT INTO `system_user` (`id`, `username`, `password`, `display_name`, `real_name`, `position`, `company`, `email`, `mobile`, `sex`, `avatar`, `introduction`, `github_id`, `status`, `created_at`, `updated_at`, `deleted_at`) VALUES ('8e582792-7b56-4d43-83c3-a020941f3208', 'test', '$2a$10$5Cc867rYiXgHklz5vuND8uG.VP13bDnPPJ5sYG0Q9qMEgd/GQK05.', '', '', NULL, NULL, '', '18353674768', '1', '', '', NULL, '1', '2021-12-03 10:59:58', '2022-02-26 05:30:18', '2022-02-26 05:30:18');
INSERT INTO `system_user` (`id`, `username`, `password`, `display_name`, `real_name`, `position`, `company`, `email`, `mobile`, `sex`, `avatar`, `introduction`, `github_id`, `status`, `created_at`, `updated_at`, `deleted_at`) VALUES ('b1040cd0-3ca8-4a35-80ae-ad8948499000', '147258', '$2a$10$Ndd6lTJFF0A81ThxRmzSZeRACWLATIpPdZ9XjD51i8BQRUMQVji8G', '', '', NULL, NULL, '', '13780725252', '1', '', '', NULL, '1', '2022-02-22 15:10:04', '2022-02-26 05:30:18', '2022-02-26 05:30:18');
COMMIT;

-- ----------------------------
-- Table structure for system_user_role
-- ----------------------------
DROP TABLE IF EXISTS `system_user_role`;
CREATE TABLE `system_user_role` (
  `id` char(36) CHARACTER SET utf8mb4 COLLATE utf8mb4_bin NOT NULL,
  `user_id` char(36) CHARACTER SET utf8mb4 COLLATE utf8mb4_bin DEFAULT NULL COMMENT '用户Id',
  `role_id` char(36) CHARACTER SET utf8mb4 COLLATE utf8mb4_bin DEFAULT NULL COMMENT '角色Id',
  `created_at` datetime NOT NULL,
  `updated_at` datetime NOT NULL,
  PRIMARY KEY (`id`) USING BTREE
) ENGINE=InnoDB DEFAULT CHARSET=utf8mb4 COLLATE=utf8mb4_0900_ai_ci ROW_FORMAT=DYNAMIC COMMENT='系统-用户角色表';

-- ----------------------------
-- Records of system_user_role
-- ----------------------------
BEGIN;
INSERT INTO `system_user_role` (`id`, `user_id`, `role_id`, `created_at`, `updated_at`) VALUES ('01f0c600-ca98-4704-9808-f924653aadd2', '6aff90c3-3615-426d-b2be-beb1cd617dfb', '2', '2022-07-10 21:17:08', '2022-07-10 21:17:08');
INSERT INTO `system_user_role` (`id`, `user_id`, `role_id`, `created_at`, `updated_at`) VALUES ('5cfadc31-9846-4864-84ae-9bc1c46924ec', '0ec76a3c-14f9-444b-977b-3a3466fe363c', '2', '2022-03-24 10:20:04', '2022-03-24 10:20:04');
INSERT INTO `system_user_role` (`id`, `user_id`, `role_id`, `created_at`, `updated_at`) VALUES ('82b69785-b9fc-4579-b1af-b2f8165b6164', '7147ca09-0930-4d41-b3d1-3d684d9ee85e', '2', '2022-02-26 05:33:14', '2022-02-26 05:33:14');
INSERT INTO `system_user_role` (`id`, `user_id`, `role_id`, `created_at`, `updated_at`) VALUES ('e953fff6-88d1-466c-8f75-2ef49d71b248', '1', '1', '2022-03-21 21:04:21', '2022-03-21 21:04:21');
COMMIT;

SET FOREIGN_KEY_CHECKS = 1;
